Authors,Author full names,Title,Abstract,Cited by,Year,DOI,Link,Pembagian,Include/Exclude,Model ViT,Model Machine Learning/Deep Learning,Datasets,Negara Objek Penelitian,Tantangan/Research Gap
Borhani Y.; Khoramdel J.; Najafi E.,"Borhani, Yasamin (57562523300); Khoramdel, Javad (57216709284); Najafi, Esmaeil (57990158100)",A deep learning based approach for automated plant disease classification using vision transformer,"Plant disease can diminish a considerable portion of the agricultural products on each farm. The main goal of this work is to provide visual information for the farmers to enable them to take the necessary preventive measures. A lightweight deep learning approach is proposed based on the Vision Transformer (ViT) for real-time automated plant disease classification. In addition to the ViT, the classical convolutional neural network (CNN) methods and the combination of CNN and ViT have been implemented for the plant disease classification. The models have been trained and evaluated on multiple datasets. Based on the comparison between the obtained results, it is concluded that although attention blocks increase the accuracy, they decelerate the prediction. Combining attention blocks with CNN blocks can compensate for the speed. © 2022, The Author(s).",283,2022,10.1038/s41598-022-15163-0,https://www.scopus.com/pages/publications/85133584864?origin=resultslist,Alzam,Include,ViT,CNN,Beberapa Dataset,-,Blok atensi meningkatkan akurasi tetapi memperlambat kecepatan prediksi.
Ngugi H.N.; Ezugwu A.E.; Akinyelu A.A.; Abualigah L.,"Ngugi, Habiba N. (57879297300); Ezugwu, Absalom E. (56458836000); Akinyelu, Andronicus A. (56132371000); Abualigah, Laith (57190984712)",Revolutionizing crop disease detection with computational deep learning: a comprehensive review,"Digital image processing has witnessed a significant transformation, owing to the adoption of deep learning (DL) algorithms, which have proven to be vastly superior to conventional methods for crop detection. These DL algorithms have recently found successful applications across various domains, translating input data, such as images of afflicted plants, into valuable insights, like the identification of specific crop diseases. This innovation has spurred the development of cutting-edge techniques for early detection and diagnosis of crop diseases, leveraging tools such as convolutional neural networks (CNN), K-nearest neighbour (KNN), support vector machines (SVM), and artificial neural networks (ANN). This paper offers an all-encompassing exploration of the contemporary literature on methods for diagnosing, categorizing, and gauging the severity of crop diseases. The review examines the performance analysis of the latest machine learning (ML) and DL techniques outlined in these studies. It also scrutinizes the methodologies and datasets and outlines the prevalent recommendations and identified gaps within different research investigations. As a conclusion, the review offers insights into potential solutions and outlines the direction for future research in this field. The review underscores that while most studies have concentrated on traditional ML algorithms and CNN, there has been a noticeable dearth of focus on emerging DL algorithms like capsule neural networks and vision transformers. Furthermore, it sheds light on the fact that several datasets employed for training and evaluating DL models have been tailored to suit specific crop types, emphasizing the pressing need for a comprehensive and expansive image dataset encompassing a wider array of crop varieties. Moreover, the survey draws attention to the prevailing trend where the majority of research endeavours have concentrated on individual plant diseases, ML, or DL algorithms. In light of this, it advocates for the development of a unified framework that harnesses an ensemble of ML and DL algorithms to address the complexities of multiple plant diseases effectively. © The Author(s) 2024.",151,2024,10.1007/s10661-024-12454-z,https://www.scopus.com/pages/publications/85185835056?origin=resultslist,Alzam,Exclude,ViT,CNN; KNN; SVM; ANN,Berbagai Dataset,-,Diklasifikasikan sebagai ulasan komprehensif (Comprehensive Review).
Thakur P.S.; Chaturvedi S.; Khanna P.; Sheorey T.; Ojha A.,"Thakur, Poornima Singh (57224410029); Chaturvedi, Shubhangi (57203920803); Khanna, Pritee (36600534600); Sheorey, Tanuja (6507261863); Ojha, Aparajita (37049194800)",Vision transformer meets convolutional neural network for plant disease classification,"Plant diseases are the primary cause of crop losses globally, which have an impact on the world economy. To deal with these issues, new agriculture solutions are evolving that combine the Internet of Things and machine learning for early disease detection and control. Most of these systems use machine learning and computer vision for real-time disease identification and diagnosis. With advancements in deep learning techniques, various methods have emerged that employ convolutional neural networks for plant disease detection and identification. More recently, vision transformers have attracted the attention of researchers due to their strikingly better performance in classification problems in different vision-based applications. Accordingly, researchers have begun to explore vision transformers for plant pathology applications as well. In the present work, a hybrid model is proposed that combines the strength of a vision transformer with the inherent feature extraction capability of convolutional neural networks for disease identification using plant leaves. It can efficiently identify a large number of plant diseases for several crops. The proposed model has a lightweight structure with only 0.85 million trainable parameters, which makes it suitable for IoT-based agriculture systems. The performance of the proposed model is compared against nine state-of-the-art techniques on five publicly available datasets. The model is shown to outperform all nine methods even under challenging background conditions. On ‘PlantVillage’ dataset it achieves 98.86% accuracy and 98.9% precision, while on ‘Embrapa’, it shows 89.24% accuracy and 91.17% precision. On small datasets too its performance is better than other competing methods. Explainability of the proposed model is evaluated using gradient-weighted class activation maps and local interpretable model-agnostic explanations. © 2023",119,2023,10.1016/j.ecoinf.2023.102245,https://www.scopus.com/pages/publications/85169918103?origin=resultslist,Alzam,Include,ViT,CNN,PlantVillage; Embrapa,-,Kebutuhan akan model ringan yang efisien dalam kondisi latar belakang yang menantang.
Tabbakh A.; Barpanda S.S.,"Tabbakh, Amer (57217293117); Barpanda, Soubhagya Sankar (35174208400)",A Deep Features Extraction Model Based on the Transfer Learning Model and Vision Transformer 'TLMViT' for Plant Disease Classification,"This paper proposes a novel approach for extracting deep features and classifying diseased plant leaves. The agriculture industry is negatively impacted by plant diseases causing crop and economic loss. Accurate and timely diagnosis is crucial for managing and controlling plant diseases, as traditional methods can be costly and time-consuming. Deep learning-based tools effectively detect plant diseases depending on the qualitative of extracted features. In this regard, a hybrid model for plant disease classification based on a Transfer Learning-based model followed by a vision transformer (TLMViT) is proposed. TLMViT has four stages: 1) data acquisition, where the PlantVillage and wheat datasets are used to train and evaluate the proposed model, 2) image augmentation to increase the number of training samples and overcome the overfitting issue, 3) leaf feature extraction by two consecutive phases: initial features extraction by using pre-trained based model and deep features extraction by using ViT model, and 4) classification by using MLP classifier. TLMViT is experimented with using five pre-trained-based models followed by ViT individually. TLMViT performs accurately in plant disease classification, obtaining 98.81% and 99.86% validation accuracy for VGG19 followed by the ViT model on PlantVillage and wheat datasets respectively. Moreover, TLMViT is compared with pre-trained-based architecture. The comparison result illustrates that TLMViT achieved an enhancement of 1.11% and 1.099% in validation accuracy, 2.576% and 2.92% in validation loss compared with the transfer learning-based model for PlantVillage and wheat datasets respectively. Thereby proposed model proves the efficiency of using ViT for extracting deep features from the leaf. © 2013 IEEE.",115,2023,10.1109/ACCESS.2023.3273317,https://www.scopus.com/pages/publications/85159749614?origin=resultslist,Alzam,Include,TLMViT,MLP Classifier; DL,PlantVillage; Wheat,-,Biaya tinggi dan waktu lama yang dibutuhkan metode diagnosis tradisional.
Parez S.; Dilshad N.; Alghamdi N.S.; Alanazi T.M.; Lee J.W.,"Parez, Sana (58533861700); Dilshad, Naqqash (57190569304); Alghamdi, Norah Saleh (57215928438); Alanazi, Turki M. (57201554813); Lee, Jong Weon (8948633800)",Visual Intelligence in Precision Agriculture: Exploring Plant Disease Detection via Efficient Vision Transformers,"In order for a country’s economy to grow, agricultural development is essential. Plant diseases, however, severely hamper crop growth rate and quality. In the absence of domain experts and with low contrast information, accurate identification of these diseases is very challenging and time-consuming. This leads to an agricultural management system in need of a method for automatically detecting disease at an early stage. As a consequence of dimensionality reduction, CNN-based models use pooling layers, which results in the loss of vital information, including the precise location of the most prominent features. In response to these challenges, we propose a fine-tuned technique, GreenViT, for detecting plant infections and diseases based on Vision Transformers (ViTs). Similar to word embedding, we divide the input image into smaller blocks or patches and feed these to the ViT sequentially. Our approach leverages the strengths of ViTs in order to overcome the problems associated with CNN-based models. Experiments on widely used benchmark datasets were conducted to evaluate the proposed GreenViT performance. Based on the obtained experimental outcomes, the proposed technique outperforms state-of-the-art (SOTA) CNN models for detecting plant diseases. © 2023 by the authors.",103,2023,10.3390/s23156949,https://www.scopus.com/pages/publications/85167775592?origin=resultslist,Alzam,Include,GreenViT,CNN,Benchmark Datasets,-,Kurangnya ahli domain dan informasi kontras rendah pada gambar penyakit.
Mamba Kabala D.; Hafiane A.; Bobelin L.; Canals R.,"Mamba Kabala, Denis (58528411300); Hafiane, Adel (23396705600); Bobelin, Laurent (26029363900); Canals, Raphaël (55963949500)",Image-based crop disease detection with federated learning,"Crop disease detection and management is critical to improving productivity, reducing costs, and promoting environmentally friendly crop treatment methods. Modern technologies, such as data mining and machine learning algorithms, have been used to develop automated crop disease detection systems. However, centralized approach to data collection and model training induces challenges in terms of data privacy, availability, and transfer costs. To address these challenges, federated learning appears to be a promising solution. In this paper, we explored the application of federated learning for crop disease classification using image analysis. We developed and studied convolutional neural network (CNN) models and those based on attention mechanisms, in this case vision transformers (ViT), using federated learning, leveraging an open access image dataset from the “PlantVillage” platform. Experiments conducted concluded that the performance of models trained by federated learning is influenced by the number of learners involved, the number of communication rounds, the number of local iterations and the quality of the data. With the objective of highlighting the potential of federated learning in crop disease classification, among the CNN models tested, ResNet50 performed better in several experiments than the other models, and proved to be an optimal choice, but also the most suitable for a federated learning scenario. The ViT_B16 and ViT_B32 Vision Transformers require more computational time, making them less suitable in a federated learning scenario, where computational time and communication costs are key parameters. The paper provides a state-of-the-art analysis, presents our methodology and experimental results, and concludes with ideas and future directions for our research on using federated learning in the context of crop disease classification. © 2023, The Author(s).",84,2023,10.1038/s41598-023-46218-5,https://www.scopus.com/pages/publications/85175792200?origin=resultslist,Alzam,Include,ViT-B/16; ViT-B/32,ResNet-50; CNN,PlantVillage,-,"Tantangan privasi data, ketersediaan, dan biaya transfer dalam pengumpulan data terpusat."
De Silva M.; Brown D.,"De Silva, Malithi (57889612300); Brown, Dane (58237408000)",Multispectral Plant Disease Detection with Vision Transformer-Convolutional Neural Network Hybrid Approaches,"Plant diseases pose a critical threat to global agricultural productivity, demanding timely detection for effective crop yield management. Traditional methods for disease identification are laborious and require specialised expertise. Leveraging cutting-edge deep learning algorithms, this study explores innovative approaches to plant disease identification, combining Convolutional Neural Networks (CNNs) and Vision Transformers (ViTs) to enhance accuracy. A multispectral dataset was meticulously collected to facilitate this research using six 50 mm filter filters, covering both the visible and several near-infrared (NIR) wavelengths. Among the models employed, ViT-B16 notably achieved the highest test accuracy, precision, recall, and F1 score across all filters, with averages of 83.3%, 90.1%, 90.75%, and 89.5%, respectively. Furthermore, a comparative analysis highlights the pivotal role of balanced datasets in selecting the appropriate wavelength and deep learning model for robust disease identification. These findings promise to advance crop disease management in real-world agricultural applications and contribute to global food security. The study underscores the significance of machine learning in transforming plant disease diagnostics and encourages further research in this field.",83,2023,10.3390/s23208531,https://www.scopus.com/pages/publications/85175272139?origin=resultslist,Alzam,Include,ViT-B/16,CNN,Multispectral (Visible & NIR),-,Pentingnya dataset yang seimbang dalam pemilihan model deep learning yang kuat.
Thakur P.S.; Khanna P.; Sheorey T.; Ojha A.,"Thakur, Poornima Singh (57224410029); Khanna, Pritee (36600534600); Sheorey, Tanuja (6507261863); Ojha, Aparajita (37049194800)",Vision Transformer for Plant Disease Detection: PlantViT,"With the COVID-19 pandemic outbreak, most countries have limited their grain exports, which has resulted in acute food shortages and price escalation in many countries. An increase in agriculture production is important to control price escalation and reduce the number of people suffering from acute hunger. But crop loss due to pests and plant diseases has also been rising worldwide, inspite of various smart agriculture solutions to control the damage. Out of several approaches, computer vision-based food security systems have shown promising performance, and some pilot projects have also been successfully implemented to issue advisories to farmers based on image-based farm condition monitoring. Several image processing, machine learning, and deep learning techniques have been proposed by researchers for automatic disease detection and identification. Although recent deep learning solutions are quite promising, most of them are either inspired by ILSVRC architectures with high memory and computational requirements, or light convolutional neural network (CNN) based models that have a limited degree of generalization. Thus, building a lightweight and compact CNN based model is a challenging task. In this paper, a transformer-based automatic disease detection model “PlantViT"" has been proposed, which is a hybrid model of a CNN and a Vision Transformer. The aim is to identify plant diseases from images of leaves by developing a Vision Transformer-based deep learning technique. The model takes the capabilities of CNNs and the Vision Transformer. The Vision Transformer is based on a multi-head attention module. The experiment has been evaluated on two large-scale open-source plant disease detection datasets: PlantVillage and Embrapa. Experimental results show that the proposed model can achieve 98.61% and 87.87% accuracy on the PlantVillage and Embrapa datasets, respectively. The PlantViT can obtain significant improvement over the current state-of-the-art methods in plant disease detection. © 2022, The Author(s), under exclusive license to Springer Nature Switzerland AG.",65,2022,10.1007/978-3-031-11346-8_43,https://www.scopus.com/pages/publications/85135028272?origin=resultslist,Alzam,Include,PlantViT,CNN,PlantVillage; Embrapa,-,Model CNN saat ini memiliki kebutuhan memori dan komputasi yang tinggi atau generalisasi yang terbatas.
Sandhya Devi R.S.; Vijay Kumar V.R.; Sivakumar P.,"Sandhya Devi, R.S. (56736887600); Vijay Kumar, V.R. (16319533900); Sivakumar, P. (57191604313)",EfficientNetV2 Model for Plant Disease Classification and Pest Recognition,"Plant disease classification and prevention of spreading of the disease at earlier stages based on visual leaves symptoms and Pest recognition through deep learning-based image classification is in the forefront of research. To perform the investigation on Plant and pest classification, Transfer Learning (TL) approach is used on EfficientNet-V2. TL requires limited labelled data and shorter training time. However, the limitation of TL is the pre-trained model network's topology is static and the knowledge acquired is detrimentally overwriting the old parameters. EfficientNet-V2 is a Convolutional Neural Network (CNN) model with significant high speed learning rates across variable sized datasets. The model employs a form of progressive learning mechanism which expands the network topology gradually over the course of training process improving the model's learning capacity. This provides a better interpretability of the model's understanding on the test domains. With these insights, our work investigates the effectiveness of EfficienetV2 model trained on a class imbalanced dataset for plant disease classification and pest recognition by means of combining TL and progressive learning approach. This Progressive Learning for TL (PL-TL) is used in our work consisting of 38 classes of PlantVillage dataset of crops and fruit species, 5 classes of cassava leaf diseases and another dataset with around 102 classes of crop pest images downloaded from popular dataset platforms, though it is not a benchmark dataset. To test the predictability rate of the model in classifying leaf diseases with similar visual symptoms, Mix-up data augmentation technique is used at the ratio of 1:4 on corn and tomato classes which has high probability of misinterpretation of disease classes. Also, the paper compares the TL approach performed on the above mentioned three types of data set using well established CNN based Inceptionv3, and Vision Transformer a non-CNN model. It clearly depicts that EfficientNetV2 has an outstanding performance of 99.5%, 97.5%, 80.1% on Cassava, PlantVillage and IP102 datasets respectively at a faster rate irrespective of the data size and class distribution as compared to Inception-V3 and ViT models.The performance metrics in terms of accuracy, precision, f1-score is also studied. © 2023 CRL Publishing. All rights reserved.",61,2023,10.32604/csse.2023.032231,https://www.scopus.com/pages/publications/85143911240?origin=resultslist,Alzam,Include,ViT,EfficientNetV2; Inception-V3,PlantVillage; Cassava; IP102,-,Ketidakseimbangan data (class imbalance) dan kebutuhan interpretasi model yang lebih baik.
Wang H.; Nguyen T.-H.; Nguyen T.N.; Dang M.,"Wang, Hanxiang (57212682280); Nguyen, Tri-Hai (57209167008); Nguyen, Tan N. (57192179687); Dang, Minh (57201389017)",PD-TR: End-to-end plant diseases detection using a transformer,"Plant diseases have a significant impact on both the quantity and quality of crop yields. Therefore, the timely detection of these diseases is crucial for facilitating early treatment. Given that most plant diseases affect leaves and fruits, visually inspecting plants for disease symptoms has become increasingly vital to minimize potential damage. In the field of precision agriculture, achieving accurate and rapid automated identification of plant diseases has become essential. To address this challenge, various computer vision and deep learning-based models have been employed. Thanks to their impressive performance, deep learning has emerged as the preferred method for plant disease detection. In this context, we present an effective plant disease identification framework based on a transformer structure, designed to capture long-range features. Additionally, we suggest enhancements such as BatchFormerV2, the layer-wise adaptive moments optimizer for batch training (LAMB), and complete intersection over union (CIoU) loss to the original model. These additions enrich the model's ability to learn fine-grained features and stabilize the training process. Importantly, the proposed model is interpretable, as demonstrated by the analysis of attention weights to make the prediction process transparent and comprehensible. The proposed model outperforms previous convolutional and vision transformer-based models. The model achieves the highest mAP value of 56.3 on the large-scale plant disease dataset used in this study. © 2024 Elsevier B.V.",50,2024,10.1016/j.compag.2024.109123,https://www.scopus.com/pages/publications/85195429508?origin=resultslist,Alzam,Include,PD-TR,DL,Dataset Skala Besar,-,Kebutuhan untuk menangkap fitur fine-grained dan menstabilkan proses pelatihan.
Gole P.; Bedi P.; Marwaha S.; Haque M.A.; Deb C.K.,"Gole, Pushkar (57217176544); Bedi, Punam (23983967400); Marwaha, Sudeep (23985883700); Haque, Md. Ashraful (59446614200); Deb, Chandan Kumar (57170045600)",TrIncNet: a lightweight vision transformer network for identification of plant diseases,"In the agricultural sector, identifying plant diseases at their earliest possible stage of infestation still remains a huge challenge with respect to the maximization of crop production and farmers’ income. In recent years, advanced computer vision techniques like Vision Transformers (ViTs) are being successfully applied to identify plant diseases automatically. However, the MLP module in existing ViTs is computationally expensive as well as inefficient in extracting promising features from diseased images. Therefore, this study proposes a comparatively lightweight and improved vision transformer network, also known as “TrIncNet” for plant disease identification. In the proposed network, we introduced a modified encoder architecture a.k.a. Trans-Inception block in which the MLP block of existing ViT was replaced by a custom inception block. Additionally, each Trans-Inception block is surrounded by a skip connection, making it much more resistant to the vanishing gradient problem. The applicability of the proposed network for identifying plant diseases was assessed using two plant disease image datasets viz: PlantVillage dataset and Maize disease dataset (contains in-field images of Maize diseases). The comparative performance analysis on both datasets reported that the proposed TrIncNet network outperformed the state-of-the-art CNN architectures viz: VGG-19, GoogLeNet, ResNet-50, Xception, InceptionV3, and MobileNet. Moreover, the experimental results also showed that the proposed network had achieved 5.38% and 2.87% higher testing accuracy than the existing ViT network on both datasets, respectively. Therefore, the lightweight nature and improved prediction performance make the proposed network suitable for being integrated with IoT devices to assist the stakeholders in identifying plant diseases at the field level. Copyright © 2023 Gole, Bedi, Marwaha, Haque and Deb.",49,2023,10.3389/fpls.2023.1221557,https://www.scopus.com/pages/publications/85167622289?origin=resultslist,Alzam,Include,TrIncNet,VGG-19; GoogLeNet; ResNet-50,PlantVillage; Maize,-,Modul MLP pada ViT yang ada mahal secara komputasi dan tidak efisien dalam ekstraksi fitur.
Hemalatha S.; Jayachandran J.J.B.,"Hemalatha, S. (58966933900); Jayachandran, Jai Jaganath Babu (35809919400)",A Multitask Learning-Based Vision Transformer for Plant Disease Localization and Classification,"Plant disease detection is a critical task in agriculture, essential for ensuring crop health and productivity. Traditional methods in this context are often labor-intensive and prone to errors, highlighting the need for automated solutions. While computer vision-based solutions have been successfully deployed in recent years for plant disease identification and localization tasks, these often operate independently, leading to suboptimal performance. It is essential to develop an integrated solution combining these two tasks for improved efficiency and accuracy. This research proposes the innovative Plant Disease Localization and Classification model based on Vision Transformer (PDLC-ViT), which integrates co-scale, co-attention, and cross-attention mechanisms and a ViT, within a Multi-Task Learning (MTL) framework. The model was trained and evaluated on the Plant Village dataset. Key hyperparameters, including learning rate, batch size, dropout ratio, and regularization factor, were optimized through a thorough grid search. Early stopping based on validation loss was employed to prevent overfitting. The PDLC-ViT model demonstrated significant improvements in plant disease localization and classification tasks. The integration of co-scale, co-attention, and cross-attention mechanisms allowed the model to capture multi-scale dependencies and enhance feature learning, leading to superior performance compared to existing models. The PDLC-ViT model evaluated on two public datasets achieved an accuracy of 99.97%, a Mean Average Precision (MAP) of 99.18%, and a Mean Average Recall (MAR) of 99.11%. These results underscore the model's exceptional precision and recall, highlighting its robustness and reliability in detecting and classifying plant diseases. The PDLC-ViT model sets a new benchmark in plant disease detection, offering a reliable and advanced tool for agricultural applications. Its ability to integrate localization and classification tasks within an MTL framework promotes timely and accurate disease management, contributing to sustainable agriculture and food security. © The Author(s) 2024.",47,2024,10.1007/s44196-024-00597-3,https://www.scopus.com/pages/publications/85198843653?origin=resultslist,Alzam,Include,PDLC-ViT,DL,PlantVillage,-,"Solusi identifikasi dan lokalisasi penyakit sering beroperasi secara independen, menyebabkan kinerja suboptimal."
Muhammad A.; Salman Z.; Lee K.; Han D.,"Muhammad, Abdullah (59061894600); Salman, Zafar (58540563500); Lee, Kiseong (58563165500); Han, Dongil (13005656200)",Harnessing the power of diffusion models for plant disease image augmentation,"Introduction: The challenges associated with data availability, class imbalance, and the need for data augmentation are well-recognized in the field of plant disease detection. The collection of large-scale datasets for plant diseases is particularly demanding due to seasonal and geographical constraints, leading to significant cost and time investments. Traditional data augmentation techniques, such as cropping, resizing, and rotation, have been largely supplanted by more advanced methods. In particular, the utilization of Generative Adversarial Networks (GANs) for the creation of realistic synthetic images has become a focal point of contemporary research, addressing issues related to data scarcity and class imbalance in the training of deep learning models. Recently, the emergence of diffusion models has captivated the scientific community, offering superior and realistic output compared to GANs. Despite these advancements, the application of diffusion models in the domain of plant science remains an unexplored frontier, presenting an opportunity for groundbreaking contributions. Methods: In this study, we delve into the principles of diffusion technology, contrasting its methodology and performance with state-of-the-art GAN solutions, specifically examining the guided inference model of GANs, named InstaGAN, and a diffusion-based model, RePaint. Both models utilize segmentation masks to guide the generation process, albeit with distinct principles. For a fair comparison, a subset of the PlantVillage dataset is used, containing two disease classes of tomato leaves and three disease classes of grape leaf diseases, as results on these classes have been published in other publications. Results: Quantitatively, RePaint demonstrated superior performance over InstaGAN, with average Fréchet Inception Distance (FID) score of 138.28 and Kernel Inception Distance (KID) score of 0.089 ± (0.002), compared to InstaGAN’s average FID and KID scores of 206.02 and 0.159 ± (0.004) respectively. Additionally, RePaint’s FID scores for grape leaf diseases were 69.05, outperforming other published methods such as DCGAN (309.376), LeafGAN (178.256), and InstaGAN (114.28). For tomato leaf diseases, RePaint achieved an FID score of 161.35, surpassing other methods like WGAN (226.08), SAGAN (229.7233), and InstaGAN (236.61). Discussion: This study offers valuable insights into the potential of diffusion models for data augmentation in plant disease detection, paving the way for future research in this promising field. Copyright © 2023 Abdullah, Salman, Lee and Han.",41,2023,10.3389/fpls.2023.1280496,https://www.scopus.com/pages/publications/85177701316?origin=resultslist,Alzam,Exclude,-,Diffusion Models (RePaint); GAN (InstaGAN),PlantVillage,-,Makalah tidak membahas atau menggunakan Vision Transformer sesuai kriteria inklusi.
Zeng Q.; Niu L.; Wang S.; Ni W.,"Zeng, Qingtian (7401806588); Niu, Liangwei (58020194100); Wang, Shansong (57904750300); Ni, Weijian (24824834500)",SEViT: a large-scale and fine-grained plant disease classification model based on transformer and attention convolution,"Plant diseases are the leading cause of crop yield reduction. Rapid diagnosis using deep learning-based methods can effectively control the deterioration and spread of diseases. Convolutional Neural Network (CNN)-based methods are the current mainstream disease classification solution. However, most methods based on CNN are aimed at different diseases of a single crop, and they are difficult to distinguish similar diseases, which does not perform well in large-scale and fine-grained disease diagnosis tasks. In this paper, an image classification model for large-scale and fine-grained diseases named Squeeze-and-Excitation Vision Transformer (SEViT) is proposed to solve the above problems. SEViT uses ResNet embedded with channel attention module as the preprocessing network, ViT as the feature classification network. It aims to improve the model’s classification accuracy in the case of many types of diseases and high similarity of disease features. Experimental results show that the classification accuracy of SEViT in the test set achieves 88.34%, higher than comparison models. Compared with the baseline model, the classification accuracy of SEViT is improved by 5.15%. © 2022, The Author(s), under exclusive licence to Springer-Verlag GmbH Germany, part of Springer Nature.",39,2023,10.1007/s00530-022-01034-1,https://www.scopus.com/pages/publications/85144185132?origin=resultslist,Alzam,Include,SEViT,ResNet,Skala Besar & Fine-grained,-,Kinerja CNN yang buruk pada fitur penyakit yang memiliki kemiripan tinggi.
Boukabouya R.A.; Moussaoui A.; Berrimi M.,"Boukabouya, Rayene Amina (58069256600); Moussaoui, Abdelouahab (54080121200); Berrimi, Mohamed (57220204292)",Vision Transformer Based Models for Plant Disease Detection and Diagnosis,"Plant health is one of the most interesting aspects in the natural cycle, it needs to be conserved to keep the life of the organisms. Several plant diseases could be observed at early stages in the leaf level, where immediate interventions should be taken to prevent the progression of the disease. The use of deep learning has dramatically increased recently, owing to its remarkable performance in multiple applications in different research areas. In this study, we focus on the detection of tomato diseases at the leaf stage using recent deep learning architectures. Several deep learning models are put in comparative experiments to achieve a stable and robust classification performance with high precision that outperforms previous SOTA results. Vision Transformers (ViT) models reported the top classification re-sults, with an accuracy of 96.7%, 98.52%, 99.1% and 99.7%. The research funding will help in the early automatic detection of diseases in the leaf plants, thus providing necessary treatments and maintaining the natural cycle. © 2022 IEEE.",36,2022,10.1109/ISIA55826.2022.9993508,https://www.scopus.com/pages/publications/85146437155?origin=resultslist,Alzam,Include,ViT,DL,Daun Tomat,-,Kebutuhan akan deteksi penyakit tomat pada tahap awal daun untuk intervensi segera.
Salman Z.; Muhammad A.; Piran M.J.; Han D.,"Salman, Zafar (58540563500); Muhammad, Abdullah (59061894600); Piran, Md Jalil (56565456500); Han, Dongil (13005656200)",Crop-saving with AI: latest trends in deep learning techniques for plant pathology,"Plant diseases pose a major threat to agricultural production and the food supply chain, as they expose plants to potentially disruptive pathogens that can affect the lives of those who are associated with it. Deep learning has been applied in a range of fields such as object detection, autonomous vehicles, fraud detection etc. Several researchers have tried to implement deep learning techniques in precision agriculture. However, there are pros and cons to the approaches they have opted for disease detection and identification. In this survey, we have made an attempt to capture the significant advancements in machine-learning based disease detection. We have discussed prevalent datasets and techniques that have been employed as well as highlighted emerging approaches being used for plant disease detection. By exploring these advancements, we aim to present a comprehensive overview of the prominent approaches in precision agriculture, along with their associated challenges and potential improvements. This paper delves into the challenges associated with the implementation and briefly discusses the future trends. Overall, this paper presents a bird’s eye view of plant disease datasets, deep learning techniques, their accuracies and the challenges associated with them. Our insights will serve as a valuable resource for researchers and practitioners in the field. We hope that this survey will inform and inspire future research efforts, ultimately leading to improved precision agriculture practices and enhanced crop health management. Copyright © 2023 Salman, Muhammad, Piran and Han.",28,2023,10.3389/fpls.2023.1224709,https://www.scopus.com/pages/publications/85168273278?origin=resultslist,Alzam,Exclude,ViT,DL,Berbagai Dataset,-,Diklasifikasikan sebagai ulasan/survei (SLR).
De Silva M.; Brown D.,"De Silva, Malithi (57889612300); Brown, Dane (59684903200)",Plant Disease Detection using Vision Transformers on Multispectral Natural Environment Images,"Enhancing agricultural practices has become essential in mitigating global hunger. Over the years, significant technological advancements have been introduced to improve the quality and quantity of harvests by effectively managing weeds, pests, and diseases. Many studies have focused on identifying plant diseases, as this information aids in making informed decisions about applying fungicides and fertilizers. Advanced systems often employ a combination of image processing and deep learning techniques to identify diseases based on visible symptoms. However, these systems typically rely on pre-existing datasets or images captured in controlled environments. This study showcases the efficacy of utilizing multispectral images captured in visible and Near Infrared (NIR) ranges for identifying plant diseases in real-world environmental conditions. The collected datasets were classified using popular Vision Transformer (ViT) models, including ViT- S16, ViT-BI6, ViT-LI6 and ViT-B32. The results showed impressive training and test accuracies for all the data collected using diverse Kolari vision lenses with 93.71 % and 90.02 %, respectively. This work highlights the potential of utilizing advanced imaging techniques for accurate and reliable plant disease identification in practical field conditions. © 2023 IEEE.",16,2023,10.1109/icABCD59051.2023.10220517,https://www.scopus.com/pages/publications/85172016819?origin=resultslist,Alzam,Include,ViT-S/16; ViT-B/16; ViT-L/16; ViT-B/32,DL,Multispectral Natural Environment,-,"Ketergantungan pada dataset yang ditangkap di lingkungan terkendali, bukan kondisi dunia nyata."
Maurya R.; Pandey N.N.; Singh V.P.; Gopalakrishnan T.,"Maurya, Ritesh (33067986500); Pandey, Nageshwar N. (57223127526); Singh, Vibhav Prakash (56828519400); Gopalakrishnan, T. (56956706000)",Plant Disease Classification using Interpretable Vision Transformer Network,"Agriculture is the backbone of the Indian economy and it caters to the basic necessity of food for billions. Hence, increasing the production yield is a serious challenge, however, it sometimes gets affected with the microorganism-caused infections that severely affects the per acre produce. Therefore, the objective of this study is to develop an automated system for an early detection of plant disease. In the proposed work, pre-trained Vision Transformer architecture has been fine-tuned for plant disease classification. The classification decision made by the proposed model has also been interpreted using the GradCAM algorithm with the help of visualisation. The performance of the proposed method has also been compared with the state-of-the-art pre-trained convolution neural networks fine-tuned for the same purpose. The proposed method has been tested with the 'PlantVillage' public dataset which consisting of 39 classes of plant images. The experimental results show that the proposed method classifies the 39 classes (38 diseased/healthy, 1 leaf image without background) of plant images with 98.22% accuracy. © 2023 IEEE.",15,2023,10.1109/REEDCON57544.2023.10151342,https://www.scopus.com/pages/publications/85163842640?origin=resultslist,Alzam,Include,ViT,CNN,PlantVillage,India,Infeksi mikroorganisme yang sangat mempengaruhi hasil panen per hektar di India.
Ramadan S.T.Y.; Sakib T.; Jahangir R.; Rahman S.,"Ramadan, Syed Taha Yeasin (58144025400); Sakib, Tanjim (57271346900); Jahangir, Raiyan (58144164800); Rahman, Sabbir (57685697600)",Maize Leaf Disease Detection Using Vision Transformers (ViTs) and CNN-Based Classifiers: Comparative Analysis,"Maize diseases can cause major economic losses and jeopardize food security. Maize diseases such as Gray Leaf Spot, Blast, and Common Rust have been identified globally. These diseases can be promptly managed and controlled with the help of early detection and correct identification, minimizing losses. Machine learning models, such as convolutional neural networks (CNNs) and vision transformers, have been increasingly used in maize disease detection. These models have shown promising results, with high accuracy rates in identifying various types of maize diseases. Recently, vision transformers have emerged as a potential alternative to CNNs in image classification tasks, including crop disease detection. In this study, four types of vision transformer models (ViT-B/16, ViT-B/32, ViT-L/16, and ViT-L/32) were used in addition to four types of CNN models (DenseNet121, VGG16, ResNet152V2, and InceptionV3) for maize leaf disease classification. The results showed that ViT-B/16 achieved the highest accuracy of 94.51% using the SGD optimizer, outperforming the other models. © The Author(s), under exclusive license to Springer Nature Singapore Pte Ltd. 2024.",13,2024,10.1007/978-981-99-7711-6_41,https://www.scopus.com/pages/publications/85187678962?origin=resultslist,Alzam,Include,ViT-B/16; ViT-B/32; ViT-L/16; ViT-L/32,DenseNet121; VGG16; ResNet-152V2,Maize Leaf,-,Kerugian ekonomi besar akibat penyakit jagung seperti Gray Leaf Spot dan Blast.
Wang Y.; Wang S.; Ni W.; Zeng Q.,"Wang, Yanxue (57919981700); Wang, Shansong (57904750300); Ni, Weijian (24824834500); Zeng, Qingtian (7401806588)",PAST-net: a swin transformer and path aggregation model for anthracnose instance segmentation,"Anthracnose is a common disease that affects crops, and rapid diagnosis using computer vision technology can reduce economic losses. The convolutional neural network is still the mainstream crop disease detection and disease spot segmentation method. However, the method based on the convolutional neural network is not suitable for the detection and segmentation tasks with minor differences between crop lesions. In view of the instance characteristics that anthracnose lesions are mostly large in size, different in size, and regular in shape, the Path Aggregation Swin Transformer Network (PAST-Net), is proposed to achieve lesion segmentation and species detection of anthracnose simultaneously. First, the Swin Transformer is used as the backbone to extract features of input images. Second, the extracted lesion features are sequentially sent to the top-down feature pyramid network and the bottom-up augmentation path to retain the shallow network features to the greatest extent and improve the extraction ability of large-sized lesions. Next, the same proposal features from all levels are integrated using adaptive feature pooling. Finally, the box branch performs classification and bounding box regression, while the mask branch performs lesion segmentation. Experimental results show that PAST-Net improves the performance of both object detection and instance segmentation on the collected anthracnose dataset, with a recognition accuracy of 73.70% and a segmentation accuracy of 75.35%, which are 5.86% and 3.57% higher than the baseline, respectively. © 2022, The Author(s), under exclusive licence to Springer-Verlag GmbH Germany, part of Springer Nature.",11,2023,10.1007/s00530-022-01033-2,https://www.scopus.com/pages/publications/85144356121?origin=resultslist,Alzam,Include,Swin-T,Feature Pyramid Network; CNN,Anthracnose Dataset,-,CNN kurang cocok untuk mendeteksi lesi tanaman yang memiliki perbedaan kecil.
Megalingam R.K.; Gopakumar Menon G.; Binoj S.; Asandi Sai D.; Kunnambath A.R.; Manoharan S.K.,"Megalingam, Rajesh Kannan (35119069500); Gopakumar Menon, Gowtham (59426144200); Binoj, Swathi (57285609000); Asandi Sai, Deepika (59426422200); Kunnambath, Akhil Revi (59134755500); Manoharan, Sakthiprasad Kuttankulangara (57201722892)",Cowpea leaf disease identification using deep learning,"The identification of plant/crop diseases is of great interest to agriculture and in turn, the growth of nations. A systematic way of grouping different plant and crop diseases is essential for identifying and cataloguing the extensive information collected about the many different known plant diseases. There has been no significant research on classifying diseases in cowpea plants. This research employs Vision transformer model to classify the diseases found in the Cowpea plant, a native plant found in Kerala. Classifying diseases affecting cowpea leaves is a vital aspect of crop management and protection. Understanding the specific types of diseases present in a crop facilitates early detection and helps implement control measures. Accurate disease classification provides valuable insights into the impact of the disease on the crop. Along with this, for each classified disease, a Possible Treatments and Prevention Methods suggestion is proposed. Six deep learning models—InceptionV3, VGG16, VGG19, Ensemble model, CNN and Vision Transformer (ViT) models were compared for the prediction of diseases in cowpea plants using a dataset of 5100 images of diseases of cowpea plant leaves. ViT outperformed other models with accuracy of 96%. Disease classification helps monitor the disease's spread and evolution, leading to a better understanding of its impact on cowpea production and the development of more effective control methods for researchers, farmers, and agronomists. © 2024",11,2024,10.1016/j.atech.2024.100662,https://www.scopus.com/pages/publications/85210277891?origin=resultslist,Alzam,Include,ViT,InceptionV3; VGG16; CNN,Penyakit Kacang Tunggak (Cowpea),India (Kerala),Belum ada penelitian signifikan mengenai klasifikasi penyakit pada tanaman kacang tunggak.
Zeng Q.; Sun J.; Wang S.,"Zeng, Qingtian (7401806588); Sun, Jian (59122861400); Wang, Shansong (57904750300)",DIC-Transformer: interpretation of plant disease classification results using image caption generation technology,"Disease image classification systems play a crucial role in identifying disease categories in the field of agricultural diseases. However, current plant disease image classification methods can only predict the disease category and do not offer explanations for the characteristics of the predicted disease images. Due to the current situation, this paper employed image description generation technology to produce distinct descriptions for different plant disease categories. A two-stage model called DIC-Transformer, which encompasses three tasks (detection, interpretation, and classification), was proposed. In the first stage, Faster R-CNN was utilized to detect the diseased area and generate the feature vector of the diseased image, with the Swin Transformer as the backbone. In the second stage, the model utilized the Transformer to generate image captions. It then generated the image feature vector, which is weighted by text features, to improve the performance of image classification in the subsequent classification decoder. Additionally, a dataset containing text and visualizations for agricultural diseases (ADCG-18) was compiled. The dataset contains images of 18 diseases and descriptive information about their characteristics. Then, using the ADCG-18, the DIC-Transformer was compared to 11 existing classical caption generation methods and 10 image classification models. The evaluation indicators for captions include Bleu1–4, CiderD, and Rouge. The values of BLEU-1, CIDEr-D, and ROUGE were 0.756, 450.51, and 0.721. The results of DIC-Transformer were 0.01, 29.55, and 0.014 higher than those of the highest-performing comparison model, Fc. The classification evaluation metrics include accuracy, recall, and F1 score, with accuracy at 0.854, recall at 0.854, and F1 score at 0.853. The results of DIC-Transformer were 0.024, 0.078, and 0.075 higher than those of the highest-performing comparison model, MobileNetV2. The results indicate that the DIC-Transformer outperforms other comparison models in classification and caption generation. Copyright © 2024 Zeng, Sun and Wang.",9,2023,10.3389/fpls.2023.1273029,https://www.scopus.com/pages/publications/85184693244?origin=resultslist,Alzam,Include,Swin-T,Faster R-CNN,ADCG-18,-,Klasifikasi saat ini hanya memprediksi kategori tanpa memberikan penjelasan karakteristik gambar.
Monisha R.; Tamilselvan K.S.; Sharmila A.,"Monisha, R. (58038912900); Tamilselvan, K.S. (60011017100); Sharmila, A. (57209241368)",Advancing Plant Disease Detection with Hybrid Models: Vision Transformer and CNN-Based Approaches,"Early plant disease detection is of prime importance in the current era when agriculture plays a vital role in ensuring food security and sustainable farming. Plant disease detection extends its significance beyond the boundaries of agriculture, with far-reaching implications. It contributes to economic stability, sustainable farming practices, reduced pesticide usage, product quality assurance, global trade compliance, climate resilience, and the advancement of scientific innovations. In the context of Convolutional Neural Networks (CNNs), despite producing astonishing results in computer vision (CV) applications, they still fall behind with their current constraints, such as the limited global content and overfitting issues. These shortcomings can almost be recovered when CNNs are merged with other deep or machine-learning models, including Transformers. Transformers have created a benchmark in the context of finding long-range dependencies in relevance to natural language processing and this success paved the way for their extension to CV tasks. When applied to CV, transformers are simply known as Vision Transformers (ViTs), though they still have their own set of discrepancies when used independently such as issues with spatial hierarchy, computational complexity, object location, and data prerequisites. This chapter focuses on the potential and studies regarding hybrid CNNs and ViTs. So far the development of these models is gaining significance due to their capability of overcoming their inherent inadequacies, thus complementing each other and thereby developing novel opportunities in CV tasks. This chapter also discusses the prospects for hybrid model development, with an emphasis on how they pertain to growing areas such as agriculture, autonomous systems, and healthcare. Many complicated challenges can be tackled through this integration, henceforth changing how the general models understand and interact with the imagery data in a wide range of applications. These models not only prove to be effective for plant disease detection to maintain sustainability and increase productivity in agriculture, but they also offer solutions for progress across other domains. © The Author(s), under exclusive license to Springer Nature Switzerland AG 2024.",9,2024,10.1007/978-3-031-67450-1_11,https://www.scopus.com/pages/publications/85202525608?origin=resultslist,Alzam,Exclude,ViT,CNN,Berbagai Dataset,-,Diklasifikasikan sebagai studi komprehensif/bab buku ulasan.
Murthy Teki V.R.N.; Anandha Ragaven R.; Manoj N.; Vipul V.; Sarath S.,"Murthy Teki, V.R.N. (58765660600); Anandha Ragaven, R. (58765598500); Manoj, Nanma (57261956900); Vipul, V. (58153585700); Sarath, S. (57195948861)",A Comparison of Two Transformers in the Study of Plant Disease Classification,"This paper, have implement two transformer models, namely Vision Transformer (ViT) and Shifted WIndow Transformer (Swin) for identifying paddy leaf diseases at an early stage, using thermal images. Thermal images provide detailed and precise information when compared to normal images, which helps in the early detection of leaf diseases, even before the spots appear on the leaves. The aim of this paper is to prove that both Vision as well as Swin transformer works well with vision (image) tasks, such as image classification. Here, in our paper we were able to identify and classify paddy leaves diseases using ViT and swin transformer with an accuracy of 94% and 98% respectively. Swin transformer works better when it comes to semantic segmentation, where one needs to classify each pixel to it's respective category. It does so by using the concept of Windows, about which we will talk in detail in the coming sections. © 2023 IEEE.",8,2023,10.1109/ICCCNT56998.2023.10307591,https://www.scopus.com/pages/publications/85179851554?origin=resultslist,Alzam,Include,ViT; Swin-T,DL,Thermal Images (Paddy),-,Deteksi dini penyakit tanaman padi bahkan sebelum bercak muncul pada daun menggunakan gambar termal.
Lye H.-Z.M.; Ng K.-W.,"Lye, Hong-Zheng Marcus (58804947700); Ng, Kok-Why (29467661900)",Processing Plant Diseases Using Transformer Model,"Agriculture faces challenges in achieving high-yield production while minimizing the use of chemicals. The excessive use of chemicals in agriculture poses many problems. Accurate disease diagnosis is crucial for effective plant disease detection and treatment. Automatic identification of plant diseases using computer vision techniques offers new and efficient approaches compared to traditional methods. Transformers, a type of deep learning model, have shown great promise in computer vision, but as the technology is still new, many vision transformer models struggle to identify diseases by examining the entire leaf. This paper aims to utilize the vision transformer model in analyzing and identifying common diseases that hinder the growth and development of plants through the plant leave images. Besides, it aims to improve the model's stability by focusing more on the entire leaf than individual parts and generalizing better results on leaves not in the image center. Added features such as Shift Patch Tokenization, Locality Self Attention, and Positional Encoding help focus on the whole leaf. The final test accuracy obtained is 89.58%, with relatively slight variances in precision, accuracy, and F1 score across classes, as well as satisfactory model robustness towards changes in leaf orientation and position within the image. The model's effectiveness shows the vision transformer's potential for automated plant disease diagnosis, which can help farmers take timely measures to prevent losses and ensure food security. © 2023, Politeknik Negeri Padang. All rights reserved.",7,2023,10.30630/joiv.7.4.2291,https://www.scopus.com/pages/publications/85181953080?origin=resultslist,Alzam,Include,SPT-ViT,DL,Gambar Daun,-,Model ViT sering kesulitan mengidentifikasi penyakit jika hanya memeriksa seluruh daun tanpa fokus pada area spesifik.
Wang B.,"Wang, Boyuan (57204606868)",Zero-exemplar deep continual learning for crop disease recognition: a study of total variation attention regularization in vision transformers,"With the increasing integration of AI technology in the food industry, deep learning has demonstrated its immense potential in the domain of plant disease image recognition. However, there remains a gap in research between models capable of continual learning of new diseases and addressing the inherent catastrophic forgetting issue in neural networks. This study aims to comprehensively evaluate various learning strategies based on advanced computer vision models for multi-disease continual learning tasks in food disease recognition. To cater to the benchmark dataset requirements, we collected the PlantDiseaseCL dataset, sourced from the internet, encompassing diverse crop diseases from apples, corn, and more. Utilizing the Vision Transformer (ViT) model, we established a plant disease image recognition classifier, which, in joint learning, outperformed several comparative CNN architectures in accuracy (0.9538), precision (0.9532), recall (0.9528), and F1 score (0.9560). To further harness the potential of ViT in food disease defect recognition, we introduced a mathematical paradigm for crop disease recognition continual learning. For the first time, we proposed a novel ViT-TV architecture in the multi-disease image recognition scenario, incorporating a Total Variation (TV) distance-based loss (TV-Loss) to quantify the disparity between current and previous attention distributions, fostering attention consistency and mitigating the catastrophic forgetting inherent in ViT without prior task samples. In the incremental learning of the PlantDiseaseCL dataset across 3-Steps and 5-Steps, our strategy achieved average accuracies of 0.7077 and 0.5661, respectively, surpassing all compared Zero-Exemplar Approaches like LUCIR, SI, MAS, and even outperforming exemplar-based strategies like EEIL and ICaRL. In conclusion, the ViT-TV approach offers robust support for the long-term intelligent development of the agricultural and food industry, especially showcasing significant applicability in continual learning for crop disease image recognition. Copyright © 2024 Wang.",7,2023,10.3389/fpls.2023.1283055,https://www.scopus.com/pages/publications/85182444399?origin=resultslist,Alzam,Include,ViT,CNN,PlantDiseaseCL,-,Masalah catastrophic forgetting (lupa katastropik) pada jaringan saraf saat mempelajari penyakit baru secara berkelanjutan.
Moonwar W.; Hasan Mahin M.R.; Nadia Y.; Kibria F.B.; Biswas A.; Chowdhury F.I.; Jahan S.E.; Rasel A.A.,"Moonwar, Waheed (58144347000); Hasan Mahin, Mohammad Rakibul (58819734500); Nadia, Yasmin (58700825300); Kibria, Fahmid Bin (58266796000); Biswas, Aurnab (58701655500); Chowdhury, Fatiha Ishrar (58701986000); Jahan, Sifat E. (57203129477); Rasel, Annajiat Alim (56495276900)",Tomato Leaf Disease Classification with Vision Transformer Variants,"Agriculture has played a significant role for many years. Its growing significance is attributable to the money it has generated. The full advantages of crop cultivation are, however, prevented by several circumstances. Organic plant diseases have a role in this case. For an agriculture dependent country like Bangladesh, extreme weather and heavy pesticide use are accountable for its economic crisis. This work aims to offer farmers visual information to facilitate the implementation of preventive measures beforehand. This work proposes four different transformer models for tomato leaf disease classification, which includes Vision Transformer (ViT), Swin Transformer (SwT) and Compact Convolutional Transformer (CCT). In addition to that, a distinct variation of the ViT algorithm was incorporated into the categorization process. It centers on employing a comparative analysis of various transformer models, which represents a novel contribution to the existing literature. The models have been trained and validated on the PlantVillage dataset which resulted in test accuracy of 95.22%, 82.61%, 82.82%, and 92.78% for ViT, SwT, CCT, ViT with Shifted Patch Tokenization and Locality Self Attention respectively. © 2023, The Author(s), under exclusive license to Springer Nature Switzerland AG.",6,2023,10.1007/978-3-031-47634-1_8,https://www.scopus.com/pages/publications/85177229419?origin=resultslist,Alzam,Include,ViT; Swin-T; CCT,DL,PlantVillage (Tomat),Bangladesh,Cuaca ekstrem dan penggunaan pestisida berlebih di Bangladesh menghambat keuntungan budidaya.
Sidana S.,"Sidana, Sagar (59407513400)",Towards Sustainable Agriculture: A Transformer-based Hybrid Model for Advanced Leaf Disease Classification,"In modern agriculture, early and accurate detection of plant diseases is essential for maintaining crop health and maximizing yield. Traditional methods of disease identification are often labor-intensive and prone to errors, necessitating the development of automated and efficient solutions. Current research in plant disease detection has primarily focused on convolutional neural networks (CNNs), which, despite their success, encounter challenges such as high computational demands and limited generalizability across diverse datasets and environments. This study addresses these challenges by proposing a hybrid model that integrates the Vision Transformer (ViT) for feature extraction with a Support Vector Machine (SVM) for classification. The ViT excels in capturing intricate spatial patterns in leaf images by processing them as sequences of patches. Coupled with the SVM's robust classification capabilities, this hybrid approach enhances the model's accuracy while reducing computational overhead. Our methodology uses the Bean Leaf Lesions Classification dataset, which contains 1,167 images. Our proposed model achieved an outstanding accuracy of 9 9. 2 4 8 %, with precision and recall rates of 0. 9 9 for each class, significantly outperforming existing models. Extensive data augmentation and regularization techniques ensure that the model generalizes well across different datasets, addressing the common issue of overfitting. We also performed hyperparameter tuning to optimize model performance evaluation using accuracy, precision, recall, and F 1-score metrics. The results indicate that our hybrid model provides a highly accurate tool for leaf disease classification and offers practical benefits for deployment in resource-constrained agricultural settings due to its efficiency. © 2024 IEEE.",6,2024,10.1109/ICCCNT61001.2024.10724254,https://www.scopus.com/pages/publications/85212964835?origin=resultslist,Alzam,Include,ViT,SVM,Bean Leaf Lesions,-,CNN menghadapi tantangan tuntutan komputasi tinggi dan generalisasi terbatas lintas dataset.
Nwaneto C.; Yiinka-Banjo C.; Ugot O.-A.; Annor T.; Umeugochukwu O.,"Nwaneto, Chidiebere (59411008700); Yiinka-Banjo, Chika (54586300800); Ugot, Ogban-Asuquo (57205199646); Annor, Thompson (12774306100); Umeugochukwu, Obiageli (57190068516)",Early detection of the Taro Leaf Blight disease in the West African sub-region using deep image classification models,"Taro, a vital crop in West Africa, is under attack by a disease called Taro Leaf Blight, which is bad news for the economy and farmer since it severely affects their income. Our study tackles the tough parts of spotting plant diseases, like the need for diverse datasets and better ways to analyze images. We're focusing on making a top-notch dataset just for West Africa and using some of the latest tech in deep learning—like VGG16, ResNet50, InceptionV3, MobileNetV2, DenseNet121, Xception, and the Vision Transformer—to spot the disease. From our research, it turns out, the Vision Transformer is the star player here, nailing a 74% success rate in picking out the disease in images, which is way better than older methods like VGG16 and ResNet50 that scored 56% and 36%. In addition, we're digging into how this can help manage diseases in West African farms, facing current problems head-on and suggesting new ways to make things better, not just for Taro but other crops too. The findings are a win-win for tech and farming, offering solid plans to fight back against this blight and keep crops healthy. © 2024 The Authors",6,2024,10.1016/j.atech.2024.100636,https://www.scopus.com/pages/publications/85209064752?origin=resultslist,Alzam,Include,ViT,VGG16; ResNet-50; InceptionV3,Taro Leaf Blight (Afrika Barat),Afrika Barat,Kurangnya dataset yang beragam dan metode analisis gambar yang lebih baik di sub-wilayah Afrika Barat.
Hajoub M.W.; Touil H.; Achkari Begdouri M.,"Hajoub, Mohamed Walid (58553531000); Touil, Hicham (55497629100); Achkari Begdouri, Mohammed (57734037400)",Plant Disease Detection Using a Hybrid Approach Based on Vision Neural Network Transformers,"Plant disease detection is one of the main challenges in the agricultural sector, acknowledged as a significant contributor to crop losses, negatively impacting food production and the global economy. In response to this issue, novel agricultural solutions are emerging, leveraging the synergy of deep learning and computer vision technique for early disease detection. Recently, researchers have embraced vision Transformers for plant disease identification. While this approach has shown promising results, it also presents challenges, such as high computational costs and low inductive bias for locality. In response to these challenges, we suggest a hybrid model with fewer trainable parameters, combining the power of vision Transformers with the capabilities of convolutional layers to extract relevant local features, thereby enhancing the performance of ViT. Additionally, we modify the ViT architecture to minimize the number of trainable parameters. We performed experiments on a public dataset of potatoes to assess the effectiveness of our proposed hybrid model. According to the experimental results obtained, the proposed model achieved a test accuracy of 98.27%, surpassing the original ViT and two leading CNN architectures, namely VGG16 and ResNet50. Our model has fewer parameters than the original ViT, with a reduction rate of 49%. This reduction helps to minimize the computational and memory costs of our model. Additionally, due to this parameter reduction, our proposed model requires half of training time compared to the original ViT. All these findings make our proposed model more adaptable for smart agriculture applications, particularly in real-time detection of plant diseases. © 2024 ACM.",6,2024,10.1145/3659677.3659685,https://www.scopus.com/pages/publications/85202617194?origin=resultslist,Alzam,Include,ViT,VGG16; ResNet-50,Kentang (Potatoes),-,Biaya komputasi yang tinggi dan bias induktif yang rendah untuk lokalitas pada model ViT.
Chemmalar Selvi G.; Charan H.J.; Kumar D.,"Chemmalar Selvi, G. (57215603321); Charan, H.J. (57202435176); Kumar, Dinesh (59218135100)",CropViT: A light-weight Transformer Model for Crop Disease Detection,"Agricultural industry has grown significantly bring sustainable farming practices in improving the food quality, enhancing agricultural productivity and global food security. However, the crop yield and its quality are impacted when the timely identification and management of the crop diseases are not promptly solved. Thus, the crop disease detection becomes the critical aspect in the smart agriculture. Several researchers addressed this crop disease detection by developing optimized solutions through machine learning, deep learning and image processing techniques. However, these techniques face serious challenges when deployed in real-time crop disease identification problems like annotated training images, capturing long-range dependencies, adaption to real-time changes evolving over time and so on. This leads to performance degradation seeking for more powerful applications like some advanced deep learning techniques, in particular, the transformer models. In this paper, a novel crop disease detection model known as CropViT was proposed based on Vision Transformer. This CropViT was developed by fine-tuning the architecture of existing Vision Transformer and PlantVillage dataset was used in the experimental study. Nine crop species were selected and trained using CropViT whose performance was then compared with traditional Convolutional Neural Network model. The experimental study clearly showed the highest mean accuracy of 98.64% for CropViT when compared to 95.52% mean accuracy for traditional CNN. The experimental results also outperformed other existing state-of-the-art models. Finally, the work was concluded with the discussion of experimental results and its future scope of work. © 2024 IEEE.",6,2024,10.1109/AIIoT58432.2024.10574729,https://www.scopus.com/pages/publications/85198500330?origin=resultslist,Alzam,Include,CropViT,CNN,PlantVillage,-,Tantangan waktu nyata seperti gambar beranotasi dan adaptasi terhadap perubahan seiring waktu.
Akinosun T.; Nibouche O.,"Akinosun, Temitayo (58979052900); Nibouche, Omar (55935187400)",AI-Based Crop Disease Detection: Evaluation of Wheat Rust Disease Detection and Classification Using Deep Learning and Machine Learning Approaches,"Wheat rust diseases have a devastating negative impact on the yield of wheat all over the world. Computer vision can play a vital role in their early detection and the mitigation of their consequences. In this paper, the authors have used the Support Vector Machine (SVM) algorithm, Convolutional Neural Network (CNN), and CNN combined with Vision Transformers (CNN&ViT) to analyze and classify plant images from the Wheat Rust Classification Dataset. The results show that CNN&ViT attained the highest classification accuracy of 98.3% while CNN achieved an 95.97% accuracy. In the authors' experiment, it was further shown that CNN exhibits a faster convergence while CNN&ViT can still improve when increasing the number of epochs. SVM attained an accuracy of 91.7% which compares relatively well with its Deep Learning counterparts. Other performance metrics like precision, recall, and F1-score also returned results that are higher than 90% for each of the three models thus making them suitable for detecting and classifying small to medium-sized image datasets. © 2023 IEEE.",5,2023,10.1109/AICS60730.2023.10470635,https://www.scopus.com/pages/publications/85189942354?origin=resultslist,Alzam,Include,ViT,SVM; CNN,Wheat Rust Classification,-,Klasifikasi penyakit karat gandum yang merusak hasil panen secara global.
Gudela Y.S.K.; Jangam E.; Mogili S.,"Gudela, Yaswanth Sai Kumar (58135467700); Jangam, Ebenezer (57210144225); Mogili, Sravanthi (58153591900)",Cotton Crop Disease Detection using MobileNet Snapshot Ensemble Technique and Vision Transformers,"Cotton crop diseases can cause significant yield loss, making early detection crucial for farmers. In this study, a deep learning-based approach for the detection of three common cotton diseases: bacterial blight, fusarium wilt, and curl virus are developed. This reseach work uses two models, MobileNet and Vision Transformer, and deployed them for real-time disease detection. Snapshot ensemble technique is applied to the MobileNet model, significantly improving its accuracy. These results show that both models achieved high accuracy in disease detection, with MobileNet outperforming Vision Transformer on average. It is found that the Vision Transformer model was less effective on the small size dataset used in this study, which may have contributed to its lower performance. However, the snapshot ensemble technique improved the accuracy of the MobileNet model even further, making it a valuable tool for real-time disease detection. These findings suggest that deep learning-based approaches, especially with the use of ensemble techniques, can provide effective solutions for the detection of cotton crop diseases. Further research is needed to investigate the performance of the models on larger datasets and to explore their potential real-world applications, such as improving crop yields and reducing the use of pesticides. © 2023 IEEE.",5,2023,10.1109/ICCES57224.2023.10192615,https://www.scopus.com/pages/publications/85168094286?origin=resultslist,Alzam,Include,ViT,MobileNet,Penyakit Kapas (Cotton),-,ViT ditemukan kurang efektif pada dataset berukuran kecil dibandingkan model ensemble.
Alshammari S.A.,"Alshammari, Sami Aziz (57220176698)",TLDViT: A Vision Transformer Model for Tomato Leaf Disease Classification,"Accurate and efficient diagnostic methods are essential for crop health monitoring due to the substantial impact of tomato leaf diseases on crop yield and quality. Traditional machine learning models, such as convolutional neural networks (CNNs), have shown promise in plant disease classification; however, they often require extensive data preprocessing and struggle with complex variations in leaf appearance. This study introduces TLDViT (Tomato Leaf Disease Vision Transformer), a Vision Transformer model specifically designed for the classification of tomato leaf diseases. TLDViT reduces the need for preprocessing by learning disease-specific features directly from raw images, leveraging Vision Transformers’ ability to capture long-range dependencies within images. We evaluated TLDViT on the Plant Village Dataset, which includes healthy and diseased samples across multiple classes. For comparative analysis, two Vision Transformer models, ViT-r50-l32 and ViT-l16-fe, were tested. Among these, ViT-r50-l32 achieved the highest performance, surpassing both ViT-l16-fe with an accuracy of 98%. These findings highlight TLDViT's potential as an effective tool for crop health monitoring and automated plant disease diagnosis. © (2024), (Science and Information Organization). All Rights Reserved.",5,2024,10.14569/IJACSA.2024.0151285,https://www.scopus.com/pages/publications/85213987006?origin=resultslist,Alzam,Include,TLDViT,CNN,PlantVillage (Tomat),-,CNN tradisional sering membutuhkan prapemrosesan data yang ekstensif dan sulit menghadapi variasi kompleks.
Pandey P.; Patra R.,"Pandey, Priyanshu (58945034200); Patra, Rusha (36994018100)",A Real-time Web-based Application for Automated Plant Disease Classification using Deep Learning,"Plant disease identification and classification play a pivotal role in improving the agricultural sector's efficiency and impact. Traditional laboratory testing methods have inherent limitations, including time-consuming processes and the poten-tial for misdiagnosis when relying on visual inspection alone. To address these challenges, the application of deep learning techniques, particularly convolutional neural networks (CNNs), has significantly reduced the need for manual, on-field efforts by utilizing cutting-edge technology. More recently, vision processing based transformers have emerged as a promising approach to enhance the accuracy of disease classification using high-dimensional visual data. Leveraging self-attention mechanisms and transformer architectures, these models have shown great potential for improving classification accuracy. In this research, we propose a vision transformer-based approach for classifying plant disease images. Our study utilizes the publicly available New Plant Diseases Dataset, comprising 70,295 training images and 17,572 validation images, encompassing 38 distinct plant disease and healthy classes. We fine-tune pre-trained vision transformer and VGG 16 models, achieving impressive validation accuracy rates of 99.16 % and 94 % respectively. Furthermore, we have developed a web-based application using the MobileNet model and deployed it using the Streamlit framework. This application provides a real-time classification of plant leaves, presenting the top three probabilities along with corresponding classes. It has demonstrated a validation accuracy rate of 98.72 % on the New Plant Diseases Dataset. © 2023 IEEE.",4,2023,10.1109/iSES58672.2023.00055,https://www.scopus.com/pages/publications/85190094173?origin=resultslist,Alzam,Include,ViT,VGG 16; MobileNet,New Plant Diseases Dataset,-,Keterbatasan pengujian laboratorium tradisional dan potensi salah diagnosis manual.
Keerthan Bhat H.; Mukund A.; Nagaraj S.; Prakash R.,"Keerthan Bhat, H. (57214720676); Mukund, Aashish (57877610400); Nagaraj, S. (57205507417); Prakash, R. (57208567581)",LeafViT: Vision Transformers-Based Leaf Disease Detection,"Diseases in plant leaves deplete crop quality and reduce yield. Monitoring the crops periodically is important to mitigate these risks and preserve food integrity. Traditional methods of detecting diseases in plants involve visual inspection by humans which is error-prone and cumbersome. Advances in deep learning architectures rely on convolutional neural networks (CNNs) and have achieved promising results in agricultural domain. However, detecting diseases in leaves requires the model to capture finely grained attributes in the leaf. Toward this, this paper proposes a vision transformer (ViT)-based approach which leverages self-attention mechanism to identify subtle yet discriminative regions and learn by amplifying them. The methodology also involves data augmentation and sampling strategies to combat the class imbalance problem in datasets. The proposed framework is tested on Plant Pathology 2020 dataset, and experimental results show an accuracy of 97.15% achieved which is significantly better than the performance of state-of-the-art CNN-based models on plant disease detection. © The Author(s), under exclusive license to Springer Nature Singapore Pte Ltd. 2023.",2,2023,10.1007/978-981-99-2602-2_8,https://www.scopus.com/pages/publications/85175970518?origin=resultslist,Alzam,Include,ViT,CNN,Plant Pathology 2020,-,Kebutuhan model untuk menangkap atribut yang sangat halus dan terperinci pada daun.
Remya S.; Bonthu Y.; Bayyapureddi M.,"Remya, S. (57294856600); Bonthu, Yasaswini (59486249000); Bayyapureddi, Medhovarsh (59522797700)",Ontology-Enhanced Disease Detection and Crop Yield Prediction in Agriculture Using ViT,"The agricultural sector is evolving through data-driven precision agriculture, with a focus on increasing plant disease detection and yield prediction. To address these issues, this study proposes a novel approach that utilizes Natural Language Processing (NLP), Ontology, and Vision Transformer (ViT) technologies. Traditional farming methods at times struggle to detect diseases and effectively anticipate crop production due to rigid limitations. As a result, this approach makes use of recent advances in technology, such as ViT models for detecting diseases in plant images and NLP techniques for textual analysis. Our technology is built around a specific knowledge base that combines visual and textual data to enable exact disease severity assessment and dependable crop yield prediction. Thorough evaluations show that our model outperforms benchmarks in terms of accuracy, and the addition of an ontology graph is a big step forward in precision agriculture. Our research illustrates the possibility of using new technologies to transform agricultural practices and improve global food security. © The Author(s), under exclusive license to Springer Nature Singapore Pte Ltd. 2024.",2,2024,10.1007/978-981-97-6995-7_31,https://www.scopus.com/pages/publications/85215680193?origin=resultslist,Alzam,Include,ViT,NLP; Ontology,Data Gambar & Teks,-,Keterbatasan metode pertanian tradisional dalam deteksi penyakit dan antisipasi produksi.
Chettri K.; Sen B.; Ghosal P.,"Chettri, Kishor (59870045300); Sen, Biswaraj (57193872725); Ghosal, Palash (57195280784)",ViT-PlantNet: Enhancing Plant Disease Classification with Encoder-Decoder Architecture,"Agriculture is essential to human civilization, and numerous diseases often affect crops. Early and accurate classification of these diseases can help prevent significant damage. Traditional methods employed by farmers are usually slow and inaccurate, leading to potential crop loss. This study uses a Vision Transformer (ViT) Encoder-Decoder model to categorize and identify plant diseases. The model is trained using the rich PlantVillage dataset with various plant types and diseases. The proposed ViT model’s architecture separates the input image into uniformly sized patches and uses positional embedding to preserve spatial information. The transformer self-attention mechanism captures intricate details, leading to accurate and reliable disease classification. Advanced data augmentation techniques such as random rotations, resizing, and color jittering, combined with dynamic callbacks like EarlyStopping, ModelCheckpoint, and ReduceLROnPlateau, enhanced generalization and robustness. The ViT self-attention mechanism further boosted accuracy by effectively capturing local and global dependencies compared to existing state-of-the-art methods, achieving a superior accuracy of 98.73%, highlighting its possibilities for real-world applications and its contribution to the field. © 2024 IEEE.",2,2024,10.1109/OCIT65031.2024.00024,https://www.scopus.com/pages/publications/105004818715?origin=resultslist,Alzam,Include,ViT (Encoder-Decoder),DL,PlantVillage,-,"Metode tradisional lambat dan tidak akurat, menyebabkan potensi kehilangan hasil panen."
Cheng J.-Y.; Tham M.-L.; Kwan B.-H.; Fook Wong C.K.,"Cheng, Jung-Yin (59325573600); Tham, Mau-Luen (55277448200); Kwan, Ban-Hoe (9338278000); Fook Wong, Clement Kiing (57209409243)",Performance Evaluation of Vision Transformer and YOLOv8 in Plant Disease Classification,"The success of deep learning (DL) has greatly promoted the use of computer vision technology in smart agriculture. Many developments in this area are focusing on timely and accurate recognition of plant disease, with the goals of increasing crop productivity and fostering economic growth. This paper aims to explore the potential of two popular DL architectures namely You Only Look Once (YOLO) and transformer for recognizing 70 distinct classes of plant leaf health conditions. Specifically, a total of six models namely Vision Transformer-B/16 (ViT-B/16), ViT-B/32, ViT-L/16, YOLOv8n-cls, YOLOv8s-cls and YOLOv8m-cls are implemented and compared. In the training stage where graphics processing unit (GPU) is utilized, ViT-B/32 yields the shortest training time, which is at least 80% faster than all YOLOv8-cls variants. However, when deploying these trained models on a central processing unit (CPU), YOLOv8 models consistently outperform ViT algorithms in terms of speed and accuracy. Experiment results indicate that YOLOv8n-cls attains the highest frames per second (FPS) of 31, whereas YOLOv8m-cls achieves a test accuracy of 97.7 %. Such findings suggest that YOLOv8 appears to be more promising for real-time object classification tasks. © 2024 IEEE.",2,2024,10.1109/I2CACIS61270.2024.10649856,https://www.scopus.com/pages/publications/85203834855?origin=resultslist,Alzam,Include,ViT-B/16; ViT-B/32; ViT-L/16,YOLOv8,70 Kelas Kondisi Daun,-,Performa kecepatan dan akurasi saat model dideploy pada unit pemrosesan pusat (CPU).
Chenat A.; Singh G.; Patel O.J.; Gupta S.; Dhar A.; Revathi M.,"Chenat, Ananya (59366890700); Singh, Gaurang (59406149800); Patel, Omkumar J. (59405875600); Gupta, Shalini (59405970300); Dhar, Anuj (59405597700); Revathi, M. (57224133994)",Deep Learning Techniques for Crop Disease Detection and Classification: A Data-Driven Analysis,"The agricultural sector is the main source of livelihood to a prominent section of our country, thus making it a cornerstone of the Indian economy. As it significantly contributes to the country's GDP, maintaining agricultural stability and enhancing productivity becomes very crucial. Conditions like disease outbreaks, changing climate and bad quality pesticides among others have an adverse effect on crop quality. By adopting advanced technological solutions into traditional farming, we can address this challenge and make way for a more robust agricultural sector. The paper presents a comprehensive comparative analysis of 4 distinct deep learning models - ResNet, EfficientNet, Vision Transformers (ViT), and You Only Look Once (YOLO) for the detection and classification of crop diseases through image analysis. The performance of these 4 models are evaluated on various metrics that include training and validation loss, accuracy, F1 score, specificity, and sensitivity. Results from the experiments show ViT and YOLO emerging as top performers. YOLO with its unique approach of single-pass object detection and ViT leveraging the Transformer based architecture showcase better accuracy and efficiency in this domain as compared to EfficientNet and ResNet. The findings of this study highlight the potential of deep learning models in revolutionizing agricultural technology. © 2024 IEEE.",2,2024,10.1109/ICEEICT61591.2024.10718498,https://www.scopus.com/pages/publications/85208703857?origin=resultslist,Alzam,Include,ViT,ResNet; EfficientNet; YOLO,Penyakit Tanaman,India,Kondisi seperti wabah penyakit dan perubahan iklim berdampak buruk pada kualitas tanaman.
Almazrouei K.; Bonny T.,"Almazrouei, Khawla (58513618800); Bonny, Talal (15060068900)",A Comprehensive Review on Machine Learning Advancements for Plant Disease Detection and Classification,"Plant diseases still exist and spread despite technological advancements in disease prevention. It is still a major concern for humanity as it affects the economy of agriculture-based countries and the food supply chain for countries where food is mostly imported. Using pesticides and insecticides without proper knowledge of disease is also concerning as it will not prevent or cure plant disease and will have adverse environmental effects. It is of utmost importance to recognize plant diseases most effectively, and the recent development in machine learning and vision transformer techniques has made this possible. This review discusses the latest developments in machine learning and vision transformer techniques for detecting and categorizing plant diseases in detail. © 2024 IEEE.",1,2024,10.1109/ICDS62089.2024.10756291,https://www.scopus.com/pages/publications/85211936523?origin=resultslist,Alzam,Exclude,ViT,ML,-,-,Diklasifikasikan sebagai ulasan komprehensif (Comprehensive Review).
Zeng Q.; Niu L.; Wang S.; Ni W.,"Zeng, Qingtian (7401806588); Niu, Liangwei (58020194100); Wang, Shansong (57904750300); Ni, Weijian (24824834500)",SEViT: A Large-Scale and Fine-Grained Plant Disease Classification Model Based on SE-ResNet and ViT,"Plant diseases are the leading cause of crop yield reduction. Rapid diagnosis using deep learning based methods can effectively control the deterioration and spread of diseases. Convolutional Neural Network (CNN) based methods are the current mainstream disease classification solution. However, most methods based on CNN are aimed at different diseases of a single crop, and they are difficult to distinguish similar diseases, which does not perform well in large-scale and fine-grained disease diagnosis tasks. In this paper, an image classification model for large-scale and fine-grained diseases named Squeeze-and-Excitation Vision Transformer (SEViT) is proposed to solve the above problems. SEViT uses ResNet embedded with channel attention module as the preprocessing network, ViT as the feature classification network. It aims to improve the model’s classification accuracy in the case of many types of diseases and high similarity of disease features. The experimental results show that the classification accuracy of SEViT in the test set achieves 88.34%, higher than comparison models. Compared with the baseline model, the classification accuracy of SEViT is improved by 5.15%. © 2023, The Author(s), under exclusive license to Springer Nature Singapore Pte Ltd.",0,2023,10.1007/978-981-99-0923-0_27,https://www.scopus.com/pages/publications/85152631419?origin=resultslist,Alzam,Include,SEViT,ResNet,Skala Besar & Fine-grained,-,Kesulitan membedakan penyakit yang mirip dalam tugas diagnosis skala besar.
Li S.; Chen B.; Li F.; He J.; He F.; Hu Y.; Chen J.; Li H.,"Li, Shuting (59255853900); Chen, Baoyu (59256328500); Li, Feng (59255695300); He, Jingmei (59256011800); He, Feiyong (59256168800); Hu, Yingbiao (58285298600); Chen, Jingjia (59256328600); Li, Huinian (57209284927)",PlantViQ: Disease Recognition Across Varied Environments with Vision Transformer and Quadrangle Attention,"Accurate plant disease detection in real-world agricultural settings poses a significant challenge due to the complex and variable nature of field environments. To address this challenge, we introduce PlantViQ. This deep learning model leverages the strengths of both convolutional neural networks (CNNs) for local feature extraction and Transformers for capturing global context. This enables PlantViQ to overcome the limitations of traditional CNN-based approaches, particularly in scenarios with small-sample datasets and challenging environmental conditions. As demonstrated by its exceptional F1-score of 88.52% on cassava leaf disease and 97.21% on rice leaf disease, PlantViQ has the potential to revolutionize crop management practices by enabling early and accurate disease detection even in the most challenging real-world environments. © The Author(s), under exclusive license to Springer Nature Singapore Pte Ltd. 2024.",0,2024,10.1007/978-981-97-5689-6_38,https://www.scopus.com/pages/publications/85200950796?origin=resultslist,Alzam,Include,PlantViQ,CNN,Cassava; Rice,-,Tantangan deteksi di lingkungan pertanian dunia nyata yang kompleks dan variabel.
Chauhan D.S.; Patidar S.,"Chauhan, Disha Singh (59349710800); Patidar, Sanjay (57211268243)",Plant Disease Diagnosis: A Deep Learning Approach,"Plant diseases have a considerable impact on agricultural crop output and quality. Automated disease identification using computer vision algorithms can help in early diagnosis and containment of disease transmission. In this study, we looked into the use of deep learning models for the detection of plant diseases, specifically the Xception net for feature extraction and the Vision Transformer for classification. With over 50,000 photos of 38 different plant species representing 14 different disease classifications, the Plant Village dataset was used. Our goal was to outperform earlier research on this dataset in terms of results. In order to detect plant diseases using deep learning models, we reviewed the literature on recent studies and research in this area. We chose Xception net and Vision Transformer as our models for feature extraction and classification, respectively, based on our investigation. The Plant Village dataset was gathered and pre-processed, and training and validation sets were created from it. After that, we used the dataset to train and assess the models, using the evaluation criteria of accuracy, precision, and loss. According to our experimental findings, the combination of Xception net and Vision Transformer outperformed earlier studies on this dataset in terms of accuracy on the validation set. We examined the variables that affected the models’ performance and talked about the implications of our study for agricultural and food security. Our study contributes to the development of automated disease detection tools that can aid in early illness detection and disease prevention, ultimately enhancing crop yields and quality. © The Author(s), under exclusive license to Springer Nature Singapore Pte Ltd. 2024.",0,2024,10.1007/978-981-97-2508-3_51,https://www.scopus.com/pages/publications/85205377135?origin=resultslist,Alzam,Include,ViT,Xception Net,PlantVillage,-,Kebutuhan akan alat deteksi penyakit otomatis untuk diagnosis dini dan pencegahan penyakit
Naveed F.; Masih A.; Mahmood J.; Ahmed M.; Ali A.; Saddiqa A.; Abdulnabi M.S.H.; Agbozo E.,"Naveed, Fareeha (59721328500); Masih, Adven (57201772722); Mahmood, Jabar (57226020537); Ahmed, Moeez (59721686300); Ali, Aitizaz (56242072300); Saddiqa, Aysha (59479830200); Abdulnabi, Mohamed Shabbir Hamza (59721334500); Agbozo, Ebenezer (57195492315)",Sustainable AI for plant disease classification using ResNet18 in few-shot learning,"Addressing the critical challenge of reduced crop production caused by plant diseases is essential to safeguard agricultural yield and quality. Conventional methods like visual inspection and laboratory testing are both time-consuming and costly. Although Modern AI-based deep learning techniques are promising, their potential in fields such as plant disease identification often remains unexplored due to the requirement of large and expert-labeled data. To mitigate these challenges, it is imperative to explore sustainable approaches that require minimal data while maintaining high accuracy in classification tasks. This research proposes a novel few-shot learning (FSL) framework employing a minimum sample size of 1 image and a maximum of 10 images per class for the accurate classification of plant diseases. The architecture incorporates a pre-training phase based on transfer learning as a feature extractor, followed by meta-learning using Prototypical Networks (ProtoNets) for class prototype computation and distance-based classification. The study evaluates the effectiveness of the proposed approach on the PlantVillage as well as rice disease datasets, performing comparative analyses among different transfer learning models such as ResNet18, ResNet50, and Vision Transformers in combination with Prototypical Networks under various N-way classification tasks (3-way, 5-way, and 10-way) and support sample (K-shot) settings (K =1, K =5, K =10). The experimental findings indicate that the proposed combination of pretraining through ResNet18 with Prototypical Networks achieved an impressive accuracy of 93% and 75% on PlantVillage. The proposed model's performance was further evaluated on rice disease data where it achieves the average accuracy of 75%. Specifically, the proposed model demonstrated the ability to classify 10 distinct plant diseases with high accuracy when provided with a suitable sample size per class. The proposed framework offers a substantial advancement in sustainable AI for plant disease recognition by enhancing the model generalization, enabling accurate classification across numerous classes with minimal sample size, and addressing data scarcity in AI-driven agricultural solutions. © 2025 The Authors",35,2025,10.1016/j.array.2025.100395,https://www.scopus.com/pages/publications/105001687429?origin=resultslist,Aqil,Include,ViT,ResNet-18; ResNet-50; Prototypical Networks (ProtoNets),PlantVillage;Dataset penyakit padi,-,"Metode DL konvensional membutuhkan data besar berlabel pakar, harus dicari pendekatan few-shot learning dengan sampel minimal."
Pal C.; Karmakar S.; Mukherjee I.; Chakrabarti P.P.,"Pal, Chiranjit (57214414445); Karmakar, Swastik (60058153500); Mukherjee, Imon (54883048800); Chakrabarti, Partha Pratim (7101793021)",A lightweight and explainable CNN model for empowering plant disease diagnosis,"Crop disease is a significant challenge in agriculture, requiring quick and precise detection to safeguard yields and reduce economic losses. Traditional diagnostic methods are slow, labor-intensive, and rely on expert knowledge, limiting scalability for large-scale operations. To overcome these challenges, a novel architecture called Mob-Res, combining residual learning with the MobileNetV2 feature extractor, is introduced in this work. Despite having only 3.51 million parameters, Mob-Res is lightweight and well-suited for mobile applications while delivering exceptional performance. The proposed model is assessed using two benchmark datasets: Plant Disease Expert, consisting of 199,644 images across 58 classes, and PlantVillage, with 54,305 images across 38 classes. Through a rigorous training strategy, Mob-Res demonstrates robust performance, achieving 97.73% average accuracy on the Plant Disease Expert dataset and 99.47% on the PlantVillage dataset. The cross-domain validation rate (CDVR) is computed to assess its cross-domain adaptability, with the model showing competitive results compared to other pre-trained models. Additionally, Mob-Res outperforms prominent pre-trained CNN architectures, surpassing ViT-L32 while maintaining a significantly lower parameter count and achieving faster inference times. The proposed model enhances interpretability by utilizing Gradient-weighted Class Activation Mapping (Grad-CAM), Grad-CAM++, and Local Interpretable Model-agnostic Explanations (LIME). These techniques provide visual insights into the neural regions influencing the predictions. The experimental results conducted in the current work highlight Mob-Res as a promising solution for automated plant disease detection, supporting large-scale agricultural operations and advancing global food security. © The Author(s) 2025.",31,2025,10.1038/s41598-025-94083-1,https://www.scopus.com/pages/publications/105013874508?origin=resultslist,Aqil,Exclude,ViT-L/32,CNN; Mob-Res; MobileNetV2; Grad-CAM; Grad-CAM++; LIME,Plant Disease Expert;PlantVillage,-,"Metode lambat, pengerjaan yang intensif, serta butuhnya pakar ahli, membuat skalabilitas untuk pertanian besar menjadi sulit dicapai."
Rezaei M.; Diepeveen D.; Laga H.; Gupta S.; Jones M.G.K.; Sohel F.,"Rezaei, Masoud (58918870600); Diepeveen, Dean (6506868321); Laga, Hamid (8717100800); Gupta, Sanjiv (55495152900); Jones, Michael G.K. (7501847580); Sohel, Ferdous (9273356400)",A transformer-based few-shot learning pipeline for barley disease detection from field-collected imagery,"Artificial intelligence (AI) and deep learning (DL) for plant disease detection are emerging research areas. DL methods generally require a large amount of annotated data for training, which is often costly, time-consuming, and infeasible. This article addresses the data scarcity problem and proposes a few-shot learning (FSL) method for barley plant disease detection. To prepare a dataset, we captured images from outdoor test-bed trials (at two different growth stages of plants across multiple paddocks) under various weather conditions, such as sunny and cloudy. The images are divided into patches and manually labelled into five classes: no-disease, net form net blotch (NFNB) (which is classified into two stages: early and severe), spot form net blotch (SFNB), and scald. We name this as the Barley dataset. We also used the publicly available cassava dataset, which has five classes. The datasets are then applied to the proposed FSL pipeline, which only uses as few as five images for each class in training. We use the Swin transformer as the network backbone. The method with the Swin-B variant as the feature extractor achieved a detection accuracy of 91.80% and 97.93% on the barley disease and cassava datasets, respectively. The result indicates that our FSL model can efficiently perform and classify barley disease with small training data. © 2024 The Authors",26,2025,10.1016/j.compag.2024.109751,https://www.scopus.com/pages/publications/85211358852?origin=resultslist,Aqil,Exclude,Swin-T,Artificial Intelligence (AI); DL (DL),Barley dataset;Cassava dataset,-,"Data beranotasi untuk pelatihan DL sangat mahal, memakan waktu, dan tidak praktis didapat."
Ghosh H.; Rahat I.S.; Emon M.M.R.; Mashrafi M.J.; Al Arafat Tanzin M.A.; Mohanty S.N.; Kant S.,"Ghosh, Hritwik (58613938700); Rahat, Irfan Sadiq (58613785800); Emon, Md. Mintajur Rahman (59749367000); Mashrafi, Md. Jisan (59749855000); Al Arafat Tanzin, Mohammed Abdul (59749367100); Mohanty, Sachi Nandan (36170793300); Kant, Shashi (57941200700)",Advanced neural network architectures for tomato leaf disease diagnosis in precision agriculture,"Proposed a hybrid AI model combining Swin Transformer, Vision Transformer, and EfficientNetV2 for robust detection of tomato leaf diseases. Achieved exceptional classification accuracy, identifying healthy and diseased leaves across diverse conditions with nearly 98% precision. Offers a scalable solution for precision agriculture, enhancing early disease detection and reducing reliance on manual inspections, improving productivity. © The Author(s) 2025.; This study addresses the critical challenge of detecting and classifying tomato leaf diseases using advanced deep learning technologies, a pivotal step in enhancing productivity within precision agriculture. We developed a novel diagnostic system capable of categorizing tomato leaves into ten distinct classes—nine corresponding to specific diseases and one for healthy leaves. The system incorporates a dataset of 6,000 images, which underwent extensive preprocessing, including resizing to 256 × 256 pixels, grayscale conversion, normalization, masking, and augmentation, to optimize input quality for the model. Our approach stands out through the integration of state-of-the-art neural network architectures—VGG19, Vision Transformer (ViT), EfficientNetV2, ConvNeXt—and a novel hybrid model specifically designed to leverage the strengths of diverse architectures. Performance evaluation demonstrated that the hybrid model outperformed all individual architectures, achieving an exceptional classification accuracy of 98%, ensuring robust disease detection under varying conditions. To enhance interpretability, Grad-CAM and LIME techniques were employed, highlighting critical image regions and influential features for classification. This comprehensive and innovative approach not only deepens understanding in plant pathology through automated systems but also sets a new benchmark for future advancements in plant disease detection leveraging machine learning. © The Author(s) 2025.",26,2025,10.1007/s43621-025-01149-1,https://www.scopus.com/pages/publications/105003161286?origin=resultslist,Aqil,Include,ViT; Swin-T,EfficientNetV2; VGG19; ConvNeXt; Grad-CAM; LIME,Dataset gambar daun tomat (6.000 gambar),-,"Kebutuhan akan deteksi penyakit secara robust dan adaptif menekan angka inspeksi manual demi produktivitas di kondisi yang bervariasi,."
Nyawose T.; Maswanganyi R.C.; Khumalo P.,"Nyawose, Thandiwe (60159546100); Maswanganyi, Rito Clifford (57914357500); Khumalo, Philani (57200144064)",A Review on the Detection of Plant Disease Using Machine Learning and Deep Learning Approaches,"The early and accurate detection of plant diseases is essential for ensuring food security, enhancing crop yields, and facilitating precision agriculture. Manual methods are labour-intensive and prone to error, especially under varying environmental conditions. Artificial intelligence (AI), particularly machine learning (ML) and deep learning (DL), has advanced automated disease identification through image classification. However, challenges persist, including limited generalisability, small and imbalanced datasets, and poor real-world performance. Unlike previous reviews, this paper critically evaluates model performance in both lab and real-time field conditions, emphasising robustness, generalisation, and suitability for edge deployment. It introduces recent architectures such as GreenViT, hybrid ViT–CNN models, and YOLO-based single- and two-stage detectors, comparing their accuracy, inference speed, and hardware efficiency. The review discusses multimodal and self-supervised learning techniques to enhance detection in complex environments, highlighting key limitations, including reliance on handcrafted features, overfitting, and sensitivity to environmental noise. Strengths and weaknesses of models across diverse datasets are analysed with a focus on real-time agricultural applicability. The paper concludes by identifying research gaps and outlining future directions, including the development of lightweight architectures, integration with Deep Convolutional Generative Adversarial Networks (DCGANs), and improved dataset diversity for real-world deployment in precision agriculture. © 2025 by the authors.",25,2025,10.3390/jimaging11100326,https://www.scopus.com/pages/publications/105020012331?origin=resultslist,Aqil,Exclude,GreenViT; ViT,ML; DL (DL); CNN; YOLO; Deep Convolutional Generative Adversarial Networks (DCGANs),Beragam dataset (- spesifik),-,Generalisasi terbatas; dataset kecil dan tidak seimbang; fitur buatan tangan; overfitting; sensitivitas terhadap noise lingkungan.
Salman Z.; Muhammad A.; Han D.,"Salman, Zafar (58540563500); Muhammad, Abdullah (59061894600); Han, Dongil (13005656200)",Plant disease classification in the wild using vision transformers and mixture of experts,"Plant disease classification using deep learning techniques has shown promising results, especially when models are trained on high-quality images. However, these models often suffer from a significant drop in their accuracies when tested in real-world agricultural settings. In the wild, models encounter images that are significantly different from the training data in aspects like lighting conditions, capturing conditions, image resolution, and the severity of disease. This discrepancy between the training images and images in-the-wild conditions poses a major challenge for deploying these models in agricultural settings. In this paper, we present a novel approach to address this issue by combining a Vision Transformer backbone with a Mixture of Experts, where multiple expert models are trained to specialize in different aspects of the input data, and a gating mechanism is implemented to select the most relevant experts for each input. The use of Mixture of Experts allows the model to dynamically allocate specialized experts to different types of input data, improving model performance across diverse image conditions. The approach significantly improves performance on diverse datasets that contain a range of image capturing conditions and disease severities. Furthermore, the model incorporates entropy regularization and orthogonal regularization, aiming to enhance the robustness and generalization capabilities. Experimental results demonstrate that the proposed model achieved a 20% improvement in accuracy compared to Vision Transformer (ViT). Furthermore, it demonstrated a 68% accuracy on cross-domain datasets like PlantVillage to PlantDoc, surpassing baseline models such as InceptionV3 and EfficientNet. This highlights the potential of our model for effective deployment in dynamic agricultural environments. Copyright © 2025 Salman, Muhammad and Han.",23,2025,10.3389/fpls.2025.1522985,https://www.scopus.com/pages/publications/105009544620?origin=resultslist,Aqil,Include,ViT,InceptionV3; EfficientNet; Mixture of Experts (MoE),PlantVillage;PlantDoc,-,"Penurunan akurasi saat diuji di kondisi lapangan nyata akibat perbedaan pencahayaan, resolusi, dan tingkat keparahan penyakit."
Zeng Z.; Mahmood T.; Wang Y.; Rehman A.; Mujahid M.A.,"Zeng, Zhuo (59995628800); Mahmood, Tariq (57208210697); Wang, Yu (57218520995); Rehman, Amjad (35093155800); Mujahid, Muhammad Akram (57258056900)",AI-driven smart agriculture using hybrid transformer-CNN for real time disease detection in sustainable farming,"Plant diseases pose a significant threat to global food security, with severe implications for agricultural productivity. Early and accurate detection of these diseases is crucial, yet it remains a challenging task, significantly impacting crop yields and food supply chains. Despite the progress in artificial intelligence, particularly deep learning, challenges persist in real-world applications due to environmental noise, varying light conditions, and other complicating factors that hinder detection accuracy. This study introduces the AttCM-Alex model, a novel deep-learning framework designed to boost the detection and classification of plant diseases under challenging environmental conditions. By integrating convolutional operations with self-attention mechanisms, AttCM-Alex effectively addresses the variability in light intensity and image noise, ensuring robust performance. To simulate practical agricultural scenarios, the study employs bilinear interpolation for image dimension adjustment and introduces Salt-and-Pepper noise. Additionally, the model’s robustness was evaluated by varying image brightness levels by ±10%, ±20%, and ±30%. Experimental results demonstrate that AttCM-Alex significantly outperforms traditional models, particularly in scenarios involving fluctuating light conditions and noise interference. The model achieved a peak detection accuracy of 0.97 with a 30% increase in image brightness and maintained an accuracy of 0.93 even with a 30% decrease in brightness, highlighting its robustness and reliability. The findings affirm the AttCM-Alex model as a powerful tool for real-world agricultural applications, capable of enhancing disease detection systems’ accuracy and efficiency. This advancement not only supports better crop management practices but also contributes to sustainable agriculture and global food security. © The Author(s) 2025.",18,2025,10.1038/s41598-025-10537-6,https://www.scopus.com/pages/publications/105010627895?origin=resultslist,Aqil,Exclude,,CNN; AttCM-Alex,-,-,Kebisingan lingkungan dan kondisi cahaya bervariasi di aplikasi dunia nyata.
Batool A.; Byun Y.-C.,"Batool, Amreen (57219626218); Byun, Yung-Cheol (8897891700)",Revolutionizing plant disease diagnosis through vision-based intelligence and next-generation computing,"Plant diseases significantly threaten global agriculture by reducing crop quality and yield. Early and accurate detection is vital to mitigate these impacts and ensure food security. This review presents a comprehensive survey of vision-based machine learning (ML) and deep learning (DL) approaches for plant disease detection. This review introduces a comparative analysis of more than 25 benchmark datasets and categorizes the progression from traditional ML methods to advanced DL models such as CNN, GAN, and Vision Transformers. This paper also addresses practical challenges such as image noise, environmental variability, and the domain gap between controlled and real-world datasets. Furthermore, the review explores the integration of Large Language Models (LLMs) into plant disease monitoring pipelines for annotation assistance, real-time farmer interaction, and multimodal reasoning. Moreover, the study emphasizes mobile and edge AI applications, including smartphone-based tools, AR interfaces, and IoT-enabled monitoring, enhancing accessibility for farmers in resource-constrained environments. A novel gap analysis and research roadmap are proposed to differentiate from existing works, outlining a future AI-driven agricultural ecosystem. This review concludes by identifying critical challenges and offering actionable research directions for robust, scalable, and interpretable plant disease detection systems in real-world agricultural settings. © 2025 Elsevier Ltd",11,2025,10.1016/j.compeleceng.2025.110695,https://www.scopus.com/pages/publications/105016758254?origin=resultslist,Aqil,Exclude,ViT,ML; DL (DL); CNN; GAN; Large Language Models (LLM),Lebih dari 25 dataset benchmark,-,"Kebisingan (noise) pada gambar, variasi lingkungan, dan perbedaan domain (domain gap) antara dataset lab dan dunia nyata."
Yu S.; Xie L.; Dai L.,"Yu, Sheng (55741357500); Xie, Li (59818854500); Dai, Liang (59987754900)",ST-CFI: Swin Transformer with convolutional feature interactions for identifying plant diseases,"The increasing global population, coupled with the diminishing availability of arable land, has rendered the challenge of ensuring food security more pronounced. The prompt and precise identification of plant diseases is essential for reducing crop losses and improving agricultural yield. This paper introduces the Swin Transformer with Convolutional Feature Interactions (ST-CFI), a state-of-the-art deep learning framework designed for detecting plant diseases through the analysis of leaf images. The ST-CFI model effectively integrates the strengths of the Convolutional Neural Networks (CNNs) and Swin Transformers, enabling the extraction of both local and global features from plant images. This is achieved through the implementation of an inception architecture and cross-channel feature learning, which collectively enhance the information necessary for detailed feature extraction. Comprehensive experiments were conducted using five distinct datasets: PlantVillage, Plant Pathology 2021 competition dataset, PlantDoc, AI2018, and iBean. The ST-CFI model exhibited exceptional performance, achieving an accuracy of 99.96% on the PlantVillage dataset, 99.22% on iBean, 86.89% on AI2018, and 77.54% on PlantDoc. These results underscore the model’s robustness and its capacity to generalize across various datasets and real-world conditions. The high accuracy and F1 scores, in conjunction with low loss values, further validate the model’s efficacy in learning discriminative features. The ST-CFI model signifies a substantial advancement in the early and accurate detection of plant diseases, serving as a valuable instrument for precision agriculture. Its capacity to integrate CNNs and Transformers within a unified framework enhances the model’s feature extraction capabilities, resulting in improved accuracy in the identification of plant diseases. This study concludes that the ST-CFI model effectively addresses plant disease detection challenges, with significant implications for agricultural sustainability and productivity. © The Author(s) 2025.",10,2025,10.1038/s41598-025-08673-0,https://www.scopus.com/pages/publications/105010442005?origin=resultslist,Aqil,Exclude,Swin-T,CNN; ST-CFI; Inception architecture,PlantVillage;Plant Pathology 2021;PlantDoc;AI2018;iBean,-,"Meningkatnya populasi dan menyusutnya lahan subur memicu perlunya model ekstrasi fitur lokal maupun global yang presisi,."
Dai G.; Tian Z.; Wang C.; Tang Q.; Chen H.; Zhang Y.,"Dai, Guowei (59799033400); Tian, Zhimin (58197599600); Wang, Chaoyu (58197705500); Tang, Qingfeng (57190975060); Chen, Hu (57189326786); Zhang, Yi (57203829244)",Lightweight Vision Transformer with Lite-AVPSO Hyperparameter Optimization for Agricultural Disease Recognition,"Plant disease identification and management are vital for crop protection, productivity, and sustainable agriculture. This paper presents RepAgrViT, a lightweight vision transformer architecture for agricultural disease recognition in Internet of Things edge environments. The proposed model integrates CNN with vision transformer principles through a novel dual-stream design comprising token mixer and channel mixer arranged in series. A Bilinear Attention Transformation module performs extensive local-global attention via direct feature position connections. This enables comprehensive capture of long-range dependencies between healthy and diseased leaf regions. We introduce an efficient parameter fusion methodology that optimizes depthwise separable convolutions while integrating normalized weights with biases, reducing model complexity. Furthermore, we propose Lite-AVPSO, a hyperparameter optimization algorithm for precise model configuration. It incorporates adaptive weighted delayed velocity optimization and neighborhood-based local search strategies. Visualization techniques using multi-channel color heatmaps and three-dimensional feature spaces provide interpretable diagnostic results. Experiments across diverse plant disease datasets demonstrate RepAgrViT efficacy in capturing discriminative disease features while maintaining computational efficiency suitable for resource-constrained agricultural monitoring systems, establishing a foundation for efficient vision-based monitoring in real-time agricultural applications. © 2014 IEEE.",9,2025,10.1109/JIOT.2025.3574084,https://www.scopus.com/pages/publications/105006923670?origin=resultslist,Aqil,Include,RepAgrViT,CNN; Lite-AVPSO,Beragam dataset penyakit tanaman,-,"Kompleksitas model yang tinggi, perlu diadaptasi untuk lingkungan edge IoT dengan sumber daya terbatas,."
Zhang A.; Liu W.,"Zhang, Ao (59657008900); Liu, Wei (59303537200)",Plant Disease Detection Using an Innovative Swin-Axial Transformer,"Plant diseases are a significant threat to global agricultural production, and accurate and efficient disease detection is crucial for ensuring food security. With the rapid development of deep learning technology, Transformer architectures have demonstrated strong global feature extraction capabilities in image classification and detection tasks. However, traditional Transformer models still face high computational costs and large parameter volumes when handling multi-scale diseases and complex backgrounds. To address this challenge, this paper proposes the Swin-Axial Transformer model based on the Swin Transformer. By introducing the TokenEmbedder module, the number of tokens is reduced, and multi-scale deep convolution is used to efficiently extract image features, significantly lowering computational costs. Furthermore, the Axial Transformer module reduces computational complexity by restricting self-attention calculations to local regions along the axial direction. With the combination of the Axial Compression module and the Detail Enhancement module, the model can efficiently extract global semantic features and effectively supplement local detail information. Compared to traditional global self-attention mechanisms, the Axial Transformer successfully avoids computational bottlenecks through axial compression strategies. Experimental results show that the model achieves a precision of 79.52% on the PlantDoc dataset, 99.79% on the PlantVillage dataset, and 95.69% on a self-constructed fusion dataset. The model’s parameter size is 14.87 M with a computational load of 2.96 GMac, which represents a reduction of 46% and 32%, respectively, compared to the Swin Transformer-T model, significantly improving computational efficiency. The model presented in this paper provides an efficient and reliable solution for large-scale crop disease detection. © 2013 IEEE.",9,2025,10.1109/ACCESS.2025.3578486,https://www.scopus.com/pages/publications/105008081710?origin=resultslist,Aqil,Exclude,Swin-T; Swin-Axial Transformer; Axial Transformer,DL; Multiscale Deep Convolution,PlantDoc;PlantVillage;Dataset Fusi,-,Biaya komputasi tinggi dan volume parameter besar ketika menangani penyakit multi-skala serta latar belakang kompleks.
Kalpana P.; Gera P.; Alabdulkreem E.; Quasim M.T.; Baili J.; Cho Y.; Nam Y.,"Kalpana, Ponugoti (57210597234); Gera, Pradeepini (37071235400); Alabdulkreem, Eatedal (55320872600); Quasim, Mohammad Tabrez (57194206188); Baili, Jamel (6504321628); Cho, Yongwon (57207994267); Nam, Yunyoung (8971732400)",An ensemble heterogeneous transformer model for an effective diagnosis of multiple plant diseases,"Plant diseases are a significant challenge to sustainable farming resulting in drastic losses of crop quality and quantity. Conventional diagnostic procedures like manual examination and single-model deep learning-based methods tend to be ineffective in identifying overlapping appearances, detailed textures of leaves, and environmental changes, which results in inconsistent performance. In order to address these issues, this paper presents an ensemble transformer framework that incorporates the segmentation, classification and optimization to identify multi-diseases in plants accurately. The framework has a two phase design. At the initial stage, U-Net and Swin Transformer V2 detect the disease-affected leaf areas with high accuracy, and the important features are correctly captured. In the second stage, classification is carried out using CoAtNet and its enhanced variant, which combine convolutional feature extraction with transformer-based global context learning. To further improve decision-making, a meta-heuristic fusion strategy based on the Levy Flight Honey Badger Algorithm dynamically weights classifier outputs, enhancing robustness and reducing misclassifications. Model interpretability is enhanced through GRAD-CAM visualizations, providing clear insights into the regions influencing disease classification. The framework was extensively evaluated on the PlantVillage dataset containing 54,305 images across 38 classes. Results demonstrate outstanding performance, with 99.31% accuracy, 99.32% precision, 99.31% recall, 99.32% specificity, and 99.31% F1-score. The ensemble segmentation approach exhibits a statistically significant 7.34% improvement over single-method implementations. Moreover, the heterogeneous ensemble model achieves 8.43% and 14.59% superiority over homogeneous ensembles and individual models, respectively. The integration of segmentation, hybrid transformer architectures, and meta-heuristic decision fusion delivers a powerful, interpretable, and highly reliable solution for early plant disease detection, offering strong potential for real-world agricultural deployment. Copyright © 2025 Kalpana, Gera, Alabdulkreem, Quasim, Baili, Cho and Nam.",9,2025,10.3389/fpls.2025.1693095,https://www.scopus.com/pages/publications/105025534402?origin=resultslist,Aqil,Exclude,Swin-T V2,U-Net; CoAtNet; Levy Flight Honey Badger Algorithm,PlantVillage,-,"Prosedur konvensional tidak mampu menangkap tekstur spesifik, masalah overlap tampilan penyakit, dan perubahan lingkungan."
Aderinwale D.A.; Sah M.,"Aderinwale, David Adeyinka (59561014900); Sah, Melike (22836158400)",Plant Disease Classification Using an Ensemble Learning Model of Convolutional Neural Networks and Vision Transformers,"Plant diseases pose a significant threat to global agriculture, leading to substantial crop losses and jeopardizing food security. Existing methods for plant disease classification, such as manual inspection, are labor-intensive, error-prone, and require specialized expertise. To address these challenges, this research proposes an integration of Convolutional Neural Networks (CNNs) and Vision Transformers (ViTs) through an ensemble learning model to enhance the accuracy and robustness of plant disease detection systems. CNNs are proficient in localized feature extraction, while ViTs excel in capturing global contextual information. By combining these complementary capabilities, the ensemble model aims to overcome the limitations of individual architectures, such as CNNs' limited global context understanding and ViTs' computational demands. First we investigated various CNN models suitable for plant disease classification, then ViT model variants are experimented. Using transfer learning, various CNN and ViT models are trained; we call these base models. Finally, prediction outputs of the base models are combined using an averaging ensemble strategy. Experimental results demonstrate the effectiveness of the proposed ensemble model. While standalone models such as DenseNet121 and ResNet50 achieved accuracies of 99.78% and 99.46%, respectively, and ViT-b16 outperformed at 99.80%, the ensemble model surpassed these with an accuracy of 99.87%. This improvement underscores the ensemble framework's ability to integrate CNNs' localized feature extraction with ViTs' global feature understanding, reducing misclassification risks and enhancing reliability. © 2025 IEEE.",7,2025,10.1109/ICHORA65333.2025.11017080,https://www.scopus.com/pages/publications/105008422629?origin=resultslist,Aqil,Include,ViT; ViT-B/16,CNN; DenseNet121; ResNet-50,-,-,Keterbatasan arsitektur individu seperti ketidakmampuan CNN menangkap konteks global dan tingginya biaya komputasi ViT.
Imeraj G.; Iyatomi H.,"Imeraj, Gent (57221557851); Iyatomi, Hitoshi (7801446758)",Waveshift Augmentation: A Physics-Driven Strategy in Fine-Grained Plant Disease Classification,"Recent advancements in computer vision and machine learning enable automatic and precise plant disease diagnosis. However, the necessity for meticulous data segmentation by origin and the demand for extensive data collection lead to performance degradation in even state-of-the-art models. These issues arise because symptom-identifying features are often weak and diverse, and domain differences can overshadow these distinctions. To address these challenges, this study introduces Waveshift augmentation, a novel online augmentation technique inspired by the natural phenomenon of light propagation. The method aims to enhance model generalization by simulating light dynamics to improve adaptability to varying image conditions. Our methodology involves applying Waveshift augmentation to a large-scale fine-grained private plant dataset (tomato, strawberry, cucumber, and eggplant) and several public datasets, complemented by geometric transformations and contemporary techniques such as CLAHE, AugMix, and RandAugment. The results demonstrate that Waveshift augmentation achieves significant improvements in diagnostic performance, with notable macro F1 score gains across different backbone architectures including EfficientNetV2 (1.37 points), Swin Transformer (1.35 points), and ConvNeXt (0.80 points). Moreover, our method maintains competitive computational efficiency and supports real-time applications. This study highlights the effectiveness of Waveshift augmentation in overcoming generalization challenges and opens avenues for its application in various image-processing disciplines. Future work will focus on refining the hyperparameter optimization and exploring the impact of varying image shapes and asymmetric propagators. © 2025 IEEE.",6,2025,10.1109/ACCESS.2025.3541780,https://www.scopus.com/pages/publications/85217955447?origin=resultslist,Aqil,Exclude,Swin-T,EfficientNetV2; ConvNeXt,Dataset privat (tomat; stroberi; mentimun; terong);Dataset publik,-,Fitur identifikasi gejala yang lemah dan beragam; perbedaan domain yang menurunkan performa model.
Santhosh S.; Thiyagarajan R.,"Santhosh, Shylaja (59693098900); Thiyagarajan, Revathi (57200188396)",An Enhancement of YOLOV3-Tiny Model for Turmeric Plant Disease Detection,"Turmeric is a rhizomatous crop recognized for its medicinal effects which requires significant observation to ensure appropriate growth and progression. Turmeric plant diseases cause yield losses impacting food production systems and causing economic losses. Early prevention of these diseases is crucial for improving agricultural productivity. For this reason, The Improved YOLOV3-Tiny Model (IY3TM) was developed using Cycle-GAN and Convolutional Neural Network (CNN) with residual network for the early turmeric plant disease detection. However, this model leads to the omission of vital details along with the exact positioning of key attributes, thereby decreasing prediction accuracy. To resolve this, Convolutional and Vision Transformer model for Turmeric Diseases Detection (ConViT-TDD) is proposed for the prediction of turmeric plant diseases. ConViT-TDD is integrated into IY3TM with a self-attention mechanism and CNN-based global perspective to enhance the performance of the model A ConViT-TDD block involves the input channel transformation, the channel as well as spatial attention mechanism and global-minded transformers. The input channel transformation utilizes a convolutional layer to minimize the dimension of input channel and reduces the computational complexity. Global-minded transformers generate a feature vector based on the input channel transformation that is then transmitted to the encoder component. By collecting channel weights and spatial weights, respectively, the channel and spatial attention modules enhance the model's sensitivity to certain channel attributes and spatial locations, hence altering the feature representation of those channels and spatial locations. The attention module can adaptively change the weights of channel and spatial features for improved feature extraction and fusion. Once the initial attributes are reformed, the IY3TM detects and classifies the turmeric plant diseases. The test outcomes reveal that the ConViT-TDD model accomplishes an overall accuracy of 93.16% on the collected turmeric plant diseases images which is contrasted with the classical CNN models. © 2025, American Scientific Publishing Group (ASPG). All rights reserved.",5,2025,10.54216/JISIoT.160106,https://www.scopus.com/pages/publications/105000033695?origin=resultslist,Aqil,Include,ConViT-TDD,YOLOV3-Tiny; Cycle-GAN; CNN; Residual Network,Dataset penyakit tanaman kunyit (koleksi privat),-,Model sebelumnya menghilangkan detail vital dan penempatan atribut kunci yang tidak tepat sehingga menurunkan akurasi prediksi.
Hajoub M.W.; Touil H.; Begdouri M.A.,"Hajoub, Mohamed Walid (58553531000); Touil, Hicham (55497629100); Begdouri, Mohammed Achkari (57734037400)",Innovative Hybrid Approach for Efficient Lightweight Vision Transformer Networks in Plant Disease Detection,"The world is currently facing numerous food security challenges. Plant diseases are among the primary issues, recognized as major contributors to crop losses. These losses significantly undermine food production and the global economy. Traditional plant disease detection methods remain reliant on manual assessments by agricultural experts, which can result in prolonged delays and high monitoring costs. Recently, novel solutions have emerged, leveraging the synergy between computer vision and deep learning techniques for early plant disease detection. Recent studies have explored Vision Transformer architecture for disease diagnosis. While these architectures demonstrate significant potential, they also present limitations, such as high computational complexity and a low inductive bias for locality. To address these challenges, we suggest a hybrid model named EcoGreenViT, which combines the power of Vision Transformers with the performance of convolutional neural networks for plant disease detection. Our proposed approach was evaluated on a large public crop disease dataset containing 54305 images of different diseases to assess its performance. Our experimental results indicate that EcoGreenViT achieved the best combination of accuracy and computational cost on the PlantVillage dataset. Our approach clearly outperforms five well-known CNN architectures in terms of accuracy. Additionally, EcoGreenViT surpasses the original vision transformers by achieving the same accuracy with just half the training time by reducing the number of parameters up to 41.86%. These advantages of a reduced number of parameters render our EcoGreenViT model especially ideal for applications in smart agriculture, by facilitating deployment in resource limited environment. © (2025), (Intelligent Network and Systems Society). All Rights Reserved.",4,2025,10.22266/ijies2025.0630.24,https://www.scopus.com/pages/publications/105004989532?origin=resultslist,Aqil,Include,EcoGreenViT; ViT,CNN,PlantVillage,-,Arsitektur ViT konvensional memiliki kompleksitas komputasi yang tinggi dan induktif bias yang rendah untuk lokalitas.
Mahareek E.A.; Cifci M.A.; Desuky A.S.,"Mahareek, Esraa A. (57224225012); Cifci, Mehmet Akif (57191220580); Desuky, Abeer S. (57193097023)","Integrating Convolutional, Transformer, and Graph Neural Networks for Precision Agriculture and Food Security","Ensuring global food security requires accurate and robust solutions for crop health monitoring, weed detection, and large-scale land-cover classification. To this end, we propose AgroVisionNet, a hybrid deep learning framework that integrates Convolutional Neural Networks (CNNs) for local feature extraction, Vision Transformers (ViTs) for capturing long-range global dependencies, and Graph Neural Networks (GNNs) for modeling spatial relationships between image regions. The framework was evaluated on five diverse benchmark datasets—PlantVillage (leaf-level disease detection), Agriculture-Vision (field-scale anomaly segmentation), BigEarthNet (satellite-based land-cover classification), UAV Crop and Weed (weed segmentation), and EuroSAT (multi-class land-cover recognition). Across these datasets, AgroVisionNet consistently outperformed strong baselines including ResNet-50, EfficientNet-B0, ViT, and Mask R-CNN. For example, it achieved 97.8% accuracy and 95.6% IoU on PlantVillage, 94.5% accuracy on Agriculture-Vision, 92.3% accuracy on BigEarthNet, 91.5% accuracy on UAV Crop and Weed, and 96.4% accuracy on EuroSAT. These results demonstrate the framework’s robustness across tasks ranging from fine-grained disease detection to large-scale anomaly mapping. The proposed hybrid approach addresses persistent challenges in agricultural imaging, including class imbalance, image quality variability, and the need for multi-scale feature integration. By combining complementary architectural strengths, AgroVisionNet establishes a new benchmark for deep learning applications in precision agriculture. © 2025 by the authors.",4,2025,10.3390/agriengineering7100353,https://www.scopus.com/pages/publications/105020026972?origin=resultslist,Aqil,Include,ViT,AgroVisionNet; CNN; Graph Neural Networks (GNN); ResNet-50; EfficientNet-B0; Mask R-CNN,PlantVillage;Agriculture-Vision;BigEarthNet;UAV Crop and Weed;EuroSAT,-,"Ketidakseimbangan kelas, variabilitas kualitas gambar, dan kebutuhan integrasi fitur dari berbagai skala."
Mudavat S.M.; Mitra A.; Mohanty S.P.; Kougianos E.,"Mudavat, Sai Mahesh (60102477000); Mitra, Alakananda (57223983135); Mohanty, Saraju P. (7202569569); Kougianos, Elias (14522547800)",LiteViT: Leveraging the Power of Transformers for Edge AI in Crop Disease Classification,"Plant diseases have a significant impact on crop yield, presenting a serious challenge to food security. Despite advances in Artificial Intelligence (AI) for improved disease detection, real-world implementation remains limited due to high computational demands. LiteViT bridges this gap through a proposed Knowledge distillation framework that transforms powerful but computationally heavy Vision transformers (ViTs) into a field-ready tool by distilling the knowledge of a 300 million parameter ViT large teacher into a lightweight MobileViT-XXS (extra-extrasmall) model of size 3.8 MB, achieving 99.3% accuracy while retaining nearly identical performance compared to the teacher s 99.7%. The framework integrates a multimodal explainability framework that visually interprets model predictions to enhance interpretability. This framework demonstrates accurate and explainable plant disease detection, suitable for edge devices; thereby bridging the gap between laboratory and field-level deployment and advancing smart agriculture. © 2025 IEEE.",4,2025,10.1109/ISVLSI65124.2025.11130336,https://www.scopus.com/pages/publications/105016218608?origin=resultslist,Aqil,Include,LiteViT; ViT; MobileViT-XXS,Knowledge Distillation Framework,-,-,Kebutuhan komputasi yang tinggi sehingga membatasi implementasi AI pada perangkat cerdas (edge devices) di lapangan nyata.
Senthil Pandi S.; Kumar P.; Suchindhar R.M.; Karthick R.,"Senthil Pandi, S. (57215061080); Kumar, P. (58265901700); Suchindhar, R.M. (58989003300); Karthick, R. (57195572545)",Hybrid Multistage System for Plant Disease Classification and Treatment Recommendation,"This paper proposes a comprehensive deep learning-based system for plant leaf disease detection, classification, and control with the in-built pest recommendation feature. The model utilizes various best available architectures: U-Net for precise leaf segmentation, EfficientNetV2B0 for stable feature mapping, Relational Graph Convolutional Networks (R-GCN) for disease classification, and Vision Transformer (ViT) for pest mapping. The proposed pipeline begins with U-Net-based image segmentation of high resolution and EfficientNetV2-L feature extraction for pattern detection of disease. R-GCN applies a knowledge graph approach to disease classification based on their usual presentations, while ViT produces disease-pest mappings through attention. Experimental results confirm the system's improved performance with 97.5% accuracy in classification of different disease classes. The in-built pest suggestion module provides contextually relevant treatment suggestions by associating detected illnesses with relevant pest control practices. The work addresses the imperative demand for computer-aided disease diagnosis in precision agriculture, which can reduce chemical use while enhancing yields through timely intervention practices. The system's modular design allows it to be scaled to suit different agricultural environments and types of crops, a huge step towards sustainable agriculture technology. © 2025 IEEE.",3,2025,10.1109/ICCPCT65132.2025.11176740,https://www.scopus.com/pages/publications/105020162998?origin=resultslist,Aqil,Include,ViT,U-Net; EfficientNetV2B0; EfficientNetV2-L; Relational Graph Convolutional Networks (R-GCN),-,-,"Sistem sebelumnya kurang relevan karena hanya mendeteksi; diperlukan model yang sekaligus mampu merekomendasikan taktik pengobatan hama,."
Upadhyay S.K.; Prasad R.,"Upadhyay, Santosh Kumar (57304240000); Prasad, Rajesh (57191422092)",Efficient-ViT B0Net: A high-performance lightweight transformer for rice leaf disease recognition and classification,"Plant disease detection has become a demanding and challenging task in today’s environment because many different types of plants exist world-wide, and very varied infections are found in them. The proposed work introduced a hybrid architecture to perform plant disease recognition and classification accurately and efficiently. The proposed model utilizes the strengths of CNN and Vision Transformer, where CNN successfully extracts local fine-grained texture features quickly. At the same time, ViT plays a vital role in extracting global and deep features from the leaf images. The suggested model was evaluated on a rice leaf dataset for paddy disease recognition and classification. The dataset consists of images representing four different types of rice leaves, with each class containing 4,000 samples. It includes healthy and diseased leaves, where the diseased category is further divided into three specific classes: Brown Spot, Bacterial Leaf Blight, and Leaf Smut. The suggested model worked well on the input dataset and achieved a testing accuracy of 99.13%. The Precision, recall, and F1 score of the proposed model were recorded as 99.13%, 99.13%, and 99.13%, respectively. The proposed method achieves a classification accuracy of 99.13%, outperforming SOTA models such as ViT-small, DenseNet121, ResNet50, EfficientNet B0 and SqueezeNet by 2–9% on the same dataset. The proposed method was compared with other approaches on the same experimental environment. These results demonstrate the effectiveness of our EfficientNet-ViT-based pipeline in capturing both local and global features for accurate rice disease classification. © 2025 The Author(s). Published by the Nigerian Society of Physical Sciences under the terms of the Creative Commons Attribution 4.0 International license.",3,2025,10.46481/jnsps.2025.2940,https://www.scopus.com/pages/publications/105015619845?origin=resultslist,Aqil,Include,ViT; ViT-small,CNN; DenseNet121; ResNet-50; EfficientNet B0; SqueezeNet,Dataset penyakit daun padi (16.000 sampel),-,"Banyaknya keanekaragaman tanaman dan berbagai infeksi spesifik menuntut model yang kuat tapi ringan,."
Nandana A.; Neha M.; Vimina E.R.,"Nandana, Aarsha (60136993200); Neha, M. (59758237000); Vimina, E.R. (59696968400)",A Transformer-based Ensemble Model for Plant Disease Detection,"Plant diseases significantly affect productivity on agriculture, leading to financial losses and food safety issues. This study analysed the efficiency of models trained with deep learning using the PlantVillage dataset for plant disease classification and detection. Various models and ensemble learning techniques, including vision transformers, swin transformers, and MobileNetV2, have been analysed for their efficiency in feature extraction and classification. It was observed that the ensemble model, swin transformer, and mobilenetv2 yielded the highest accuracy of 98.92%, outperforming individual models such as swintransformers (96.83%), vision transformers (96.55%), mobilenetv2(94.15%), and the ensemble model of the swintransformer and xgboost(95.99%). These findings establish a foundation for AI-driven precision farming tools that enable early disease detection and minimise crop loss. © 2025 IEEE.",2,2025,10.1109/ICSCSA66339.2025.11170705,https://www.scopus.com/pages/publications/105018467234?origin=resultslist,Aqil,Include,ViT; Swin-Ts,MobileNetV2; XGBoost,PlantVillage,-,"Ekstraksi fitur dan deteksi butuh lebih akurat dan minim kerugian untuk menghasilkan alat pertanian presisi cerdas AI,."
Meshram K.K.; Khandelwal S.; Kumre J.,"Meshram, Kunal K. (59777906600); Khandelwal, Sarika (37011347300); Kumre, Jyoti (59778299700)",Review: Advanced Deep Learning Models for Real-World Plant Disease Detection and Classification,"The integration of deep learning into plant pathology has transformed the detection and classification of plant diseases, addressing critical challenges in global food security. This systematic review evaluates the progression and efficacy of deep learning architectures for real-world plant disease identification, analyzing 127 studies from 2015 to 2024. We assess foundational Convolutional Neural Networks (CNNs), advanced models like DenseNet and EfficientNet, and emerging Vision Transformers, emphasizing their performance under field conditions. While accuracies exceed 99% in controlled settings, variability in environmental factors poses persistent hurdles. Through comparative tables, we detail architectural strengths, dataset characteristics, augmentation strategies, and performance metrics, incorporating a novel multi- model framework as a case study. This work delineates research gaps and future trajectories, offering a technical foundation for scalable, robust solutions in agricultural diagnostics. © 2025 IEEE.",1,2025,10.1109/ICPCSN65854.2025.11035117,https://www.scopus.com/pages/publications/105010189717?origin=resultslist,Aqil,Exclude,ViT,CNN; DenseNet; EfficientNet,- (127 studi ulasan),-,"Variabilitas faktor lingkungan di kondisi lapangan menimbulkan hambatan konstan; kurangnya solusi diagnostik yang kuat dan dapat diskalakan,."
Dyana Priyatharsini R.C.; Rosline Nesa Kumari G.,"Dyana Priyatharsini, R.C. (60090828800); Rosline Nesa Kumari, G. (60054663000)",Weighted Ensemble ViT-Based Convolution Network for Plant Disease Classification Model Using the Optimization Mechanism and the Feature Fusion Process,"To speed up disease detection and enhance productivity, new technologies have been implemented in modern farming. Accurate and early identification of plant disease diagnosis enhances plant health and the productivity of food crops. Traditional machine learning- and deep learning-based image classification models are implemented to identify plant diseases. However, these techniques may face difficulties in handling huge datasets, which contain several types of plant diseases with environmental variables. To conquer the existing challenges, this work designed an effective leaf disease classification model using deep learning networks. The images of plant leaves are initially gathered from standard datasets. Further, the gathered images are passed to the Weighted Ensemble Vision Transformer-based Convolution Network (WEViTCNet) classification model. Here, the Vision Transformer (ViT) features, Visual Geometry Group (VGG16) features, DenseNet and Xception features are extracted to identify the key features from the data. Moreover, the weighted feature fusion is performed to focus on more relevant features, where weight optimization takes place using the Iteration-aided Red-tailed Hawk Algorithm (IRHA). Finally, the weighted fused features are passed to the remaining layers of the convolution network to obtain the classified outcome. All techniques used in this network are trained on the same dataset. Then, the effectiveness of the designed plant disease segmentation and classification model is contrasted with various baseline models. The results show that the proposed model attains a better accuracy rate of 94.8%. Hence, the proposed model achieves the desired result and superior execution over plant disease classification than other conventional techniques. © 2027 World Scientific Publishing Company.",1,2025,10.1142/S0219467827500689,https://www.scopus.com/pages/publications/105015484469?origin=resultslist,Aqil,Include,WEViTCNet; ViT,VGG16; DenseNet; Xception; Convolution Network,Dataset standar (- spesifik),-,Kesulitan model tradisional menangani dataset besar yang memiliki berbagai jenis penyakit tanaman dengan variabel lingkungan.
Imeraj G.; Iyatomi H.,"Imeraj, Gent (57221557851); Iyatomi, Hitoshi (7801446758)",CLIP-Guided Fusion of Image and Leaf Dictionary Features for Plant Disease Classification,"Plant disease classification from leaf images is often hindered by domain shift and a lack of interpretability. We propose a multimodal framework that integrates visual features with structured semantic information through image-specific alignment. Using LongCLIP (ViT-B/16), our system extracts image embeddings and aligns them with natural language descriptions derived from a self-curated, CLIP-compatible leaf feature dictionary. This dictionary includes 16 botanical categories that capture traits such as leaf margin, venation pattern, texture, and lesion color. CLIP-based similarity scoring selects the most relevant features from each category, which are then synthesized into modular natural language descriptions and converted into binary semantic vectors. These vectors are fused with image embeddings in a dual-encoder architecture, enhancing both classification performance and interpretability. Our method outperforms image-only base-lines across four crop datasets - tomato, cucumber, eggplant, and strawberry - achieving average macro-F1 improvements of +10.89 points on validation and +12.52 points on test data. The approach generalizes effectively to unseen farms, linking predictions to biologically meaningful features and providing a modular, extensible framework for explainable AI in plant health monitoring and beyond. © 2025 IEEE.",1,2025,10.1109/SMC58881.2025.11343588,https://www.scopus.com/pages/publications/105033145397?origin=resultslist,Aqil,Exclude,ViT-B/16,LongCLIP,Dataset tomat;Dataset mentimun;Dataset terong;Dataset stroberi,-,Pergeseran domain dan kurangnya interpretabilitas pada klasifikasi penyakit tanaman dari gambar daun.
Henry A.; Daniel E.; Seetha S.; Durga S.,"Henry, Ajel (60107968100); Daniel, Esther (55811505000); Seetha, S. (56168659600); Durga, S. (56589932000)","Bridging CNNs and Transformers: A Comparative Study of EfficientNet, ResNet, and ViT for Plant Disease Detection","The research is to study and compare Vision Transformers (ViT), EfficientNet, ResNet Deep learning algorithms for identifying plant diseases. Advanced Neural Networks based model for plant disease diagnosis. In order to facilitate automated illness identification, the work uses the EfficientNet framework for classify photos of Crop leaves into several disease categories. We use a large dataset of augmented photos of several plant diseases that we got from Kaggle. To improve model generalization, the dataset is subjected to preprocessing procedures such downsizing, normalization, and data augmentation. The implementation makes use of the PyTorch and TensorFlow frameworks to guarantee reliable training and assessment. To increase accuracy and decrease overfitting, the model is trained batch-wise utilizing optimization strategies including regularization and adaptive learning rate modifications. The classification efficiency is Examined through a range of metrics and indicators, and the conclusions show that the model can correctly identify plant illnesses. The suggested system is a useful tool for initial illness intervention through delivering an automated and scalable technique for agricultural disease surveillance. The system's use of deep learning reduces the need for human interaction while guaranteeing quick and accurate disease diagnosis, which helps farmers manage their crops more successfully. For wider accessibility and useful application in smart agriculture, future developments might incorporate real-time image capturing and cloud-based deployment. © 2025 IEEE.",1,2025,10.1109/ICDICI66477.2025.11135138,https://www.scopus.com/pages/publications/105016612659?origin=resultslist,Aqil,Include,ViT,EfficientNet; ResNet; CNN,Dataset Kaggle (gambar yang diaugmentasi),-,"Kebutuhan interaksi diagnostik otomatis berbasis deep learning agar inspeksi lebih terskala tanpa intervensi manual ahli,."
Mwaibale U.; Mduma N.; Laizer H.; Mgawe B.,"Mwaibale, Upendo (60054002900); Mduma, Neema (56031954500); Laizer, Hudson (56444476000); Mgawe, Bonny (57210234055)",Enhancing detection of common bean diseases using Fast Gradient Sign Method–trained Vision Transformers,"Common bean production in Tanzania is threatened by diseases such as bean rust and bean anthracnose, with early detection critical for effective management. This study presents a Vision Transformer (ViT)-based deep learning model enhanced with adversarial training to improve disease detection robustness under real-world farm conditions. A dataset of 100,000 annotated images augmented with geometric, color, and FGSM-based perturbations, simulating field variability. FGSM was selected for its computational efficiency in low-resource settings. The model, fine-tuned using transfer learning and validated through cross-validation, achieved an accuracy of 99.4%. Results highlight the effectiveness of integrating adversarial robustness to enhance model reliability for mobile-based plant disease detection in resource-constrained environments. Copyright © 2025 Mwaibale, Mduma, Laizer and Mgawe.",1,2025,10.3389/frai.2025.1643582,https://www.scopus.com/pages/publications/105013642294?origin=resultslist,Aqil,Include,ViT,DL; Fast Gradient Sign Method (FGSM),Dataset penyakit tanaman kacang (100.000 gambar),Tanzania,Kebutuhan mendesak deteksi penyakit kacang secara dini dengan sumber daya rendah melalui ponsel untuk manajemen lapangan yang efektif.
Kacmar A.; Brach W.; Halinkovic M.; Kost'al K.; Ries M.,"Kacmar, Adam (60171213300); Brach, William (59566455200); Halinkovic, Matej (58657163700); Kost'al, Kristian (58699072600); Ries, Michal (59830410100)",Augmented Grape Leaf Disease Dataset for Realistic Vineyard Environment using Background Blending,"Plant disease detection models achieve >99% accuracy on datasets with near-perfect conditions but fail catastrophically in real agricultural environments due to spurious correlations with homogeneous backgrounds. We introduce an augmented grape disease dataset that incorporates realistic vineyard environments, doubling PlantVillage to 18,054 images through principled background integration and geometric transformations. Models trained on laboratory-only data suffer severe degradation (62-87% accuracy) on realistic conditions, while our augmented dataset enables robust performance (>97%) across both scenarios. This work challenges current agricultural AI benchmarking and enables deployment-ready disease detection systems. Dataset is publicly available on Huggingface. © 2025 IEEE.",1,2025,10.1109/ELMAR66948.2025.11193742,https://www.scopus.com/pages/publications/105020807824?origin=resultslist,Aqil,Exclude,,DL,PlantVillage;Dataset daun anggur augmentasi realistis,-,Model gagal secara drastis saat berada di lapangan (dunia nyata) akibat korelasi palsu (spurious) dengan background (latar) homogen.
Nahariya N.; Bajaj R.,"Nahariya, Neha (60544217700); Bajaj, Rohit (55608790800)",Vision Transformer-Based Multi-Crop Disease Detection Using Leaf Images,"Crop diseases have always been a significant cause of reduction in the production of crops. Therefore, the need for accurate and automated detection methods that are ecofriendly and support sustainable farming practices has arisen. Conventional Deep Learning (DL) models like convolutional neural networks (CNNs) are very good at detecting plant diseases, but capturing long-range spatial dependencies and inter-class variations over multiple crops is difficult for these models. In this research, a fresh method is presented for disease identification in various crops through a Vision Transformer (ViT)-based system that accepts leaf pictures as input. The suggested model originally divides the picture into separate patches, and afterwards it does self-attention that helps to extract local and global contextual features at the same time. The model is validated with a small dataset of 3,800 images containing 76 disease categories. Data augmentation and transfer learning methods are used to strengthen the model and increase its ability to give good results on new data. The outcome of the trials shows that the ViT model has a test accuracy of 95.7% and thus surpasses traditional CNN-based models like VGG16 and ResNet50 in performance. The attention map visualization shows that the model correctly focuses on the disease-affected areas, which in turn makes the output more interpretable. The innovation presented is a low-cost, clear, and adaptable method for prompt disease diagnosis in smart farming systems. © 2025 IEEE.",0,2025,10.1109/GCWCN66157.2025.11448402,https://www.scopus.com/pages/publications/105037319137?origin=resultslist,Aqil,Include,ViT,CNN; VGG16; ResNet-50,Dataset privat (3.800 gambar; 76 kategori penyakit),-,Model DL konvensional (CNN) kesulitan menangkap dependensi spasial jarak jauh dan variasi antar-kelas pada berbagai tanaman.
Munda K.K.; Patil N.,"Munda, Krishna Kumar (59954494000); Patil, Nagamma (56539395200)",A Deep Learning Framework for Plant Disease Detection,"As a major source of nutritious food, the agriculture industry supports economies and feeds people. Yet, the production of food is severely hampered by plant diseases. Major crops like wheat (21.5%), rice (30.0%), maize (22.6%), potatoes (17.2%), and soybeans (21.4%) have significant annual output declines due to numerous diseases, according to recent studies. Since deep learning technologies have been developed, image categorization accuracy has increased dramatically. Using CNN and vision transformer models, we examine the Plant Village dataset in this study, which consists of 54,305 sample images that illustrate various plant disease species in 38 classifications. Using a focus on potato leaves and a total of 2151 samples, we evaluate the model’s performance in comparison to other models in terms of training and testing accuracy, and we obtained impressive results. The models’ respective training accuracy is 97.27% for the CNN and 94.7% for the ViT model, while their validation accuracy is 100% and 94.27%. © The Author(s), under exclusive license to Springer Nature Singapore Pte Ltd. 2025.",0,2025,10.1007/978-981-96-1188-1_26,https://www.scopus.com/pages/publications/105008493193?origin=resultslist,Aqil,Include,ViT,CNN,PlantVillage,-,Penurunan hasil panen tahunan yang sangat signifikan akibat berbagai penyakit tanaman.
Indhumathi P.; Rashmi G.D.,"Indhumathi, P. (59249323600); Rashmi, G. Dona (36108801500)",Ensemble of Coati Optimized Pretrained Models with Vision Transformer for Enhancing Plant Leaf Diseases Detection,"Plant illnesses are a major concern to agriculture worldwide, resulting in large yield losses and financial losses. For efficient crop management, early and precise identification of plant illnesses is essential. Conventional techniques of inspection are costly, tedious, and vulnerable to mistakes, while classical Machine Learning (ML) approaches rely on handcrafted features and struggle with large-scale, complex image datasets. Recent advances in Deep Learning (DL), particularly Convolutional Neural Networks (CNNs) and Vision Transformers (ViTs), have improved plant illness categorization by capturing local and global features. However, existing models often suffer from limitations such as dependency on large annotated datasets and recursive computation issues. Many studies were introduced to solve these issues. But still, single model architecture tends to be less effective and unable to process subtle patterns in disease images. Hence, to address these challenges, this study proposes the Ensemble of Coati Optimized Pre-trained models with Vision Transformer (E-COPViT) framework for plant disease classification. The proposed approach leverages the Coati Optimization Algorithm (COA), a bio-inspired metaheuristic that mimics coati foraging behavior, to fine-tune hyperparameters and network weights of multiple pre-trained CNN models. Each Coati-optimized CNN serves as a distinct feature extractor, capturing diverse spatial and texture-level representations of diseased images. These optimized models are then fused through an ensemble module that integrates local CNN features with Vision Transformer (ViT) networks to model global contextual dependencies and results in confidence vectors. These are then combined using an average ensembling model to yield a final ensemble model. Experimental results on PlantVillage and PlantDoc datasets exhibit that the suggested model outperforms exisitng ensemble models. The model achieves to a 16% improvement in all metrics compared to existing approaches. Furthermore, a paired t-test analysis confirms that these improvements are statistically significant (p < 0.05). © 2025 IEEE.",0,2025,10.1109/ICAAIC64647.2025.11330927,https://www.scopus.com/pages/publications/105034846202?origin=resultslist,Aqil,Include,E-COPViT; ViT,ML; CNN; Coati Optimization Algorithm (COA),PlantVillage;PlantDoc,-,"Model sangat bergantung pada dataset beranotasi besar, rentan kesalahan, kesulitan dengan pola halus, dan masalah komputasi rekursif."
Mumtaz S.; Ahmed R.M.W.; Jalal A.,"Mumtaz, Sara (59505894000); Ahmed, Raja Muhammad Waqas (60286198500); Jalal, Ahmad (41661536000)",Bayesian-Optimized Framework For Segmentation Guided Transformer-based Leaf Disease Detection,"This study offers a unique framework for detecting leaf diseases that successfully handles issues like structural preservation, illumination fluctuations, and picture noise. A Total Variation (TV) denoising autoencoder is used for noise reduction after GAN-based augmentation to enhance image quality. Then, U-Net++ is used to precisely segment the areas of sick leaves. For feature extraction, spatial superpixel characteristics are captured using SLIC (Simple Linear Iterative Clustering), robust deep visual representations are provided by EfficientNetV2, and disease-relevant regions are highlighted for interpretability using Grad-CAM. A Vision Transformer is used to classify the retrieved features once they have been optimized using Bayesian tuning. According to experimental results, this technology is a dependable option for realistic agricultural disease monitoring since it maintains important structural and textural characteristics while achieving high accuracy. ©2025 IEEE.",0,2025,10.1109/ICIC68258.2025.11412975,https://www.scopus.com/pages/publications/105035369903?origin=resultslist,Aqil,Include,ViT,Total Variation (TV) denoising autoencoder; GAN; U-Net++; SLIC; EfficientNetV2; Grad-CAM; Bayesian tuning,-,-,"Pemeliharaan struktural gambar, fluktuasi iluminasi pencahayaan, dan noise pada gambar daun."
Neha; Chug A.; Singh A.P.; Shanmugam V.; Kumar R.,"Neha (59750004900); Chug, Anuradha (56168650500); Singh, Amit Prakash (57192574142); Shanmugam, V. (7003959556); Kumar, Ravinder (57210313199)",DiCo-AF: A Selective-Attention Feature Extraction and Fusion Model for Potato Disease Detection,"Plant disease detection should be accurate and done in a timely manner to ensure sustainable agriculture. This study presents a lightweight and novel feature extraction and fusion framework that integrates DINOv2 a self-supervised Vision Transformer and ConvNeXt-Tiny a modern CNN for automatic potato leaf disease classification. The proposed model uses selective attention fusion, combining global contextual features from DINOv2 and fine-grained local details from ConvNeXt-Tiny. The results show that DiCo-AF outperforms individual models and static fusion techniques by achieving 98% classification accuracy. With a silhouette score of 0.370, the model outperforms ResNet50 (0.121) and demonstrates better feature discriminability and class separability. To provide an innovative agricultural solution and to further validate universality and resilience, Confusion matrix analysis, t-SNE visualisations, and ablation studies are used. © 2025 IEEE.",0,2025,10.1109/AIST68591.2025.11441527,https://www.scopus.com/pages/publications/105037162584?origin=resultslist,Aqil,Include,DINOv2,ConvNeXt-Tiny; ResNet-50,Dataset penyakit daun kentang,-,Diperlukannya model gabungan (fusi) untuk menangkap fitur kontekstual global sekaligus detail lokal secara akurat.
Alsakar Y.M.; Sakr N.A.; Elmogy M.,"Alsakar, Yasmin M. (57486935400); Sakr, Nehal A. (57196677598); Elmogy, Mohammed (33567709900)",Tomato Plant Disease Classification Using Attention Fusion of ConvNeXtTiny with Color LBP Features,"Tomatoes are a crucial crop globally and play a significant role in agriculture. However, tomato leaf diseases threaten crop quality, yield, and production, requiring quick detection and intervention. Traditional manual disease identification is time-consuming, expensive, and requires expertise, limiting efficient disease management. The classification of tomato diseases is essential for early detection and effective management of plant health. This study presents an innovative method that combines the lightweight ConvNeXtTiny deep learning model with texture color features of the local binary pattern (LBP) for accurate disease classification. LBP captures texture variations on tomato leaves, while ConvNeXtTiny extracts deep features from images. Gamma correction improves contrast to emphasize key disease patterns. An attention-based fusion mechanism merges color texture features and deep learning representations, enhancing the model's discriminative ability. A bagging classifier increases robustness and generalization. The experimental results demonstrate that the proposed method achieves a high precision of 98%, ensuring effective detection of tomato disease. © 2025 IEEE.",0,2025,10.1109/ITC-Egypt66095.2025.11186622,https://www.scopus.com/pages/publications/105020937622?origin=resultslist,Aqil,Exclude,,ConvNeXtTiny; Local Binary Pattern (LBP); Bagging classifier,-,-,"Identifikasi manual yang mahal, memakan waktu, dan membutuhkan tenaga ahli."
Nakib M.F.N.; Zaman M.S.U.,"Nakib, Md. Fatin Nibbrash (57493600600); Zaman, Md. Shahid Uz (24512619800)",An Adaptive Confidence-Weighted Transformer Ensemble Framework for Tomato Leaf Disease Recognition,"Global economic growth relies on agricultural output, as it ensures food security, raises incomes, and supports employment. However, crop diseases can drastically reduce yields, disrupt supply chains, and strain financial resources, especially in developing countries. Tomato leaf infections are among the most serious threats to the agricultural industry and local farmers. This study proposes a deep learning-based method for the early and precise identification of tomato leaf diseases, covering 10 distinct classes using 18,160 images from the PlantVillage dataset. Two pre-trained transformer-based architectures: Vision Transformer (ViT) and Data-efficient Image Transformer (DeiT) were used as feature extractors, followed by evaluation with multiple classifiers, including logistic regression, XGBoost, and a custom dense layer. Experimental results show that the custom dense layer achieved the highest classification performance among all classifiers. The outputs of the ViT and DeiT models were further combined using a confidence-based weighted ensemble, enabling dynamic prioritization of predictions with higher certainty. The proposed framework achieved 99.95% classification accuracy with an exceptionally low error rate of 0.0005, outperforming individual models. These results highlight the effectiveness of transformer-based feature extraction combined with ensemble learning for reliable, scalable, and accurate plant disease detection, offering valuable support for sustainable agriculture and global food security. © 2025 IEEE.",0,2025,10.1109/ICCIT68739.2025.11490115,https://www.scopus.com/pages/publications/105041614538?origin=resultslist,Aqil,Include,ViT; DeiT,Logistic regression; XGBoost; Dense layer,PlantVillage,-,"Ancaman penyakit daun tomat menurunkan hasil panen yang memerlukan penggabungan ekstraktor agar lebih akurat dengan margin eror rendah,."
Bouchnafa I.; Amnai M.,"Bouchnafa, Imane (60439264100); Amnai, Mohamed (36801042000)",Efficiency Analysis of CNNs and Vision Transformers for Edge-Based- Plant Disease Detection,"The detection of plant disease using deep learning models has a gain a significant success in computer vision tasks, but even though most models obtain good performance, the application of these models on resource-limited edge devices is challenging. Having a trade-off between accuracy outputs and low computational costs becomes crucial. This research uses transfer learning on the PlantVillage dataset to evaluate six representative architectures. From well know CNNs to the last trending Vit. Beside accuracy, we measure the most important deployment metrics : model size, FLOPs, Parameters, and CPU inference latency. The finding shows us that Swin-Tiny has the highest accuracy ( 98.65%) yet needs huge resources (105 MB, 4.37 GFLOPs) whereas, the lightweight CNN (EfficentNet-B0) gives the best accuracy trade-off. Provides high level accuracy (97.10%) with low computational complexity (15.76 MB, 0.38 GFLOPs). © 2025 IEEE.",0,2025,10.1109/CommNet68224.2025.11311964,https://www.scopus.com/pages/publications/105032070095?origin=resultslist,Aqil,Include,ViT; Swin-Tiny,CNN; EfficientNet-B0,PlantVillage,-,Sulitnya mendapatkan trade-off (titik temu) antara output yang akurat dan biaya komputasi yang rendah untuk aplikasi perangkat edge (terbatas).
Dandotiya N.; Dhakarey S.; Dandotiya A.S.; Devi N.,"Dandotiya, Nidhi (57801436600); Dhakarey, Shubham (60594932900); Dandotiya, Abhinandan Singh (57800713500); Devi, Neelu (60595157200)",Smart Crop Health Monitoring: Automated Detection of Potato Leaf Diseases,"Agriculture plays a crucial role in global food security; however, plant diseases continue to threaten crop yields. Traditional Plant Disease Detection (PDD) methods are manual and prone to errors, while data-driven approaches often require large annotated datasets, which limits their scalability. To address this, we propose a hybrid detection framework that integrates Self-Supervised Learning (SSL), Vision Transformer (ViT), Convolutional Block Attention Module (CBAM), Gated Recurrent Unit (GRU), and EfficientNet. SSL techniques (MAE, SimCLR, MoCo v3, DINO) allow for feature extraction from unlabeled data, while ViT and CBAM enhance feature representation, and GRU refines sequential dependencies. The model is trained on the PlantVillage, PlantDoc, and CCMT datasets, ensuring robustness under various conditions. Additionally, TensorRT and ONNX boost computational efficiency for real-time applications. This review examines advancements in hybrid PDD models, identifies key challenges, and outlines directions for future research. © 2025 IEEE.",0,2025,10.1109/REACS67479.2025.11413517,https://www.scopus.com/pages/publications/105036534717?origin=resultslist,Aqil,Exclude,ViT,Convolutional Block Attention Module (CBAM); Gated Recurrent Unit (GRU); EfficientNet; MAE; SimCLR; MoCo v3; DINO,PlantVillage;PlantDoc;CCMT,-,Ketergantungan terhadap dataset besar yang beranotasi membatasi skalabilitas pengenalan model di aplikasi nyata.
Shah S.S.A.; Anwar H.; Alnuaimi M.A.S.; Alshehhi M.M.A.; Isa M.; Al Harthi O.J.S.; Ullah F.,"Shah, Syed Shayan Ali (60562638200); Anwar, Hafeez (57206496416); Alnuaimi, Mansour Ali Saif (60610968900); Alshehhi, Majed Mansoor Alabd (60611256200); Isa, Mohamed (59533966800); Al Harthi, Obaid Juma Selayem (60611349000); Ullah, Farman (58116209100)",Beyond Labels: Contrastive Representation Learning for Scalable Image-Based Plant Disease Diagnosis,"Plant diseases are a threat worldwide, mainly in areas with limited access to expert diagnosis; however, deep learning is able to automate disease detection by methods that depend on huge datasets, which are both time consuming and costly to make. CNN's often struggle with real world image challenges such as cluttered backgrounds and noise. We propose a self supervised learning (SSL) framework for detecting plant diseases using the PlantVillage dataset. Our methods will use SimCLR-style contrastive pretraining on unlabeled images which is then followed by a fine tuning lightweight CNN (ConvNext-Tiny) with regularization techniques such as CutMix,Mixup, label smoothing which will enhance performance in low supervision scenarios. Consequently, our approach achieve an F1-score of 98.12% and 97.67% accuracy both outperforming recent CNN and vision transformers methods. By less reliance on labeled data and improving robustness to real-world conditions, this strategy provides both a scalable and practical solution for plant disease detection. © 2025 IEEE.",0,2025,10.1109/SmartAgriSuSY68475.2025.11466957,https://www.scopus.com/pages/publications/105037648022?origin=resultslist,Aqil,Include,ViT,CNN; ConvNext-Tiny; SimCLR,PlantVillage,-,Model sangat bergantung pada dataset masif; CNN kesulitan mengolah latar belakang yang berantakan serta noise dunia nyata.
Benimam A.; Mazari A.C.; Toubal E.B.,"Benimam, Abdelmadjid (60571222100); Mazari, Ahmed Cherif (55920340700); Toubal, El bahi (57207993226)",Vision Transformers vs. CNNs for Plant Disease Detection: A Transfer Learning Showdown,"The application of AI for plant disease diagnosis is an important approach toward sustainable agriculture and food security around the world. Deep learning is one of the most popular machine learning paradigms and provides compelling computer vision capabilities particularly when doing the automated analysis of leaf images for disease classification. In this work, we study the performance of Convolutional Neural Networks as well as Vision Transformers and its impact of transfer learning for the recent state-of-the-art architectures for this task. We implement four distinct models: a custom CNN, a ViT-Tiny, a fine-tuned EfficientNet-B0, and a fine-tuned ViT-Base on a curated subset of the PlantVillage dataset. Our results assert the importance of using pre-trained knowledge as fine-tuned performs best. The fine-tuned ViT-Base achieved an accuracy of 99.61% (MCC: 0.996), significantly outperforming all other architectures. The fine-tuned EfficientNet-B0 also proved highly effective with 99.16% accuracy. These models far surpassed the custom CNN (96.54%) and the ViT-Tiny (94.12%), underscoring the data requirements of transformers when trained without pretraining. Finally, this research presents a performance evaluation and provides practical guidance on the selection of paradigms between these competing architectures on AI-driven agricultural diagnostic platforms. © 2025 IEEE.",0,2025,10.1109/IC2SDA68097.2025.11331578,https://www.scopus.com/pages/publications/105035360594?origin=resultslist,Aqil,Include,ViT; ViT-Tiny; ViT-Base,CNN; EfficientNet-B0,PlantVillage (subset khusus),-,"Model transformer sangat membutuhkan pre-training, jika tidak, kebutuhannya pada data menjadi sangat besar agar performa optimal."
Kumar S.; Kumar N.; Madhumita,"Kumar, Sujeet (57447369000); Kumar, Nitin (60570236000); Madhumita (57465051600)",Real-Time Plant Disease Detection Using Vision Transformers and Lightweight Deep Learning Models,"Real-time identification of plant diseases remains essential for supporting farming production levels as well as food safety needs. The research presents an innovative technique to identify plant diseases instantly through the combination of lightweight deep learning models with Vision Transformers (MobileViT). The PlantVillage dataset serves for evaluation purposes as it contains more than 54,000 images of various crop species with 38 disease categories. MobileViT combines transformer technology to extract important features at both detailed and extensive levels thus delivering superior accuracy and speed performance when compared to CNNs. The proposed model reaches 96.3% accuracy while its precision stands at 0.94 and recall stands at 0.92 with an F1-score value of 0.93. The MobileViT model operates at 45 ms inference time with a 21.6 MB footprint which enables mobile and edge device deployment. The model operates with efficiency due to its minimal requirement of 2.5 billion FLOPs along with 0.45 GB memory footprint. MobileViT outperforms ResNet-50 and VGG16 by consuming less memory and running faster despite its superior performance results. Precision agriculture benefits from the proposed model because it delivers an effective approach for plant disease recognition which operates efficiently in environments with limited resources. © 2025 IEEE.",0,2025,10.1109/AISummit66170.2025.11411658,https://www.scopus.com/pages/publications/105035351769?origin=resultslist,Aqil,Include,ViT; MobileViT,CNN; ResNet-50; VGG16,PlantVillage,-,"Kebutuhan deteksi real-time menggunakan perangkat mobile/edge dengan sumber daya memori dan daya komputasi yang sangat ketat/terbatas,."
Khan J.A.; Khan M.A.; Filali I.,"Khan, Junaid Ahmad (58180732700); Khan, Muhammad Asif (60131719400); Filali, Imen (57210741196)",Drone-Aided Plants Health Monitoring Using Enhanced Vision Transformer,"Precision agriculture demands robust yet efficient models capable of operating on resource-constrained edge devices for real-time plant health monitoring. Existing Vision Transformer (ViT) models often underperform in data-scarce agricultural settings due to their reliance on large-scale pretraining and limited local feature extraction capabilities. In this study, we propose a enhanced lightweight ViT architecture (EViT) for edge devices used in plants disease classification. The core of our approach is a domain-optimized convolutional stem (ConvStem) architecture that replaces the standard patch embedding with a convolutional stem to enhance local feature extraction, particularly effective in data-scarce scenarios. Unlike ViT architectures, which rely on large-scale pretraining, the proposed ConvStem-ViT (i.e., EViT) achieves a notable improvement in accuracy and generalization on two benchmark datasets - PlantVillage (a widely used dataset of leaf disease images) and CCMT (a more challenging, real-world crop disease dataset). Comprehensive experiments, including ablation studies using model variant analysis, supported with attention map visualizations, confirm the superiority of the proposed model over standard ViTs and contemporary CNN-based baselines. Our EViT achieves over 94.8% accuracy on PlantVillage and 78.0% on CCMT, outperforming conventional ViTs by up to 13.6%. Computational analysis shows the model achieves these gains with minimal overhead (5.55 ms/image latency, 1.30 GFLOPs); these efficiency metrics enable real-time inference on UAVs or low-power edge devices, making the model suitable for practical drone-based scouting in agricultural fields. This work offers a viable framework for scalable, accurate, and efficient plant disease classification, making it an effective choice for resource-constrained edge devices such as drones for plant disease classification. © 2013 IEEE.",0,2025,10.1109/ACCESS.2025.3632545,https://www.scopus.com/pages/publications/105021659949?origin=resultslist,Aqil,Include,EViT; ViT; ConvStem-ViT,Convolutional stem (ConvStem); CNN,PlantVillage;CCMT,-,ViT tradisional berkinerja buruk saat kondisi data langka karena bergantung pada pra-pelatihan tinggi dan lemah dalam fitur lokal.
Zou L.; Yu L.; Huang X.; Li Q.; Hu L.; Li X.,"Zou, Longquan (60517466200); Yu, Lu (60517599500); Huang, Xiaoyao (60517197500); Li, Qi (60517730700); Hu, Linqiang (57842934400); Li, Xinlei (57201738036)",A Hybrid CNN-Transformer Model for Tomato Leaf Disease Classification Incorporating Gray-Aware Attention and RS-Convolutional Block Attention Mechanisms,"Accurate classification of leaf diseases is crucial for plant health and effective crop management. Existing deep learning approaches are predominantly categorized into Convolutional Neural Network (CNN)-based and Vision Transformer (ViT)-based methods. However, inherent limitations in both approaches constrain further performance gains. CNNs excel at capturing local lesion details but struggle with long-range dependencies. In contrast, ViTs leverage self-attention to model global feature relationships but often overlook fine-grained local information. Moreover, most models rely solely on three-channel (RGB) inputs, underutilizing the texture details present in grayscale data. To address these problems, we propose a hybrid CNN-Transformer model enhanced with a novel Gray-Aware (GA) Attention Module and an improved Residual Convolutional Block Attention Module (Rs-CBAM). Specifically, the hybrid architecture effectively balances fine-grained detail preservation and global contextual understanding. GA strengthens texture representation, while Rs-CBAM further enhances attention to critical regions. Comparative experiments conducted on the PlantVillage and AI Challenger 2018 datasets demonstrate that our model outperforms existing models. Ablation studies further confirm the effectiveness of each proposed enhancement. Overall, the proposed approach provides a promising direction for fine-grained plant disease classification, and GA shows potential in broader image processing tasks requiring enhanced texture representation. The code is available on GitHub: https://github.com/Governeson/GA-CCB. © 2025 IEEE.",0,2025,10.1109/SMC58881.2025.11342518,https://www.scopus.com/pages/publications/105033159861?origin=resultslist,Aqil,Include,ViT,CNN; Gray-Aware (GA) Attention; Residual Convolutional Block Attention Module (Rs-CBAM),PlantVillage;AI Challenger 2018,-,"CNN sulit mengambil dependensi jangka panjang, dan ViT mengabaikan info rinci lokal, serta minim pemanfaatan tekstur grayscale,."
Sharma N.; Misra A.; Tiwari R.G.,"Sharma, Nidhi (60575400500); Misra, Alok (39861843300); Tiwari, Raj Gaurang (57198002674)",A Hybrid ConvNeXt-ViT Framework for Fine-Grained Grape Leaf Disease Classification,"Early and proper detection of grape leaf diseases is of great importance to maintain the health and global wine production of the vineyards. Although deep learning has been demonstrated in the context of plant disease diagnostics, the current models that use convolutional neural networks ( CNNs) tend to be less sensitive to fine-grained visual features of various pathologies since they not only focus on the local features but also on the global context features. To overcome this drawback, this research suggests an innovative hybrid architecture that makes the best of ConvNeXt, which is a contemporary CNN, and a Vision Transformer (ViT). The suggested framework utilises a pretrained ConvNeXt backbone as an effective feature extractor to learn hierarchical local features like lesions and spots. The resulting rich feature maps are tokenized and run through a Transformer encoder, which uses self-attention to learn long-range dependency and global contextual relationships across the leaf. This dual stream methodology allows our model to gain insight into the fine details of the symptoms in an integrated manner, as well as the space-based interaction of these symptoms, which is important to distinguish between two visually similar diseases, such as Esca and Leaf Blight. Applied to the Grape400 dataset, the proposed hybrid model achieves the state-of-the-art macro F1-score of 98.2, which is far above the standard CNN and pure Transformer baseline. The suggested findings indicate that the suggested ConvNeXt-ViT framework is a powerful and efficient system to address fine-grained agricultural classification problems and can be applied in the context of precision viticulture. © 2025 IEEE.",0,2025,10.1109/ICECMSN68058.2025.11382862,https://www.scopus.com/pages/publications/105035478749?origin=resultslist,Aqil,Include,ViT,CNN; ConvNeXt,Grape400,-,CNN konvensional tidak sensitif saat berhadapan dengan perbedaan visual patologi berbutir halus (fine-grained).
Quilondrino I.C.T.; Patan G.V.; Pitao J.V.S.,"Quilondrino, Ivan Chad T. (60320517500); Patan, George V. (60320654100); Pitao, Joanna Victoria S. (58193155900)",Mitigating Accuracy Loss in Plant Disease Detection: A Comparative Study of Multi-Stage Hybrid Classification Frameworks for Field Conditions,"Deep learning models for plant disease detection have achieved over 99% accuracy on lab-controlled datasets like PlantVillage. However, their performance drops significantly in real-world farm settings due to lighting variation, background noise, and subtle disease symptoms. To address this, the researchers proposed a multi-stage hybrid framework composed of three strategies—Hierarchical, Augmented, and Stacking—that integrate handcrafted texture features (GLCM + KNN) with six deep learning models: ResNet-50, EfficientNetV2, ConvNeXt, Swin Transformer, Vision Transformer, and RegNetY-800MF. These were trained and tested on both PlantVillage and PlantDoc datasets. Among all models and strategies, ConvNeXt under the Augmented framework achieved 99.57% accuracy on PlantVillage and 91.47% on PlantDoc, significantly reducing the accuracy gap caused by domain shift. The results demonstrated that hybrid frameworks can substantially improve the generalization of plant disease detection models in complex, real-world agricultural environments. © 2025 IEICES/Kyushu University. All rights reserved.",0,2025,10.5109/7395548,https://www.scopus.com/pages/publications/105027067287?origin=resultslist,Aqil,Include,Swin-T; ViT,GLCM; KNN; ResNet-50; EfficientNetV2; ConvNeXt; RegNetY-800MF,PlantVillage;PlantDoc,-,Kinerja permodelan menurun signifikan di latar pertanian riil (domain shift) akibat variasi pencahayaan dan gejala yang samar.
Meghana V.; Akanksha S.; Reddy P.K.; Jabbar M.A.,"Meghana, V. (60574747000); Akanksha, S. (60575420200); Reddy, P. Kaushik (60575082700); Jabbar, M.A. (54079882700)",Potato Leaf Disease Classification Using Vision Transformers,"Deep learning has completely transformed plant disease detection by making it possible to classify leaf conditions automatically, accurately, and efficiently. CNNs have been the most common approach to this problem so far, but they can be restricted by their local feature extraction in capturing the global contextual information of an image. This current study looks into the potential of Vision Transformers (ViTs) in classifying potato leaf diseases to go beyond these limitations. ViTs use the self-attention mechanism on images by considering them as rows of fixed-size patches. This makes the model able to learn global relations throughout the whole image, thus increasing its capability to recognize the faint and scattered patterns that are symptomatic of the various diseases. Here, the ViT model is being re-trained on a multi-class classification task of potato leaf conditions. The architecture based on the transformer model enables it to place its focus on the most suitable sections of the image in a flexible manner; hence, the model is more interpretable, and robustness is increased. ViTs, which have less reliance on inductive biases as compared to CNNs, are capable of generalizing better if they are fed with enough training data. The model set a new record by achieving a test accuracy of 99.82%. These results indicate that Vision Transformers can act as an impactful aid for plant disease classification and, therefore, are the initial phase towards more reliable and extensible solutions in precision agriculture. © 2025 IEEE.",0,2025,10.1109/COMPUTINGCON64838.2025.11377413,https://www.scopus.com/pages/publications/105035557352?origin=resultslist,Aqil,Include,ViT,CNN,-,-,Arsitektur terbatas pada CNN gagal dalam meninjau relasi kontekstual berskala global untuk pengenalan pola yang terpisah/tersebar.
Sunil C.; Gokul P.G.; Sujith G.; Paul H.; Anjali T.,"Sunil, Cino (59043656400); Gokul, P.G. (57222036097); Sujith, Gopikrishnan (59045901800); Paul, Harry (59044225300); Anjali, T. (57195522716)",AgriSwin: A Swin Transformer-Based Deep Learning Approach for Crop Disease Classification,"This research introduces an advanced approach to automated crop disease detection using an Augmented Swin Transformer integrated with Mixup and CutMix augmentation techniques. The study focuses on classifying ten distinct conditions across three major crops - wheat, corn, and potatoes - using a dataset of 10,428 high-resolution images, divided into 70% training, 15% validation, and 15% testing. The dataset includes Brown Rust, Yellow Rust, and Healthy for wheat; Common Rust, Gray Leaf Spot, Northern Leaf Blight, and Healthy for corn; and Early Blight, Late Blight, and Healthy for potatoes. The proposed model enhances feature extraction through self-attention mechanisms, mitigates overfitting via Mixup and CutMix, and improves generalization across diverse agricultural conditions. Experimental results demonstrate superior classification accuracy and robustness against image variations and noise, making it a scalable solution for early disease detection in precision agriculture. © 2025 IEEE.",0,2025,10.1109/INCET64471.2025.11139968,https://www.scopus.com/pages/publications/105016787479?origin=resultslist,Aqil,Exclude,Swin-T,DL; Mixup; CutMix,Dataset beresolusi tinggi (10.428 gambar gandum; jagung; kentang),-,Overfitting gambar pertanian akibat variasi gambar dan perlunya keandalan model klasifikasi lintas tanaman.
Nagaraj P.B.; Pulakhandam W.; Narla S.; Peddi S.; Puspitasari N.F.; Kumar L.,"Nagaraj, Pramod Begur (60136965300); Pulakhandam, Winner (59973642400); Narla, Swapna (57191571357); Peddi, Sreekar (59695638600); Puspitasari, Nila Feby (57192097100); Kumar, Lalit (60511620400)",Vit-Gwo: Integrating Vision Transformer with Grey Wolf Optimizer for Robust Crop Leaf Disease Detection,"The role of detecting plant diseases is highly crucial in the preservation of crop yield and food safety. The conventional approaches to the detection of plant diseases are constrained by dependency on man, high time, and poor capacity to handle extensive use. This research proposes VIT-GWO, a hybrid approach with Vision Transformer (ViT) as a feature extractor and Grey Wolf Optimizer (GWO) as a model optimizer to eliminate the disadvantage of previous approaches. The new method encourages the accuracy of models, generalization, and effectiveness of computing based on the deep feature learning mechanism of ViT and optimization of the capabilities of GWO. The PlantVillage data has been used for model testing, and the performance has improved phenomenally over the current models in terms of the measures such as accuracy, precision, recall, and F 1 measure. The precision rate is even higher in the New VIT-GWO model at 99.21 % when compared to the existing models. This model has outstanding scaling, robustness, and realtime usage in large agricultural environments compared to the traditional methods. Finally, VIT-GWO is a very efficient process of leaf disease detection on crops with the possibility of improvement through hyperparameter optimization, transfer learning, or effective monitoring capabilities with drone cameras or smartphones, which makes it applicable to real-world and large-scale usage in precision agriculture. © 2025 IEEE.",0,2025,10.1109/IC2NC67409.2025.11375900,https://www.scopus.com/pages/publications/105035603077?origin=resultslist,Aqil,Include,ViT,Grey Wolf Optimizer (GWO),PlantVillage,-,"Pendekatan konvensional memiliki masalah terkait tenaga manusia, waktu yang lama, dan daya tangani rendah untuk skala luas."
Mehta S.; Kukreja V.,"Mehta, Shiva (58847208600); Kukreja, Vinay (49661773100)",Quantum-inspired Swin U-Net transformer for soybean leaf disease detection using multi-scale cross attention fusion and spectral channel transformer blocks with explainable visualization,"Context Soybean leaf diseases pose a significant threat to global agricultural productivity, with primary detection being critical for timely interventions. The methods for disease identification support from limited datasets and generalization, especially in complex fields. Objective This study aims to develop Quantum-Spectral Multi-Task Learning Fusion Network (QSpec-MTLFuseNet), a novel multi-task hybrid architecture designed to detect, diagnose soybean leaf diseases, including lesion segmentation, disease classification and severity regression. Methodology The proposed model combines quantum token embeddings (QTE), frequency-aware attention via spectral channel transformer blocks (SCTB), and multi-scale feature fusion to capture both spatial and spectral features, demonstrating the application of artificial intelligence (AI) methods, including deep learning. A supervised contrastive pre-training phase is used to enhance class separability. The model is trained using an Auburn soybean disease image dataset (ASDID). Multi-Scale Cross Attention Fusion (MSCAF) is applied to intelligently combine features from various scales during upsampling, improving the model's segmentation and classification performance. Results QSpec-MTLFuseNet accomplishes 94.3 % accuracy, 93.8 % precision, and 94.1 % recall in disease classification, with a 0.056 Mean Squared Error (MSE) and 0.91 R2 in severity regression. The model outperforms state-of-the-art techniques, such as Shifted Window Transformer (Swin Transformer) (93.8 %) and Residual Network with 50 layers (ResNet50) (93.7 %), with a mean average precision (mAP) of 83.34 %. The F-beta score (F2 score) of 0.94 highlights the model's focus on high Recall, ensuring disease detection with minimal false negatives. Future scope It will focus on expanding the model's application to additional disease categories which detected in the field or smartphone applications. © 2025 Elsevier Ltd.",3,2026,10.1016/j.engappai.2025.113377,https://www.scopus.com/pages/publications/105034011081?origin=resultslist,Bang Mirza,Include,Swin U-Net,Quantum token embeddings; Spectral attention,ASDID (Soybean),India,Generalisasi pada kondisi lapangan yang kompleks [50-52].
Bahaa M.; Hesham A.; Ashraf F.; Abdel-Hamid L.,"Bahaa, Mohamed (60354731900); Hesham, Abdelrahman (58686465400); Ashraf, Fady (60354732000); Abdel-Hamid, Lamiaa (57144478300)",A Smart AIoT-Based Mobile Application for Plant Disease Detection and Environment Management in Small-Scale Farms Using MobileViT,"Small-scale farms produce more than one-third of the world’s food supply, making them a crucial contributor to global food security. In this study, an artificial intelligence of things (AIoT) framework is introduced for smart small-scale farm management. For plant disease detection, the lightweight MobileViT model, which integrates vision transformer and convolutional modules, was utilized to efficiently capture both global and local image features. Data augmentation and transfer learning were employed to enhance the model’s overall performance. MobileViT resulted in a test accuracy of 99.5%, with per-class precision, recall, and f1-score ranging between 0.92 and 1.00 considering the benchmark Plant Village dataset (14 species–38 classes). MobileViT was shown to outperform several standard deep convolutional networks, including MobileNet, ResNet and Inception, by 2–12%. Additionally, an LLM-powered interactive chatbot was integrated to provide farmers with instant plant care suggestions. For plant environment management, the powerful, cost-effective ESP32 microcontroller was utilized as the core processing unit responsible for collecting sensor data (e.g., soil moisture), controlling actuators (e.g., water pump for irrigation), and maintaining connectivity with Google Firebase Cloud. Finally, a mobile application was developed to integrate the AI and IoT system capabilities, hence providing users with a reliable platform for smart plant disease detection and environment management. Each system component was each tested individually, before being incorporated into the mobile application and tested in real-world scenarios. The presented AIoT-based solution has the potential to enhance crop productivity within small-scale farms while promoting sustainable farming practices and efficient resource management. © 2026 by the authors.",2,2026,10.3390/agriengineering8010011,https://www.scopus.com/pages/publications/105028770609?origin=resultslist,Bang Mirza,Include,MobileViT,Transfer learning; LLM chatbot,PlantVillage (38 kelas),Mesir,Kebutuhan aplikasi mobile ringan untuk petani kecil [11-13].
Kamaladevi R.; Shantha Selva Kumari R.,"Kamaladevi, R. (58137264800); Shantha Selva Kumari, R. (14827081200)",ST-IEEFO: a hybrid optimization-based swin transformer for plant disease detection,"In agriculture, identifying and diagnosing plant diseases have become a critical problem. Early plant disease detection helps implement preventive measures and overcome the spread of infections. Depending on the plant diseases can range from mild damage to complete destruction and making early detection essential to mitigate such losses. To address this issue, this work presents a multi-plant leaf disease detection using a Deep Learning (DL) approach Improved Electric Eel Foraging Optimization (IEEFO) assisted Swin Transformer (ST) and the model is named ST-IEEFO. The suggested model integrated the powerful feature extracting ability of the ST with optimization potential of the IEEFO. The study utilizes the Plant Village data and obtained better accuracy (99.8%), and recalls values (99.6%). Thus, the suggested model shows the betterment of the ST-IEEFO over other DL models. By effectively recognizing and classifying plant diseases, this approach ensures a better solution for early disease detection. Further, it contributes to sustainable agricultural practices. © 2025 The Chinese Institute of Engineers.",1,2026,10.1080/02533839.2025.2560452,https://www.scopus.com/pages/publications/105017069335?origin=resultslist,Bang Mirza,Include,Swin-T,Improved Electric Eel Foraging (IEEFO),Plant Village,India,"Kebutuhan optimasi fitur untuk deteksi dini akurat [59, 60]."
Ali B.; Talib R.; Hanif M.K.; Sarwar M.U.,"Ali, B. (55615472400); Talib, R. (57194393379); Hanif, M.K. (60119499400); Sarwar, M.U. (57205194352)",A HYBRID DEEP LEARNING APPROACH FOR PLANT DISEASE CLASSIFICATION: INTEGRATING EFFICIENT NET AND VISION TRANSFORMERS,"The accurate classification of plant diseases is crucial for effective crop management and the advancement of sustainable agricultural practices. Early and precise detection of plant diseases is a cornerstone of precision agriculture, enabling the reduction of crop losses and the optimization of resource allocation. In recent years, deep learning models have shown exceptional performance in image-based tasks, including plant disease classification. However, the integration of advanced attention mechanisms, such as Vision Transformers, offers a promising approach for further enhancing the capabilities of these models. This study proposes a hybrid deep learning approach that combines the strengths of Efficient Net and Vision Transformers to improve the accuracy and efficiency of plant disease classification. This work focuses on using EfficientNet’s ability to extract discriminative local features from leaf images and ViT’s capacity to model long-range dependencies between image patches, thereby refining the classification process. Experiments were conducted on the augmented Plant Village dataset, comprising 61,486 images of 38 distinct plant diseases across 14 plant species. The proposed hybrid Efficient Net-ViT model achieved a classification accuracy of 93%, with precision, recall, and F1-scores of 91%, 93%, and 92%, respectively, outperforming standalone models such as Efficient Net (89% accuracy) and traditional CNNs (e.g., ResNet: 89%). Comparative analysis with other transformer variants (DeiT, SWIN) further demonstrated the robustness of the approach, with SWIN achieving the highest accuracy (94%). The integration of data augmentation techniques improved model generalizability, contributing to a 4% increase in accuracy over non-augmented training. These results present the potential of combining convolutional neural networks with attention-based mechanisms to address complex challenges in precision agriculture. © 2026, Pakistan Agricultural Scientists Forum. All rights reserved.",1,2026,10.36899/JAPS.2026.1.0007,https://www.scopus.com/pages/publications/105033767522?origin=resultslist,Bang Mirza,Include,Hybrid Efficient Net-ViT,Swin; DeiT,Augmented Plant Village,Pakistan,Optimasi fitur lokal dan dependensi jarak jauh [86-88].
Zhang Q.; Zhao J.; Cai Y.-L.; Liu K.; Li Y.,"Zhang, Qi (60699707300); Zhao, Junchao (60699898500); Cai, Yuan-Li (60699502200); Liu, Kexin (60699502300); Li, Yuheng (59339516800)",Toward smart agriculture: a hybrid mamba-transformer vision framework for plant disease detection,"Plant disease detection under complex field conditions remains a critical challenge for precision agriculture due to varying illumination, scale variations, subtle lesion patterns, and inter-class visual ambiguity. This study proposes MAFusionNet, a disease-aware hybrid vision framework integrating Mamba and Transformer architectures, with components explicitly designed for plant disease-specific challenges. The MAFusion Mixer operates parallel CS-Mamba and self-attention branches to simultaneously capture sequential lesion boundary evolution and global diseasecontext spatial relationships. The CS-Mamba branch employs the SS2D-LS Block with twodimensional selective scanning and Local-Selective enhancement for linear-complexity longrange modeling while preserving 2D lesion morphology. The PConv operator uses asymmetric directional kernels forming cross-shaped receptive fields to capture anisotropic disease patterns such as vein-aligned blights and directional rust streaks. We constructed PD40, a large-scale dataset with 80, 369 expert-verified annotated images across 40 disease categories spanning eight major crops, with inter-annotator agreement Cohen’s κ = 0.874. Extensive experiments demonstrate that MAFusionNet achieves 94.7% mAP50 and 81.8% mAP50:95 on PD40, surpassing 25 state-of-the-art baselines including recent hybrid Mamba-Transformer detectors (CropMamba, HybridMamba, Mamba-DETR), with comprehensive ablation studies validating each component’s non-redundant contribution. Edge deployment analysis on NVIDIA Jetson hardware demonstrates practical feasibility: the compressed MAFusionNet-T-Lite variant (8.7M parameters) achieves 89.3% mAP50 at 18.4 FPS on Jetson Nano with 8.3W power consumption. The dataset and code are available at PD40-Dataset GitHub Repository. Copyright © 2026 Zhang, Zhao, Cai, Liu and Li.",0,2026,10.3389/fpls.2026.1846242,https://www.scopus.com/pages/publications/105042365924?origin=resultslist,Bang Mirza,Include,MAFusionNet,SS2D-LS Block; PConv,PD40 (80.369 gambar),China,"Kondisi lapangan kompleks, ambiguitas visual antar-kelas [1-3]."
Deepa B.G.; Hanith C.G.; Chitty A.; Dandu R.; Sindhu V.; Vijayalakshmi D.,"Deepa, B.G. (58856359100); Hanith, C.G. (60677006500); Chitty, Avula (58101610800); Dandu, Ravi (57221634312); Sindhu, V. (58062804400); Vijayalakshmi, Dara (60676353000)",Revolutionizing Guava Leaf Disease Detection-Unleashing the Power of Vision Transformers over CNNs,"Guava plant diseases present a major obstacle to agricultural yield, that leads to the emerging of accurate and efficient disease detection techniques. Convolutional Neural Networks (CNNs) have been broadly utilized for plant disease identification and classification because of its robust ability to extract features. However, Vision Transformers (ViTs) have arisen as a potential substitute, utilizing self attention mechanisms to enhance feature selection and spatial understanding. This study presents a comparative evaluation of CNN and ViT models for guava leaf disease classification using a dataset comprising 527 images across four diseases of guava namely Phytopthora, Red Rust, Scab, and Root. The models are assessed based on key performance metrics, accuracy, loss, training efficiency, and generalization capability. The findings emphasize the advantage of ViTs in capturing long-range dependencies, leading to superior classification performance. Experimental results indicate that while CNNs remain computationally efficient, ViTs achieve higher accuracy by learning intricate representations with minimal feature loss. The CNN model have shown an accuracy of 86% , whereas the ViT model achieved 93%. These results suggest that ViTs present a compelling solution for plant disease identification, particularly for datasets with complex visual patterns. © 2026 IEEE.",0,2026,10.1109/ICoECIT68303.2026.11497373,https://www.scopus.com/pages/publications/105041056384?origin=resultslist,Bang Mirza,Include,ViT,CNN,Guava leaf (527 gambar),India,Kebutuhan akurasi tinggi pada pola visual kompleks [4-6].
Chihaoui N.; Waleed A.; Mufleh A.S.S.; Alshraah S.M.; Alajmi L.H.R.; Altuwayjiri S.,"Chihaoui, Naceur (58981076900); Waleed, Aashir (57008172400); Mufleh, Ahmad Subhi Salem (58066111600); Alshraah, Shadi Majed (58133685400); Alajmi, Loubna Hussain Rashid (60412008100); Altuwayjiri, Sarah (57729456200)",A comprehensive review on AI-based crop disease detection using leaf image classification and explainable AI,"Accurate and timely detection of crop diseases is essential for global food security and sustainable agriculture. This review provides a comprehensive analysis of recent advancements in leaf image-based crop disease detection using machine learning, deep learning (DL), convolutional neural networks, vision transformers, and emerging state-space models. Following PRISMA guidelines, the review systematically examines peer-reviewed studies (2021–2025) and evaluates datasets, model architectures, validation protocols, and deployment constraints. Unlike previous surveys, this review uniquely integrates explainable artificial intelligence (XAI) with emphasis on physiology-based interpretability and real-world field usability. Key findings reveal that while DL models achieve > 95% accuracy on controlled datasets like PlantVillage, performance degrades significantly under field conditions due to dataset bias, domain shifts, and multi-disease complexity. Critical research gaps are identified, including insufficient annotation standards, limited cross-domain validation, and computational constraints for edge deployment. Emerging directions include agriculture-specific foundation models, domain-generalizable vision systems, lightweight mobile strategies, and next-generation XAI frameworks aligned with plant physiology. By bridging technical advancements with agronomic interpretability, this work provides researchers and practitioners with a roadmap for developing trustworthy, field-deployable AI systems for sustainable crop health management. © The Author(s) 2026.",0,2026,10.1007/s42452-026-08684-0,https://www.scopus.com/pages/publications/105040810790?origin=resultslist,Bang Mirza,Include,ViT,DL; XAI; State-Space Models,PlantVillage & Field data,Saudi Arabia & Pakistan,"Penurunan performa di lapangan, bias dataset [6-8]."
Dubey P.; Dubey P.,"Dubey, Parul (58337674500); Dubey, Pushkar (57205366050)",ViT-U-Net fusion model for accurate localization and recognition of plant leaf diseases,"Plant disease diagnosis is a critical component of precision agriculture, enabling early detection and mitigation of crop losses. With the rapid growth of deep learning, vision-based models have become an essential tool for automated plant pathology. However, many existing approaches focus solely on classification and fail to provide lesion-level localization, limiting their practical applicability in real field environments. Additionally, background noise, variable lighting, and overlapping disease regions often reduce classification reliability. This study utilizes the New Plant Diseases Dataset (Kaggle), comprising over 87,000 annotated images spanning 38 plant disease classes. The dataset offers sufficient variety for evaluating both disease recognition and lesion segmentation tasks. The proposed methodology introduces a hybrid ViT–U-Net Fusion Model, where a Vision Transformer encoder extracts global context while a U-Net decoder produces high-resolution lesion masks. A segmentation-aware classifier then uses the extracted ROI to enhance disease identification. The novelty lies in the joint segmentation–classification framework, enabling simultaneous disease localization and recognition within a unified pipeline. Performance is assessed using Accuracy, F1-score, IoU, Dice coefficient, and robustness metrics. The model achieves 99.21% classification accuracy and 93.87% IoU, outperforming baseline modules and demonstrating significant improvements validated through statistical analysis. © The Author(s) 2026.",0,2026,10.1007/s44163-026-01006-8,https://www.scopus.com/pages/publications/105033558556?origin=resultslist,Bang Mirza,Include,ViT-U-Net,U-Net decoder; ROI-based classifier,New Plant Diseases (87.000 gambar),India,Kurangnya lokalisasi level lesi pada model klasifikasi [9-11].
Joy M.A.M.; Sharmin S.; Banik S.; Arif A.,"Joy, Md. Ashif Mahmud (58538145300); Sharmin, Shaila (57223031590); Banik, Shampa (59738708000); Arif, Ahsan (59962854500)",A Low-Resource Transformer-Based Deep Learning Framework for Precise Localization and Classification of Visible Crop Diseases,"Timely and accurate identification of crop diseases is essential for sustaining agricultural productivity and reducing economic losses, particularly in resource-constrained environments. This paper presents AgriVision Lite, a low-resource deep learning framework designed for precise localization and classification of visible crop diseases. The proposed hybrid model integrates YOLOv8-Nano for lightweight disease-region localization with DeiT-Tiny, a compact Vision Transformer, for efficient and high-fidelity classification. Using the Watermelon Disease Recognition Dataset, comprising images of Anthracnose, Mosaic Virus, Downy Mildew, and healthy samples, AgriVision Lite achieved an overall classification accuracy of 99%, outperforming conventional CNN and hybrid models. The model demonstrates robust generalization and can be extended to other crop types exhibiting similar symptoms without retraining, enabling cross-crop adaptability and few-shot learning. Its low computational cost and compatibility with embedded hardware such as Raspberry Pi make it suitable for real-time, field-deployable disease detection. The results establish AgriVision Lite as a scalable, affordable, and practical solution for advancing precision agriculture in low-resource settings. © 2026 IEEE.",0,2026,10.1109/ICECTE69292.2026.11429258,https://www.scopus.com/pages/publications/105036942769?origin=resultslist,Bang Mirza,Include,DeiT-Tiny,YOLOv8-Nano,Watermelon disease dataset,Bangladesh,Kebutuhan model ringan untuk hardware Raspberry Pi [14-16].
Akella G.K.; Wibowo S.; Grandhi S.; Sabrina F.; Mubarak S.,"Akella, Gopi Krishna (57482655300); Wibowo, Santoso (26430103900); Grandhi, Srimannarayana (36175788200); Sabrina, Fariza (8136372900); Mubarak, Sameera (24825006800)",Dynamic self-attention: A lightweight and interpretable attention module for plant disease classification,"Accurate and interpretable plant disease classification remains a key challenge in precision agriculture, where subtle visual symptoms and complex backgrounds complicate reliable detection. While deep learning has advanced performance in this domain, most existing models lack adaptability and offer limited transparency in their decision-making processes. This study proposes Dynamic Self-Attention (DSA) mechanism – a lightweight, input-adaptive module that dynamically emphasizes disease-relevant features such as lesions, edge deformations, and discolorations, while suppressing irrelevant background information. Designed for modular integration, DSA plugs seamlessly into standard convolutional backbones without requiring changes to the underlying architecture. Evaluated on a large-scale, multi-class grape leaf disease dataset comprising 9027 images, the DSA model achieved a state-of-the-art test accuracy of 99.34%, outperforming leading architectures including VGG16, DenseNet121, ResNet50, MobileNetV2, ConvNeXt, and Vision Transformers. Beyond quantitative gains, interpretability analysis using Grad-CAM and DSA attention maps revealed sharply localized focus on pathological regions, validating the model's diagnostic reliability. These results position DSA as a robust and explainable plug-and-play attention mechanism, well-suited for deployment in real-world agricultural settings, especially in environments with limited computational resources. © 2026 The Author(s)",0,2026,10.1016/j.asoc.2026.115703,https://www.scopus.com/pages/publications/105041851218?origin=resultslist,Bang Mirza,Include,DSA,Grad-CAM; ResNet-50; ConvNeXt,Grape leaf (9.027 gambar),Australia,Kurangnya transparansi dan adaptabilitas model AI [17-19].
Sathiyaprasad B.; Vigneshwaran V.; Sanjay P.,"Sathiyaprasad, B. (57202968303); Vigneshwaran, V. (60661111300); Sanjay, P. (58067692200)",A GAN-Based Vision Transformer Model for Explainable Plant Disease Identification,"Early identification of plant diseases is essential to avoid yield losses and support sustainable agriculture. Deep learning has shown remarkable results in identifying plant diseases, but the issue of little intra-class variation and great interclass variance of visually similar disease categories remains difficult. We show a new deep structure for potato and tomato leaf disease detection and classification. We demonstrate in the current study that training generative adversarial networks (GANs) can improve database images to high quality samples, but this does not affect feature characteristics that convolutional neural networks can exploit. To explain the image feature in training and classification, we provide a new deep architecture depending on the Deep Vision Transformer (DeepViT) model for training and classification and the XAI model based on Gradient-weighted Class Activation Mapping (Grad-CAM) and SHapley Additive exPlanations (SHAP). Under lab-controlled imaging circumstances, the model trained and tested on the PlantVillage dataset of nine tomato and potato diseases classes. With macro ROC-AUC of 0.995,92.11% test accuracy, great class-wise balance as shown by macro precision of 89.70% and recall of 91.30%, we reach 92.11% test accuracy. The visual explanations show the XAI emphasizing the leaf lesion regions generating disease rather than background noise. More clarity and comprehension. © 2026 IEEE.",0,2026,10.1109/ICITIIT68860.2026.11499666,https://www.scopus.com/pages/publications/105040682371?origin=resultslist,Bang Mirza,Include,DeepViT,GAN; Grad-CAM; SHAP,PlantVillage (Potato/Tomato),India,Variansi inter-class yang besar pada kategori penyakit mirip [20-22].
Yadav A.P.; Sharma K.P.; Yadav C.S.,"Yadav, Amar Pal (58236209700); Sharma, Kanta Prasad (57198346718); Yadav, Chandra Shekhar (57213555062)",Comprehensive Review for Plant Disease Analysis Models Using Deep Learning Approach,"Plant disease detection and analysis are crucial for sustainable agricultural practices and food security. Deep learning approaches have emerged as a powerful solution for accurate, efficient, and scalable disease detection, surpassing traditional machine learning techniques. This comprehensive review explores the evolution of plant disease analysis models, focusing on deep learning architectures such as convolutional neural networks (CNNs), Generative Adversarial Networks (GANs), and Vision Transformers. Key components such as preprocessing methods—denoising, image enhancement, normalization, and segmentation—are reviewed, highlighting their role in enhancing model performance. The review also examines data diversity, feature extraction strategies, and model evaluation metrics, and identifies shortcomings such as class imbalance, scalability, and real-world deployment issues. Integration with real-time applications is considered crucial to advance precision agriculture. This review highlights the need for refining deep learning models, with multidisciplinary approaches, to ensure their effectiveness in diverse agricultural environments while addressing current limitations. Plant diseases have a significant impact on agricultural productivity, posing a threat to global food security and economic stability. Timely and accurate disease detection is essential to mitigate these impacts, but traditional diagnostic methods such as manual inspection and laboratory testing are often labor-intensive, time-consuming, and prone to human error. In recent years, deep learning (DL) in artificial intelligence has emerged as a transformative tool for plant disease analysis. This comprehensive review examines the development, applications, and challenges of deep learning models in plant disease detection and classification, and understands their potential and limitations. © The Author(s), under exclusive license to Springer Nature Singapore Pte Ltd. 2026.",0,2026,10.1007/978-981-95-3498-2_13,https://www.scopus.com/pages/publications/105036707220?origin=resultslist,Bang Mirza,Include,ViT,CNN; GAN,Review / Multi-dataset,India,"Masalah class imbalance, skalabilitas, dan deployment [22-24]."
Vijh S.; Shieh C.-S.; Jain V.; Horng M.-F.,"Vijh, Surbhi (57201362000); Shieh, Chin-Shiuh (14021769700); Jain, Vishal (57192707657); Horng, Mong-Fong (7005068005)",Optimized Deep Learning Framework for Plant Disease Detection Using Fine-Tuned Vision Transformers and CNN Model,"Guava fruit diseases including anthracnose and fruit fly infestation having a substantial impact on crop productivity and quality, imposing a number of problems for farmers. Existing methods rely on classic image processing techniques, which are often inaccurate and unsuitable for complex illness patterns. In this study, deep learning techniques such as EfficientNet, Vision Transformer (ViT), Swin Transformer, ResNet50, and ConvNeXt are used to categorize images into multiclass classification problem i.e. healthy, Anthracnose-affected and fruit fly-affected guava fruits. ConvNeXt had the highest accuracy of the models examined, with 93.1% on the training set and 92.5% on the testing set, closely followed by Swin Transformer. The findings show that transformer-based models outperform standard CNNs in detecting subtle illness trends. This study demonstrates the feasibility of using advanced vision transformers for real-time disease detection, paving the road for smart farming solutions and sustainable agricultural practices. © The Author(s), under exclusive licence to Springer Nature Singapore Pte Ltd. 2026.",0,2026,10.1007/s42979-026-05044-y,https://www.scopus.com/pages/publications/105039837729?origin=resultslist,Bang Mirza,Include,ViT; Swin-T,EfficientNet; ConvNeXt; ResNet-50,Guava fruit dataset,India & Taiwan,"Ketidakakuratan citra klasik pada pola penyakit kompleks [25, 26]."
Ouano L.A.E.; Detablan P.F.M.; Maderazo C.V.,"Ouano, Luis Andrei Espina (60625000200); Detablan, Paul France Mendoza (60624620600); Maderazo, Christian Valencia (57201646097)",Explainable Rice Disease Detection Via Swin Transformer and Large Language Model Powered Visual-Textual Interpretation,"Rice crop diseases pose a serious threat to global food security, particularly in regions like the Philippines, where they cause substantial yield losses. Effective disease management demands diagnostic tools that are both accurate and interpretable for non-expert users. While explainable artificial intelligence has improved transparency in crop disease detection, many existing methods remain too technical for non-expert stakeholders. This study presents a rice disease detection system that integrates image classification with natural language explanations. The system uses a Swin Transformer model to classify rice leaf images into four categories, including Rice Blast, Brown Spot, Bacterial Blight, and healthy leaves. The model’s outputs are processed through an interpretability layer that integrates Gradient-weighted Class Activation Mapping (GradCAM) to highlight the most influential image regions and a Large Language Model (LLM) to translate these visual cues into clear, symptom-based textual descriptions together with disease management strategies. Delivered through a mobile application designed using Expo and FastAPI, the system allows users to upload images and receive real-time predictions with corresponding heatmaps and explanations. The Swin Transformer model achieved an accuracy of 96.22%, with strong precision, recall, and F1-scores across all classes, demonstrating its reliability in differentiating between visually similar diseases. This work provides a reliable and interpretable decision-support tool to enhance early disease detection, enable informed crop management, and strengthen rice production resilience within precision agriculture frameworks. © 2025 Copyright held by the owner/author(s).",0,2026,10.1145/3789410.3789416,https://www.scopus.com/pages/publications/105038458705?origin=resultslist,Bang Mirza,Include,Swin-T,LLM interpretation; GradCAM,Rice leaf images,Filipina,Penjelasan AI teknis yang sulit dipahami non-pakar [27-29].
Nigam R.; Tiwari R.G.; Misra A.; Agarwal A.K.; Gulhane M.; Rakesh N.,"Nigam, Richa (60497517700); Tiwari, Raj Gaurang (57198002674); Misra, Alok (39861843300); Agarwal, Ambuj Kumar (57189048540); Gulhane, Monali (57737922500); Rakesh, Nitin (35321547000)",Advanced Deep Learning with Hybrid Feature Optimization for Indoor Plant Disease Detection,"Automated plant disease identification is a step toward sustainable agriculture and improved houseplant care since early disease management saves money and the environment. In this research, deep learning is used to diagnose houseplant diseases using a hybrid ConvNeXt-Transformer architecture and innovative feature optimization approaches. The Indoor Plant Disease Dataset's nine disease categories for three typical indoor plant species have been used in this research to test the proposed approach. The proposed multi-stage feature optimization pipeline enhances performance by combining attention-guided feature refining with genetic algorithm-based selection. The proposed approach achieves 99.7% correct classification accuracy across disease stages and plant kinds. Utilizing computationally efficient and highly reliable diagnostic techniques, this work addresses the challenges of indoor plant habitats. © 2026 IEEE.",0,2026,10.1109/ICISS67859.2026.11453965,https://www.scopus.com/pages/publications/105037017035?origin=resultslist,Bang Mirza,Include,Hybrid ConvNeXt-Transformer,Genetic Algorithm feature selection,Indoor Plant Dataset,India,Tantangan diagnosis pada lingkungan tanaman dalam ruangan [30-32].
Behera A.K.; Kumar A.; Gaddi S.K.,"Behera, Amit Kumar (60689375300); Kumar, Ankit (60344766200); Gaddi, Suresh Kumar (60689099800)",Hybrid Spatial-Temporal Attention Networks for Plant Disease Classification: A Benchmarking Study of Deep Learning Architectures,"The accurate plant disease identification strategies can be critical for crop productivity and food security. This paper benchmarks several deep learning architectures for plant disease classification on the PlantVillage dataset with 61,486 images and 38 disease categories. The individual models assessed include typical CNNs (VGG19, ResNet50, DenseNet121, and EfficientNetB0/B4), a tailored CNN baseline, hybrids (CNN+Attention and CNN+LSTM), a CNN-LSTM-Temporal Attention architecture, and a transformer-like MAE-ViT. ResNet50 yields the highest accuracy of 99.39%. The best result in terms of accuracy (98.88%) was achieved by the proposed CNN+Attention model based on a spatial attention module applied after the CNN feature extractor and aimed at learning to attend to relevant regions in the image for disease. The training time for this model was also reported to be the lowest at 66.1 minutes. The CNN+LSTM model, which feed spatial feature maps to a bidirectional LSTM to capture multi-region dependencies, acquires 98.59% in 68.6 minutes. The CNN-LSTM-Temporal Attention variant adds this with a temporal attention layer that runs over the full sequence of LSTM outputs, achieving 98.15% in 82.9 minutes. MAE-ViT manages 89.37% only, showing that transformer designs need big and varying datasets to stay fit against structured agricultural images. Results demonstrate that hybrid CNN architectures deliver competitive accuracy with reduced computational overhead, with CNN+Attention offering the optimum accuracy-efficiency tradeoff for real-time and on-the-edge agricultural monitoring. © 2026 IEEE.",0,2026,10.1109/AIMLA67915.2026.11522539,https://www.scopus.com/pages/publications/105041607831?origin=resultslist,Bang Mirza,Include,MAE-ViT,CNN+Attention; CNN+LSTM,PlantVillage (61.486 gambar),India,ViT butuh dataset sangat besar untuk generalisasi [32-34].
Shaha T.; Gupta P.; Surti K.; Chavan T.,"Shaha, Tanisha (60598630400); Gupta, Prapti (60598497500); Surti, Krish (60598087700); Chavan, Tejaswini (58564304400)",Prakriti: An Offline EdgeViT Based Mobile Application for Crop Disease Diagnosis,"Crop diseases are a major problem in India, and agricultural productivity has been affected by the condition. Although significant advances have been made in deep learning methods to detect diseases, the majority of the solutions demand an internet connection and have a large model size, restricting their use to rural settings and low-end smart devices. To address these challenges, this paper presents an offline plant disease diagnosis app using a lightweight EdgeViT-S, a hybrid CNN-Vision Transformer that is optimized to run on a low-end mobile device. The proposed model demonstrates state-of-the-art performance with excellent accuracy and efficiency, while maintaining a compact application size. This provides a plant disease detection and diagnosis tool that is farmer-friendly and, in the long run, promotes sustainable agriculture. © 2026 IEEE.",0,2026,10.1109/ICNTE66387.2026.11437443,https://www.scopus.com/pages/publications/105036682352?origin=resultslist,Bang Mirza,Include,EdgeViT-S,Prakriti Mobile App,Crop diseases,India,Ketergantungan internet dan ukuran model yang besar [34-36].
Islam S.; Tasnim S.; Chowdhury A.R.; Siddique M.A.I.,"Islam, Saiful (59585028100); Tasnim, Sharaf (59157518100); Chowdhury, Antu Roy (59963749800); Siddique, Md. Abu Ismail (57223031115)",CNN-Transformer Fusion Network for Multi-Class Leaf Disease Classification,"The precise and automated identification of plant leaf diseases is essential to maintain agricultural productivity and ensure global food security. Deep learning models show potential, but individual architectures face a significant compromise: Convolutional Neural Networks (CNNs) are excellent at recognizing local disease characteristics but often overlook global context, while Vision Transformers (ViTs) are adept at modeling global interdependencies but may miss detailed local nuances. This paper introduces an innovative dual-branch hybrid architecture that combines a CNN with a Transformer to achieve effective multi-class leaf disease classification. The model utilizes a pretrained EfficientNetB3 backbone for extracting detailed local features, while parallel Transformer blocks use self-attention to capture global contextual dependencies. It was trained and assessed using a well-balanced 24-class subset of the PlantVillage data set, consisting of 24,000 images. Evaluation of a set of tests held - out shows that the proposed model performs very well, achieving an overall accuracy of 98.2%. On this split, the macro-averaged precision and F1-score both reach 0.983, indicating a high level of reliability. The network contains 16.23 million parameters in total, of which 9.00 million are trainable, providing a good compromise between predictive accuracy and computational cost. This hybrid model offers a scalable and generalizable approach for automated leaf disease detection, demonstrating considerable promise for use in modern precision agriculture. © 2026 IEEE.",0,2026,10.1109/ICECTE69292.2026.11429198,https://www.scopus.com/pages/publications/105037013465?origin=resultslist,Bang Mirza,Include,Hybrid CNN-Transformer,EfficientNetB3 backbone,PlantVillage subset (24.000 gambar),Bangladesh,CNN melewatkan konteks global
Wang X.; Shen J.,"Wang, Xiaosong (35812612500); Shen, Jun (55649570000)",ENHANCED CLASSIFICATION OF APPLE LEAF DISEASES USING VISION TRANSFORMER AND DATA AUGMENTATION STRATEGIES,"The health status of apple leaves directly affects the quality and yield of apples, with foliar diseases posing a serious threat to overall production. Therefore, there is an urgent need for a rapid and accurate method for the classification and identification of apple leaf diseases to enable early and automated detection. This study utilises the Plant Pathology 2020 dataset and proposes a novel classification framework that integrates advanced vision transformers (ViTs) with convolutional neural networks (CNNs), enhanced by adaptive data augmentation strategies to improve classification performance. To address the inherent issue of class imbalance within the dataset, the synthetic minority oversampling technique (SMOTE) is employed to effectively augment the minority class samples. The proposed framework adopts a multi-stage training process to enhance feature representation and model robustness, enabling the effective capture of both local lesion patterns and global leaf characteristics. Experimental results demonstrate the stability and high performance of the proposed method, achieving a classification accuracy of 98.96%. Compared with traditional CNN architectures such as ResNet-50, DenseNet-121, GoogLeNet, InceptionV3, and VGG16, the proposed method exhibits significant improvements in both accuracy and generalisation across various augmented datasets. The findings indicate that the framework offers a feasible, reliable, and scalable solution for plant disease detection in the context of precision agriculture. © 2026 Acta Press. All rights reserved.",0,2026,10.2316/J.2026.201-0578,https://www.scopus.com/pages/publications/105033494980?origin=resultslist,Bang Mirza,Include,ViT,CNN; Synthetic Minority Oversampling (SMOTE),Plant Pathology 2020 (Apple),China & Australia,Masalah ketidakseimbangan kelas (class imbalance) [39-41].
Devi V.B.; Chelliah B.J.; Jesuraj Y.A.; Dhanasekaran S.,"Devi, V. Brindha (57454675400); Chelliah, Balika J. (56736727100); Jesuraj, Y. Arockia (60346005900); Dhanasekaran, S. (57192556901)",Hybrid Fed-QNet: a federated deep learning framework with quantum GANs for privacy-aware plant disease detection,"Plant diseases for food security pose a global threat and cause significant crop losses in agriculture, so early detection is very important for effective prevention and mitigation. Plant disease and its early detection farmers prevents the spread of disease, and helps to continue immediate actions. Computational complexity, data privacy, and limited dataset availability due to the challenges associated with current plant disease diagnosis methods are mostly useless. To avoid these problems, to diagnose plant leaf disease Hybrid Federated Learning Based Quantum Network is proposed. To address privacy needs, customer data by kept within local boundaries, and federated learning supports decentralized model development. Feature extraction and prediction of customer models and progress is being made in two essential stages. The hybrid model integrates a 3D Convolutional Autoencoder and Swin Transformer for plant disease prediction, extracting spatial and temporal features. The prediction phase of quantum generative adversarial networks is used to efficiently generate synthetic data that reflects real-world distributions, capturing complex patterns in plant health. In addition, the crossover-based particle swarm optimization model integrates model updates on a central server, also used to refine the global model. Then, gradient-weighted class activation mapping to improve interpretation and sample description is used. This will highlight important areas in plant images, create visual heat maps. Refined global model redistributed to customers, which allows them to incorporate collective knowledge for advanced plant disease into their local models. The evaluation results show that the proposed approach achieves the best performance with the most accurate result of 98.85% accuracy and 3.0% false positive rate. This indicates that it is applied to real-world agricultural practices. © The Author(s), under exclusive licence to Springer-Verlag GmbH Germany, part of Springer Nature 2026.",0,2026,10.1007/s12530-025-09790-x,https://www.scopus.com/pages/publications/105034069735?origin=resultslist,Bang Mirza,Include,Swin-T,3D Conv-Autoencoder; FL,Plant leaf diseases,India,Privasi data petani dan keterbatasan ketersediaan dataset [42-44].
Ooha Ch.; Thota S.; Jahnavi M.; Kowshik K.H.,"Ooha, Ch. (60631431300); Thota, Srirajarajeswari (59868680000); Jahnavi, M. (59345595800); Kowshik, K. Hari (60631791200)",GAN-Enhanced Multiscale Attention Vision Transformer for Robust and Interpretable Cotton Leaf Disease Diagnosis,"The timely and accurate diagnosis of cotton leaf diseases is the most important in preventing loss of crops and achieving agricultural sustainability. Nevertheless, the current deep learning methodologies for this task are heavily constrained by two issues: Scarcity of data and lack of balance between classes in field data, and the difficulty of modeling both fineresolution local lesions and a complex global disease profile. This paper presents a new GAN-Enhanced Multiscale Attention Vision Transformer model to offer a solid and explainable diagnostic system. We implement our method in two stages: a Conditional Generative Adversarial Network is trained, which can be used to generate high-fidelity, label-conditioned images of diseases, effectively balancing and augmenting the training dataset. Second, a Multiscale Attention Vision Transformer, which is based on hierarchical attention and shifted window, is trained on this improved dataset to produce features with different spatial scales in an efficient manner. The GAN-MA-ViT framework was tested on a set of 174 held-out samples and had a maximum classification accuracy of 88.51, performing better than strong CNN baselines by more than 5 points. Moreover, the attention mechanism of the model also makes it possible to generate Localization Heatmaps, which give a visual confirmation that the model is concentrating specifically on the diseased leaf areas, which increases the accuracy and practical interpretability of the model. © 2026 IEEE.",0,2026,10.1109/CCIC68129.2026.11486034,https://www.scopus.com/pages/publications/105038780488?origin=resultslist,Bang Mirza,Include,GAN-MA-ViT,Conditional GAN (Augmentation),Cotton leaf diseases,India,Kelangkaan data lapangan dan ketidakseimbangan kelas [45-47].
Mehdipour S.; Mirroshandel S.A.; Tabatabaei S.A.,"Mehdipour, Saber (59909001400); Mirroshandel, Seyed Abolghasem (36447962300); Tabatabaei, Seyed Amirhossein (55930306300)",A novel lightweight hybrid CNN–ViT for maize leaf disease classification,"Maize is a vital global crop, but its productivity is often threatened by plant diseases, highlighting the need for precise and timely diagnostic methods. Traditional manual inspection is inefficient and prone to errors, motivating the development of automated solutions. Recent advances in computer vision and deep learning have enabled effective automated plant disease diagnosis. While Convolutional Neural Networks (CNNs) and Vision Transformers (ViTs) have shown promise in plant disease classification, CNNs struggle to capture global contextual information, and ViTs require large datasets and high computational resources. Inspired by mixture-of-experts (MoE) architectures, we propose a lightweight hybrid model that integrates CNN and ViT components, adaptively emphasizing local or global features based on input characteristics. Evaluated on a novel, real-world dataset of full maize plant images, our approach achieves 99.90% classification accuracy, significantly outperforming state-of-the-art baselines such as MobileViT, PiT, EdgeNeXt, and DeiT. These results demonstrate that lightweight hybrid architectures can deliver high-performance disease diagnosis suitable for practical agricultural deployment. The code is available at: https://www.github.com/sabermehdipour/MXiT. © The Author(s) 2026.",0,2026,10.1038/s41598-026-41190-2,https://www.scopus.com/pages/publications/105034641293?origin=resultslist,Bang Mirza,Include,Hybrid CNN-ViT,Mixture-of-Experts (MoE),Maize plant images (Real-world),Iran,ViT butuh komputasi tinggi
Shylaja S.; Revathi T.,"Shylaja, Santhosh (60402662700); Revathi, Thiyagarajan (56779739600)",A Hybrid Convolutional and Enhanced Vision Transformer Model for Improving Turmeric Plant Disease Detection,"Early plant diseases prevention in turmeric crop can enhance yield, improve food production and drive economic gains. Among other existing models, Convolutional and Vision Transformer model for Turmeric Diseases Detection (ConViT-TDD) has demonstrated superior performance in predicting turmeric plant diseases. It integrates a self-attention mechanism, Convolutional Neural Network (CNN) and the YOLOV3-Tiny model to enhance the models performances. ViT used to enhance YOLOV3 demands significant data and memory, requiring modifications to fit limited compute resources. Additionally, ViT is complex and lacks locality inductive bias due to non-overlapping patches, limiting cross-patch attention. This results in overly smooth attention distributions, reducing focus on important tokens. To solve this, Location Shifted Patch Generation (LSPG), Rotated Position Embedding (RPE), Local Context Attention (LCA) and Combative Loss Function (CLF) are proposed in this paper to enhance ViT performance in ConViT-TDD. In this model, ViT with a single transformer encoder block is introduced to model the images as patch sequences for capturing long-range dependencies while eliminating deep stacked encoders. By fusing Multi-Head Self-Attention (MHSA) and a Feed-Forward Network (FFN) into single layer, the proposed model reduces computational complexity, accelerates experimentation and enables deployment on resource-constrained devices. When combined with CNN features, the proposed model supports accurate predictions. To address the limitations of non-overlapping patches in ViT, LSPG is employed for patch embedding by rotating, concatenating and splitting those images into overlapping patches for effective tokenization. RPE further refines positional embeddings by encoding relative distances between tokens derived from LSPG. LCA enhances local information by integrating spatial contextual cues through Local Coordinate Convolution (LCC) and feature refinement to capture intricate spatial dependencies. Finally, YOLOV3-Tiny is applied for turmeric plant diseases prediction. In addition, Cross-Entropy (CE) loss is utilized to improve training stability. The proposed model is termed as Convolutional and Enhanced ViT Model for Turmeric Diseases detection (ConEViT-TDD). The evaluation result indicate that the ConEViT-TDD model attains a total accuracy, precision, recall and F1-score values of 94%, 93.87%, 93.93% and 93.82%, respectively on the Mendeley turmeric plant diseases dataset outperforming YOLOv3-Tiny, YOLOv3, EfficientNetV2 and ViT-YOLOv3 baseline models. © This article is licensed under a Creative Commons Attribution-ShareAlike 4.0 International License. License details: https://creativecommons.org/licenses/by-sa/4.0/",0,2026,10.22266/ijies2026.0331.04,https://www.scopus.com/pages/publications/105030381123?origin=resultslist,Bang Mirza,Include,ConEViT-TDD,YOLOv3-Tiny; LSPG; RPE,Mendeley Turmeric dataset,India,ViT kurang memiliki locality inductive bias [53-55].
Yede K.K.M.; Barekar P.V.; Suri C.,"Yede, Kamlesh Kumar Meghnath (60619842700); Barekar, Praful V. (57205207299); Suri, Charvi (59793183900)",Ai-Powered Multimodal Crop Disease Detection Using Deep Learning,"Plant diseases drastically cut yield and profit. Although CNNs generalize well to image-labeled leaves in the lab, performance suffers in fields because of inconsistent lighting, occlusions, distracting scene background, and overlapping symptoms due to multiple coinciding stresses. Here we introduce an AI-enabled multimodal monitoring platform that integrates leaf imagery with sensor (temperature, humidty, soil moisture, and pump/motor ON/OFF) observations and image features optionally extracted with UAVs to enhance robustness. The pipeline encompasses four model families: (i) an image-focused ResNet-50 CNN baseline; (ii) image-only transformer (ViT-B/16); (iii) late multimodal fusion of the top image features with sensor-inspired MLP; and (iv) Attentionfusion model learning image-ViT embeddings and sensor context in unison. Tested on standardized PlantVillage/PlantDoc corpora within a balanced set of 65-class corpora and an expanded 65 -class corpora set, multimodal methods reach 97-98% test accuracy with better macro-F1, especially among rare and visually ambiguous classes, outperforming image-baseline methods. Interpretabilty comes in the form of Grad-CAM maps combined with attention-rollout providing lesion location with context attribution. All artifacts (PyTorch implementation, Colab notebooks, logs, confusion matrices, checkpoints) become available for reproducibility. Our findings demonstrate multimodality fortifying field-scale disease surveillance at scale, enhancing the potential for edge deployability with farmer-accepted transparent diagnostics with context awareness. © 2026 IEEE.",0,2026,10.1109/ICETEMS66917.2026.11469471,https://www.scopus.com/pages/publications/105037992418?origin=resultslist,Bang Mirza,Include,ViT-B/16,Multimodal (Sensor IoT; UAV imagery),PlantVillage & PlantDoc,India,Pencahayaan tidak konsisten dan oklusi di lapangan [56-58].
Yiyang S.; Shuxi C.; Jianlin Q.; Wei S.; Haibo M.,"Yiyang, Sun (60167016700); Shuxi, Chen (60167384100); Jianlin, Qiu (15763619500); Wei, Song (60010876600); Haibo, Mao (60514019400)",Research Progress on Intelligent Detection of Plant Diseases and Pests: A Bibliometric Analysis Via Bibliometrix,"This study conducts a comprehensive bibliometric analysis of 233 publications from 2016–2025 retrieved from the Web of Science Core Collection, aiming to map the global research landscape of intelligent detection of plant disease and pest. Using Bibliometrix and related tools, the study examines publication trends, leading countries and institutions, collaboration networks, and thematic structures. Results show a continuous growth in research output, with China, the United States, and India emerging as major contributors, and China leading in both productivity and citation impact. Keyword co-occurrence and thematic mapping reveal deep learning, convolutional neural networks, transfer learning, and object detection as central research themes, while remote sensing, drones, and smart farming represent rapidly developing fronts. Burst-term analysis further highlights lightweight models, vision transformers, and real-time detection as emerging technological directions. This study provides valuable insights into the knowledge evolution, research hotspots, and future pathways of AI-driven plant disease and pest detection. © World Scientific Publishing Company.",0,2026,10.1142/S0218001426590111,https://www.scopus.com/pages/publications/105033369675?origin=resultslist,Bang Mirza,Include,ViT,Bibliometric Analysis; Remote Sensing,Web of Science Core Collection,China,"Pemetaan tren riset ke model lightweight dan real-time [61, 62]."
Debbarma R.; Sengupta A.S.,"Debbarma, Rupanjal (59227890900); Sengupta, Aditya Sankar (57191845052)",Development of a UAV-based crop disease detection system using deep learning algorithms to enhance precision agriculture,"The shift toward precision agriculture has made it clear that there is a need for smart and automated systems that can detect crop diseases promptly and with high precision. A research project is being discussed here, which presents a comprehensive drone-based solution for detecting cotton leaf disease, combining the latest advances in deep learning with the gradual training of the machine for rapid decision-making in agriculture. In the beginning, the system implements adaptive median filtering (AMF), followed by the contrast-limited adaptive histogram equalization (CLAHE) process, which removes noise and enhances the image’s contrast. The Swin Transformer is used to identify spatial and spectral features at different levels, while the combination of ConvNeXt-V2 and the squeeze-and-excitation blocks with bidirectional long short-term memory (SE-BiLSTM) classifier refines spatial cues and learns sequential dependencies for precise disease classification. Moreover, the framework includes a Deep Q-Learning (DQL) recommendation module that supplies contextually aware crop management activities, like the optimized use of pesticides and scheduling of irrigation. The experimental results, derived from the SAR-CLD-2024 dataset, indicate a remarkable performance with an accuracy of 99.30%, thereby surpassing existing convolutional neural network (CNN)based and hybrid models in terms of precision, recall, and F1-score. The combination of deep learning with reinforcement learning in Unmanned Aerial Vehicle (UAV)-based systems indicates a future of sustainable, adaptable, and data-driven precision agriculture. © 2026 Debbarma and Sengupta,",0,2026,10.2478/ijssis-2026-0031,https://www.scopus.com/pages/publications/105042533677?origin=resultslist,Bang Mirza,Include,Swin-T,ConvNeXt-V2; Deep Q-Learning (DQL),SAR-CLD-2024 (Cotton),India,Kebutuhan rekomendasi tindakan yang sadar konteks [63-65].
Kote G.B.; Patil P.R.; Bhaladhare P.R.,"Kote, Ganesh B. (59561853600); Patil, Purushottam R. (58175794700); Bhaladhare, Pawan R. (55180663900)",An Ensemble Deep Learning Approach for Maize Leaf Disease Classification using CNNs and Vision Transformers,"Detecting and identifying plant diseases accurately and in time is significant to enhance crop production and food security. Maize is among the other cultivated cereal crops in the world and is prone to various leaf diseases, which seriously lower productivity unless they are detected at an early stage. Over the last several years, deep learning-based methods have shown promising results in automated classification of plant diseases; however, single-model methods in most cases cannot adequately cope with the issue of class imbalance and lack of generalization. This paper suggests an ensemble deep learning model, which can include several convolutional neural networks (CNN) and a Vision Transformer to classify maize leaf disease effectively. The suggested ensemble model is based on ResNet50, DenseNet121, EfficientNet-B3 and Vision Transformer (ViT-B/16) through a weighted probability fusion approach. Here, a class-weighted loss function is used to eliminate dataset imbalance, and test-time augmentation (TTA) is used to increase the strength of prediction. A stratified split is used to run experiments on curated maize leaf disease dataset which has four classes: Blight, Common Rust, Gray Leaf Spot and Healthy leaves. The proposed ensemble model using CNN and Vision Transformer with TTA demonstrates a better performance in all evaluation indicators. It outperforms the existing techniques, with an accuracy of 98.10%, a precision of 97.83%, a recall of 97.22%, an F1-score of 97.50%, and a ROC-AUC of 99.76%. This achievement has contributed to the performance benefits through an effective combination of complementary local and global feature representation and an improved decision-level ensemble method. The architecture lowers the bias of individual models and enhances their ability to identify the difference between the various types of maize leaf diseases. This results in an effective and reliable system of maize leaf disease classification. Specifically, the ensemble has almost perfect ROC-AUC values within all the classes, whereas the minority Gray Leaf Spot category is significantly improved. Those findings show that the integration of convolutional model with transformer-based model can significantly improve discriminative ability and generalization ability in plant disease classification. © 2026 IEEE.",0,2026,10.1109/ICICT68280.2026.11510883,https://www.scopus.com/pages/publications/105041663164?origin=resultslist,Bang Mirza,Include,ViT-B/16,Ensemble (ResNet; DenseNet; EfficientNet),Maize leaf disease dataset,India,Model tunggal gagal menangani bias dan generalisasi [65-67].
Anwar Z.; Masood S.; Srivastava A.,"Anwar, Zeba (58406045000); Masood, Sarfaraz (57188975035); Srivastava, Ashish (57223946180)",Empowering Agriculture from Pixels to Diagnosis: A Review of Computer Vision Techniques for Plant Disease Detection,"The improvement of agricultural practices relies on various elements, including plant identification, disease detection, and soil analysis. Plant diseases significantly affect agriculture, resulting in decreased production and quality of crops. The application of computer vision technology for diagnosing crop diseases plays a crucial role in modernizing agriculture and boosting field production efficiency. This technology is characterized by its noninvasive approach, rapidity, real-time capabilities, and accuracy. Deep learning (DL), a recent advancement in computer vision, has become a central focus in agricultural plant protection, offering the potential to reduce the bias associated with the manual selection of disease spot features. This article examines the methods and materials employed in the field of automated plant disease detection, including various DL models, modified CNNs, vision transformers, and the current trends in DL-based disease detection. It also emphasizes preprocessing techniques, such as image size, color annotation, feature extraction, and segmentation, as well as the evaluation of different models based on their classification and detection capabilities. Furthermore, this study bridges the gap between academic research and practical agricultural applications by providing guidance on the applicability of these models in production environments. This comprehensive review offers valuable insights into the present state and future directions of deep learning in plant disease detection, serving as an essential resource for researchers, academics, and practitioners in the field of precision agriculture. Our work aligns with SDG2. © The Author(s) under exclusive licence to International Center for Numerical Methods in Engineering (CIMNE) 2026.",0,2026,10.1007/s11831-026-10520-y,https://www.scopus.com/pages/publications/105031798709?origin=resultslist,Bang Mirza,Include,ViT,CNN Modified; Preprocessing review,General review,India,Kesenjangan antara riset akademik dan aplikasi praktis [68-70].
Londhe A.D.; Sawant N.M.; Pise G.S.; Mali S.D.; Jagtap A.; Bobade S.Y.,"Londhe, Aoudumber D. (58882295100); Sawant, Namdev M. (48761819200); Pise, Ganesh Shivaji (57222867295); Mali, Sonali D. (60658037500); Jagtap, Arvind (57194194190); Bobade, Sandip Y. (56891237300)","Advancements in Plant Disease Classification Using Deep Learning: Trends, Hybrid Models, and Future Directions","Agricultural sustainability plays a vital role in ensuring global food security, economic development, and environmental protection. With rapid technological advancements, smart agriculture has become a transformative domain driven by deep learning, the Internet of Things (IoT), and big data analytics. Traditional farming and classical machine learning methods often struggle to handle the complexity, variability, and scale of agricultural data, especially in dynamic field environments. In order to overcome these shortcomings, this review examines 25 recent studies that are dedicated to deep learning-based plant disease detection and crop classification. Some of the models used in the studies are convolutional neural networks (CNNs), deep neural networks (DNNs), transfer learning, attention mechanisms, lightweight models (MobileNet), and hybrid networks (CNN-SVM, Inception-Xception, and vision transformers). These methods have been implemented on crops such as rice, wheat, corn, and potato where the high accuracy has been realized in the controlled and semi-field environments. The most recent trends identified in these studies include lightweight edge-compatible models, ensemble & hybrid learning, and explainable AI for greater interpretability. However, the issues of limited dataset diversity, model generalization and IoT deployment challenges remain prevalent. Overall, this study consolidates some methodologies and findings to pave the way toward the development of scalable, interpretable and viable deep learning architectures for sustainable agriculture. © The Author(s), under exclusive license to Springer Nature Switzerland AG 2026.",0,2026,10.1007/978-3-032-22908-3_19,https://www.scopus.com/pages/publications/105040657169?origin=resultslist,Bang Mirza,Include,Hybrid CNN-ViT,MobileNet; Attention Mechanisms,Rice; Wheat; Corn; Potato,India,Model generalization dan tantangan IoT deployment [71-73].
Himabindu B.A.; Subramanyam M.V.,"Himabindu, Bikkili Alekya (59517980300); Subramanyam, M.V. (34975973700)",ViT-PDD: A Multiscale-Patch-Transformer Approach for Plant- Leaves Disease Detection,"The evolution of transformer-based deep learning architectures has significantly transformed the landscape, which was designed to address limitations in Recurrent Neural Networks (RNNs). Unlike RNNs, transformers utilize self-attention mechanisms, allowing them to process input sequences in parallel, which significantly reduces training time and improves efficiency. The original transformer architecture work with two fundamental stages called encoder (to process input data) and decoder (to generate output). Each component is made up of multiple layers, each containing mechanisms for self-attention and feed-forward neural networks. This design enables the transformer to map complex dependencies within the processed data. Although transformers have been developed under research for Natural Language Processing (NLP) that later adapted to perform the tasks associated with several other fields of engineering. One of the popular adaptations is Vision Transformer (ViT) that has been adapted to perform image classification task. ViT has shown that transformer architectures perform better than traditional Convolutional Neural Network (CNNs). Keeping this view of importance of transformer, we have applied ViT for plant-leave disease detection on mango leaf dataset. Hence, used ViT for plant disease detection with multiscale patches reaches to 97.38% of correct detection and model throughout the paper referred as ViT-PDD. Apart from overall accuracy, we have also investigated top-5-accuracy metrics to assess well classified and worst classified class of disease in mango leaves along with other important metrics such as precision, recall, and f1-score. A performance comparison with published works illustrated on the same dataset has been included in the results section. © The Institution of Engineers (India) 2026.",0,2026,10.1007/s40030-026-00957-6,https://www.scopus.com/pages/publications/105034855185?origin=resultslist,Bang Mirza,Include,ViT-PDD,Self-attention,Mango leaf dataset,India,Keterbatasan RNN dalam dependensi data kompleks [74-76].
Agarwal J.; Gazal; Saxeana S.,"Agarwal, Jyoti (56405196100); Gazal (57189234884); Saxeana, Shubhi (60625632600)",Lightweight Hybrid CNN-Vision Transformer Framework for Real-Time Plant Disease Detection,"The consequences of plant diseases on crops yield and the food security globally are high and hence the need to detect the disease early and with accuracy. Manual inspection methods are slow, labor intensive and also prone to error. Convolutional Neural Networks (CNNs) and Vision Transformers (ViTs) are examples of deep learning approaches that can potentially be used to autonomously identify plant diseases. CNN-based models that are used in the identification of plant diseases are usually unable to provide the full context of the world. In the meantime, ViT models are effective but require large datasets, and large amounts of computation, which makes them not readily feasible in real-time implementation in mobile devices.This paper will take on the challenge by introducing a simple hybrid CNN-Vision Transformer network that is based on lightweight and effective detection of plant diseases. The architecture merges a mobile-friendly CNN backbone of local feature extraction, and a lightweight ViT of global context modeling. The system makes it more robust and allows deploying on devices in real-time, by combining preprocessing, data augmentation, and compression of the model. The proposed framework, which is based on extensive experiments on benchmark datasets, is found to be more accurate than CNN-only, ViT-only, and the existing hybrid models. This is done without the loss of low computational complexity that is compatible with mobile and edge devices. This is because the outcomes highlight the success of the lightweight design, which combines local and global attributes to offer a practical solution to the real-world agricultural implementation. © 2026 IEEE.",0,2026,10.1109/ICASST68917.2026.11484452,https://www.scopus.com/pages/publications/105038442147?origin=resultslist,Bang Mirza,Include,Lightweight Hybrid CNN-ViT,Model Compression,Benchmark datasets,India,ViT standar terlalu berat untuk perangkat edge [76-78].
Ghimire S.; Lamsal R.; Sankuratri A.; Lakkarsu P.; Vutla S.,"Ghimire, Surakshya (60577154900); Lamsal, Rajan (60577900300); Sankuratri, Anvesh (60001713500); Lakkarsu, Pradeep (60577718200); Vutla, Sairam (59478176700)","Artificial Intelligence-Driven Plant Disease Detection and Diagnosis: A Comprehensive Review of Deep Learning Approaches, Multimodal Sensing Technologies, and Future Perspectives in Precision Agriculture","Plant diseases remain a major threat to global food production, causing significant yield losses and economic impact worldwide. Early and precise disease detection is crucial for effective crop management, yet conventional diagnostic approaches are often slow, labor-intensive, and rely on specialized expertise that may not be widely accessible. Recent advances in artificial intelligence (AI), particularly deep learning–based image analysis, offer scalable and automated solutions for plant disease recognition. This review critically examines forty-one peer-reviewed studies published between 2008 and 2025, selected following PRISMA guidelines from major scientific databases. We summarize key methodological developments, including convolutional neural networks, vision transformers, transfer and few-shot learning, and multimodal sensing approaches, highlighting their reported performance and limitations. Although many models achieve high accuracy in controlled datasets, their effectiveness often decreases under real-field conditions due to environmental variability, limited training data, and practical deployment constraints. We discuss existing challenges and propose future research directions, emphasizing improved robustness in field environments, development of lightweight and explainable models suitable for edge deployment, and integration with precision agriculture systems. This review aims to guide the design of reliable, practical, and scalable AI-driven plant disease detection strategies. © The Korean Society of Plant Pathology.",0,2026,10.5423/PPJ.RW.01.2026.0004,https://www.scopus.com/pages/publications/105035626213?origin=resultslist,Bang Mirza,Include,ViT,Few-shot learning; Multimodal sensing,41 Peer-reviewed studies,USA,"Penurunan efektivitas model pada kondisi lingkungan nyata [79, 80]."
Chittepu S.; Martha S.; Vootla K.S.S.; Peddi S.K.; Reddy L.N.,"Chittepu, Sireesha (58766005800); Martha, Sheshikala (56737068000); Vootla, Krishna Sai Srinivas (60598239500); Peddi, Saketh Kumar (60597702100); Reddy, Loka Nasa (60597969000)",Enhanced Plant Disease Detection via Ensemble Learning,"Recognizing plant diseases is vital for productivity but remains challenging across species. This study now presents a novel ensemble-style technique which combined ResNet, Vision Transformer, Xception, and a Sequential type. It has made use of advanced data augmentation such as resizing, rescaling, thresholding, and binarization in extracting features using Histogram of Oriented Gradients (HOGs). Dense layers were trained with the models achieving high detection capability across 10 plant species covering 36 disease classes. It emphasizes indicating the importance of ensemble learning in three applications as such using modernistic technologies such as drones and IoT devices to manage and analyze large-scale agricultural data; integrating disease detection with soil and weather data for optimized resource use; and real-time alerts through IoT systems for timely intervention. This study proves that by way of transforming plant disease detection and agricultural activity, ensemble learning will change the agricultural scene altogether. © The Author(s), under exclusive license to Springer Nature Singapore Pte Ltd. 2026.",0,2026,10.1007/978-981-95-3498-2_28,https://www.scopus.com/pages/publications/105036706027?origin=resultslist,Bang Mirza,Include,ViT,Ensemble (ResNet; Xception); HOG,10 spesies (36 kelas),India,Tantangan pengolahan data skala besar pada IoT [81-83].
Thakur G.; Sood V.; Choudhury A.,"Thakur, Gunjan (59324444500); Sood, Vandana (60619699100); Choudhury, Amitava (57191089504)",Generative AI-Based Vision-Language Framework for Tomato Leaf Disease Identification and Context-Aware Treatment Recommendations,"This work proposes a novel Vision-Language Generative AI framework for automated plant disease detection and treatment recommendation. The proposed framework integrates a fine-tuned Swin Transformer-based vision encoder with the OpenAI GPT-OSS-120B generative language model to analyze tomato leaf images and generate transparent diagnostic outputs along with context-aware treatment suggestions. The multimodal pipeline first classifies the disease type and subsequently produces relevant textual recommendations to support informed agricultural decision-making. The model was evaluated on a five-class tomato leaf dataset comprising early blight, late blight, bacterial spot, septoria leaf spot, and healthy samples. Experimental results indicate a classification accuracy of 95.81% and semantic alignment between visual features and the generated text, highlighting the framework's potential for intelligent and interpretable plant disease management. © 2026 IEEE.",0,2026,10.1109/ICCSC67078.2026.11468700,https://www.scopus.com/pages/publications/105038025322?origin=resultslist,Bang Mirza,Include,Swin-T,OpenAI GPT-OSS-120B (Gen-AI),Tomato leaf dataset,India,"Kebutuhan rekomendasi perawatan yang transparan [84, 85]."
Ouamane A.; Chouchane A.; Himeur Y.; Miniaoui S.; Atalla S.; Mansoor W.; Al-Ahmad H.,"Ouamane, Abdelmalik (6503891871); Chouchane, Ammar (56247008900); Himeur, Yassine (55636199800); Miniaoui, Sami (14632199600); Atalla, Shadi (36611295600); Mansoor, Wathiq (6506544762); Al-Ahmad, Hussain (58198112500)",Optimized Vision Transformers for Superior Plant Disease Detection,"Detecting plant diseases is vital for maintaining agricultural productivity and ensuring food security. Advances in computer vision, particularly with Vision Transformers (ViTs), have shown significant potential in improving the accuracy and efficiency of plant disease identification. This study provides a comprehensive evaluation of various ViT parameters to determine the most effective configuration for this purpose. Using the extensive PlantVillage dataset, we systematically analyzed the effects of patch sizes, image resolutions, embedding dimensions, the number of transformer blocks (depth), the number of heads in the multi-head attention layer, and the dimension of the MLP (FeedForward) layer on model performance. We introduced saliency map visualizations to enhance interpretability and evaluate the critical regions contributing to classification decisions, ensuring the approach's transparency and robustness. Our experiments identified the optimal ViT configuration as follows: image size = 224 × 224 , patch size = 16, embedding dimension = 512, depth = 6, number of heads = 8, and MLP dimension = 1024. This configuration achieved an impressive accuracy of 99.77% on the PlantVillage dataset. In addition, we incorporated a novel cross-dataset transferability evaluation to validate the generalizability of the proposed model. Comparative analysis with traditional convolutional neural network architectures, such as VGG19 and AlexNet, revealed that our optimized ViT model not only surpasses these models in accuracy but also requires significantly fewer trainable parameters and storage space. The incorporation of a lightweight, domain-specific fine-tuning process ensures the model's adaptability to new datasets with minimal computational overhead. Our findings highlight the scalability and adaptability of ViTs, emphasizing their ability to effectively handle varying image sizes and resolutions. Moreover, our approach outperforms recent state-of-the-art methods across multiple databases, underscoring the efficacy of the chosen ViT parameters. © 2013 IEEE.",20,2025,10.1109/ACCESS.2025.3547416,https://www.scopus.com/pages/publications/105001069244?origin=resultslist,Chava,Include,ViT; Optimized ViT,CNN; VGG16; AlexNet,PlantVillage dataset,-,Perlu optimasi parameter ViT agar akurat dan efisien
Liu W.; Zhang A.,"Liu, Wei (57712889800); Zhang, Ao (59657008900)",Plant Disease Detection Algorithm Based on Efficient Swin Transformer,"Plant diseases present a significant threat to global agricultural productivity, endangering both crop yields and quality. Traditional detection methods largely rely on manual inspection, a process that is not only labor-intensive and time-consuming but also subject to subjective biases and dependent on operators’ expertise. Recent advancements in Transformer-based architectures have shown substantial progress in image classification tasks, particularly excelling in global feature extraction. However, despite their strong performance, the high computational complexity and large parameter requirements of Transformer models limit their practical application in plant disease detection. To address these constraints, this study proposes an optimized Efficient Swin Transformer specifically engineered to reduce computational complexity while enhancing classification accuracy. This model is an improvement over the Swin-T architecture, incorporating two pivotal modules: the Selective Token Generator and the Feature Fusion Aggregator. The Selective Token Generator minimizes the number of tokens processed, significantly increasing computational efficiency and facilitating multi-scale feature extraction. Concurrently, the Feature Fusion Aggregator adaptively integrates static and dynamic features, thereby enhancing the model’s ability to capture complex details within intricate environmental contexts.Empirical evaluations conducted on the PlantDoc dataset demonstrate the model’s superior classification performance, achieving a precision of 80.14% and a recall of 76.27%. Compared to the standard Swin-T model, the Efficient Swin Transformer achieves approximately 20.89% reduction in parameter size while improving precision by 4.29%. This study substantiates the potential of efficient token conversion techniques within Transformer architectures, presenting an effective and accurate solution for plant disease detection in the agricultural sector. Copyright © 2025 The Authors.",18,2025,10.32604/cmc.2024.058640,https://www.scopus.com/pages/publications/85218931638?origin=resultslist,Chava,Include,ViT; Efficient Swin-T; Swin-T,Selective Token Generator; Feature Fusion Aggregator,PlantDoc; PlantVillage,-,Transformer kompleks dan berat; perlu model yang lebih efisien dan akurat
Thakur P.S.; Chaturvedi S.; Seal A.; Khanna P.; Sheorey T.; Ojha A.,"Thakur, Poornima Singh (57224410029); Chaturvedi, Shubhangi (57203920803); Seal, Ayan (54898238300); Khanna, Pritee (36600534600); Sheorey, Tanuja (6507261863); Ojha, Aparajita (37049194800)",An Ultra Lightweight Interpretable Convolution-Vision Transformer Fusion Model for Plant Disease Identification: ConViTX,"Plant diseases have been detrimental for the agriculture industry, as they cause substantial crop loss globally. To overcome this, IoT and AI-based smart agriculture solutions are being deployed for plant disease detection. However, a diverse range of crops and their diseases pose enormous challenges to these methods. Additionally, limited generalizability and the black-box nature of existing deep learning models, together with the scarcity of in-field datasets, are the main bottlenecks in developing efficient and acceptable solutions for large-scale applications. In the present work, a lightweight model ‘ConViTX’ is proposed for plant disease classification that demonstrates improved generalizability and explainability. The compact architecture of ConViTX uses a fusion of convolutional neural networks and vision transformers to simultaneously capture local and global features. Remarkably, ConViTX outperforms nine state-of-the-art deep learning methods on four publicly available datasets and a self-collected in-field maize dataset. Furthermore, the model demonstrates explainable prediction through Gradient Weighted Class Activation Maps and Locally Interpretable Model-Agnostic Evaluations. ConViTX attains 98.8% accuracy on the maize dataset and 61.42% on drone camera-captured raw images. With only 0.7 million parameters and 0.647 billion operations per second, the proposed model has the potential for deployment on resource-constrained precision agriculture setups. © 2025 IEEE.",17,2025,10.1109/TCBBIO.2024.3515149,https://www.scopus.com/pages/publications/105016452593?origin=resultslist,Chava,Include,ConViTX; ViT,CNN; Grad-CAM; LIME; XAI,Maize dataset; self-captured in-field maize disease dataset,-,Model kurang generalizable dan black-box; perlu model ringan dan interpretabel
Haque M.A.; Deb C.K.; Gole P.; Karmakar S.; Dheeraj A.; Din Shah M.U.; Dutta S.; Kumar M.K.P.; Marwaha S.,"Haque, Md. Ashraful (59446614200); Deb, Chandan Kumar (57170045600); Gole, Pushkar (57217176544); Karmakar, Sayantani (59754064400); Dheeraj, Akshay (58161125600); Din Shah, Mehraj Ul (59754421200); Dutta, Subrata (8657944600); Kumar, M. K. Prasanna (59713654000); Marwaha, Sudeep (23985883700)",An enhanced vision transformer network for efficient and accurate crop disease detection,"Crop diseases cause phenomenal damage to overall foodgrain production and affect the country's food security chain. Prompt, precise and accurate detection of diseases in crops is very crucial for crop disease management. This study proposes an improved vision transformer-based (ViT) network for effective and precise detection of diseases occurring in agricultural crops. The proposed network introduces an improved transformer encoder with triplet multi-head attention (t-MHA) function, a cascading arrangement of attention units with residual connections, enabling the proposed network to progressively refine attention scores across multiple dimensions, learning more fine-grain feature representation of the images. Here, we have considered the two most important crops, viz., Rice and Apple (aka RicApp dataset), which contribute a lot to the overall GDP of this country. Images of disease-infected rice and apple crops were collected from different agricultural farms under the supervision of agricultural experts. The proposed network obtained a classification accuracy of 97.99% on unseen test data of the RicApp dataset, outperforming the standard Vision Transformer (ViT) by 2.2%. To validate the effectiveness and robustness of the proposed network, thorough comparative analysis was conducted against the popular state-of-the-art CNN and ViT-based architectures. Additionally, feature visualization techniques were employed to demonstrate the explainability of the proposed network's learning capability on the images. Therefore, the proposed network offers a precise and efficient solution for automated crop disease detection, with promising applications in real-time crop monitoring and precision agriculture. © 2025",13,2025,10.1016/j.eswa.2025.127743,https://www.scopus.com/pages/publications/105003579652?origin=resultslist,Chava,Include,Enhanced ViT Network; ViT,Triplet Multi-Head Attention (T-MHA),RicApp dataset; RGB images of rice and apple crop diseases,-,CNN dan ViT standar kurang optimal; perlu model yang lebih akurat dan efisien
Goyal P.; Verma D.K.; Kumar S.,"Goyal, Praveen (55581427000); Verma, Dinesh Kumar (56785299700); Kumar, Shishir (55464037600)",Detection and monitoring for enhanced prevention of grain plant disease using classification-based deep ensemble neural networks in smart agriculture,"Plant diseases lead to productivity loss, although they may be controlled with ongoing observation. Examiners have struggled long with the challenge of accurately detecting plant diseases in grain crops, such as wheat, rice, maize, millet, and ragi. Traditional manual monitoring methods can be time-consuming and prone to errors. To address this issue, this study explores the application of deep learning techniques for automated and accurate disease identification. The proposed method begins with image pre-processing using a Hybrid Gaussian-Wiener filter to reduce noise in leaf images. Deep learning models are then implemented the Moore-Penrose pseudo-inverse Weighted Deep Ensemble Neural Networks (DENN) for common bacterial and fungal diseases, and the Squeeze-and-Excitation Vision Transformer (SEViT) for diseases caused by specific fungi. To improve efficiency and accuracy, transfer learning is employed. The resulting system achieves an impressive classification accuracy of 99.56%. This research demonstrates the potential of deep learning for plant disease detection, which could significantly benefit farmers and plant pathologists by enabling early disease identification and intervention. © 2025 Informa UK Limited, trading as Taylor & Francis Group.",11,2025,10.1080/01431161.2024.2443618,https://www.scopus.com/pages/publications/86000389299?origin=resultslist,Chava,Include,SEVT,Moore-Penrose pseudo-inverse Weighted Deep Ensemble Neural Networks (MDENN); Transfer Learning,Leaf images of grain crops; wheat; rice; maize; millet; gram,-,Monitoring manual lama dan rawan salah; perlu deteksi penyakit otomatis yang akurat
Selvaraj K.; Selvanarayanan R.; Venkatesan S.K.G.; Rajendran S.,"Selvaraj, Karthik (59774664000); Selvanarayanan, Raveena (58153598400); Venkatesan, Sam Kumar Gopalsamy (59956364400); Rajendran, Surendran (35175353700)",FUTURE-PROOF COFFEE PLANT DISEASE DETECTION BASED ON COUNTER-FACTUAL RECOMMENDATION WITH A HYBRID VISION TRANSFORMER AND CONVOLUTIONAL NEURAL NETWORK MODEL,"Coffee plantations are vulnerable to several diseases that harm roots, leaves, and cherries, jeopardizing crop productivity and farmer livelihoods. Small-scale farmers lack access to precise and accessible technologies for diagnosing and controlling these diseases. Traditional machine learning methodologies are restricted to single-disease classification and lack the intricacies of multi-disease contexts. In this work, the proposed model has a unique hybrid model that integrates vision transformer (ViT) and convolutional neural network (CNN) architectures for the identification and early detection of several coffee plant diseases. The ViT module identifies global associations in plant images, while the CNN extracts intricate local characteristics, facilitating thorough disease diagnosis. Furthermore, the counterfactual recommendation system models the impacts of several treatments and preventative strategies on the original images, offering practical insights. Our model attains an accuracy of 0.9881 % on a dataset of 1056 images, surpassing current methodologies. The suggested solution is included in the Affogato app, enabling farmers to make educated, customized choices about disease control. This method not only improves disease detection but also promotes sustainable coffee-growing techniques, enhancing crop production and farmer livelihoods. © This work is licensed under a Creative Commons Attribution-Non-Commercial 4.0 International license.",8,2025,10.47163/agrociencia.v59i4.3385,https://www.scopus.com/pages/publications/105008662776?origin=resultslist,Chava,Include,Hybrid ViT; ViT,CNN; Counterfactual Recommendation,Coffee plant disease image dataset; 1;059 images,-,Metode tradisional terbatas pada single-disease; perlu deteksi multi-penyakit
Alzahrani A.S.; Iqbal A.; Zafar W.; Husnain G.,"Alzahrani, Ali Saeed (57226308834); Iqbal, Abid (54794200400); Zafar, Wisal (58691276400); Husnain, Ghassan (57195772586)","Swin-YOLO-SAM: a hybrid Transformer-based framework integrating Swin Transformer, YOLOv12, and SAM-2.1 for automated identification and segmentation of date palm leaf diseases","The cultivation of date palm (Phoenix dactylifera L.) is acutely impacted by numerous fungal, bacterial, and pest-related diseases that diminish yield, spoil fruit quality, and undermine long-term agricultural sustainability. The traditional methods of monitoring diseases, which rely heavily on expert knowledge, are not scalable and depend heavily on classical models that do not generalize readily to real-world conditions. Recent improvements in deep learning over the last two decades, particularly with Convolutional Neural Networks (CNNs), have led to significantly greater automation. However, CNNs still require relatively large labeled datasets and struggle with ambiguous or complex background features, small lesions, and overlapping symptoms when diagnosing plant diseases. To address these difficulties, we introduce an innovative hybrid Transformer deep learning framework based on four sophisticated modules: 1) Swin Transformer for hierarchical image classification, 2) YOLOv12 for real-time detection, 3) Grounding DINO with SAM2.1 for zero-shot segmentation, and 4) Vision Transformer (ViT) and a regression head for predicting disease severity. This collective architecture can deliver accurate detection, the most accurate segmentation, and quantification of disease severity in real-world, low-annotation-based scenarios and adverse environmental context situations. Experimental findings on a curated dataset of 13,459 palm leaf images show that the proposed model outperforms all previous CNN-based models with a classification accuracy of 98.91%, a precision of 98.85%, a recall of 96.8%, and an F1-score of 96.4%. These results represent a new standard for automated, scalable, and interpretable disease diagnosis in precision agriculture. Copyright © 2025 Alzahrani, Iqbal, Zafar and Husnain.",5,2025,10.3389/fpls.2025.1666374,https://www.scopus.com/pages/publications/105017539174?origin=resultslist,Chava,Include,Swin-T; ViT,YOLOv12; Grounding DINO; SAM 2.1,Custom dataset; 13;459 palm leaf images,-,Monitoring manual tidak scalable; perlu deteksi real-time dan akurat
Mallick M.T.; Banerjee S.; Thakur N.; Saha H.N.; Chakrabarti A.,"Mallick, MD Tausif (57215280129); Banerjee, Saptarshi (57169430000); Thakur, Nityananda (55647357500); Saha, Himadri Nath (53867210100); Chakrabarti, Amlan (24342850300)",Evaluation of State-of-the-Art Deep Learning Techniques for Plant Disease and Pest Detection,"Addressing plant diseases and pests is not just crucial; it’s a matter of utmost importance for enhancing crop production and preventing economic losses. Recent advancements in artificial intelligence, machine learning, and deep learning have revolutionised the precision and efficiency of this process, surpassing the limitations of manual identification. This study comprehensively reviews modern computer-based techniques, including recent advances in artificial intelligence, for detecting diseases and pests through images. This paper uniquely categorises methodologies into hyperspectral imaging, non-visualisation techniques, visualisation approaches, modified deep learning architectures, and transformer models, helping researchers gain detailed, insightful understandings. The exhaustive survey of recent works and comparative studies in this domain guides researchers in selecting appropriate and advanced state-of-the-art methods for plant disease and pest detection. Additionally, this paper highlights the consistent superiority of modern AI-based approaches, which often outperform older image analysis methods in terms of speed and accuracy. Further, this survey focuses on the efficiency of vision transformers against well-known deep learning architectures like MobileNetV3, which shows that Hierarchical Vision Transformer (HvT) can achieve accuracy upwards of 99.3% in plant disease detection. The study concludes by addressing the challenges of designing the systems, proposing potential solutions, and outlining directions for future research in this field. Copyright © 2025 The Authors.",4,2025,10.32604/cmc.2025.065250,https://www.scopus.com/pages/publications/105014932975?origin=resultslist,Chava,Exclude,Hierarchical ViT (HVT); MobileViT-v3,Traditional Machine Learning; CNN; RNN; ConvNeXt; MobileNetV3; Hybrid DL,-,-,Perlu pemilihan model yang efisien dan akurat; tantangan speed dan accuracy
Seilov S.; Nurzhaubayev A.; Baideldinov M.; Zhursinbek B.; Ashimgaliyev M.; Zhumadillayeva A.,"Seilov, Shakhmaran (57193681396); Nurzhaubayev, Akniyet (58916691200); Baideldinov, Marat (58614271900); Zhursinbek, Bibinur (58916540100); Ashimgaliyev, Medet (59302675600); Zhumadillayeva, Ainur (57188574944)",Hybrid Multi-Scale Neural Network with Attention-Based Fusion for Fruit Crop Disease Identification,"Unobserved fruit crop illnesses are a major threat to agricultural productivity worldwide and frequently cause farmers to suffer large financial losses. Manual field inspection-based disease detection techniques are time-consuming, unreliable, and unsuitable for extensive monitoring. Deep learning approaches, in particular convolutional neural networks, have shown promise for automated plant disease identification, although they still face significant obstacles. These include poor generalization across complicated visual backdrops, limited resilience to different illness sizes, and high processing needs that make deployment on resource-constrained edge devices difficult. We suggest a Hybrid Multi-Scale Neural Network (HMCT-AF with GSAF) architecture for precise and effective fruit crop disease identification in order to overcome these drawbacks. In order to extract long-range dependencies, HMCT-AF with GSAF combines a Vision Transformer-based structural branch with multi-scale convolutional branches to capture both high-level contextual patterns and fine-grained local information. These disparate features are adaptively combined using a novel HMCT-AF with a GSAF module, which enhances model interpretability and classification performance. We conduct evaluations on both PlantVillage (controlled environment) and CLD (real-world in-field conditions), observing consistent performance gains that indicate strong resilience to natural lighting variations and background complexity. With an accuracy of up to 93.79%, HMCT-AF with GSAF outperforms vanilla Transformer models, EfficientNet, and traditional CNNs. These findings demonstrate how well the model captures scale-variant disease symptoms and how it may be used in real-time agricultural applications using hardware that is compatible with the edge. According to our research, HMCT-AF with GSAF presents a viable basis for intelligent, scalable plant disease monitoring systems in contemporary precision farming. © 2025 by the authors.",3,2025,10.3390/jimaging11120440,https://www.scopus.com/pages/publications/105025648256?origin=resultslist,Chava,Include,ViT; ViT-based structural branch,HMCT-AF; GSAP; CNN; Multi-scale convolutional branches; EfficientNet,PlantVillage; CLD dataset,-,Dataset lapangan kompleks; perlu model yang robust untuk kondisi real-world
Sree Subha S.; Rithika Sri Reddy V.J.; Priyadarshini C.S.; Nandakumaran M.,"Sree Subha, S. (57203857251); Rithika Sri Reddy, V.J. (59993090800); Priyadarshini, C.S. (59993130400); Nandakumaran, M. (59993253200)",Next-Generation Plant Management System and Disease Detection Using Advanced Deep Learning,"Plant diseases significantly impact agriculture by reducing crop yield and overall harvest efficiency. This research presents a disease detection model integrated with a self-calibrated illumination enhancement model for improving the quality of the image under the low light conditions. For detection, MobileViT model is implemented with a Flutter-based mobile application, using TensorFlow Lite for real-time inference. For treating the plants, a remedy generation system is implemented using a Sequence-to-Sequence LSTM based Text Generation model. The application includes exclusive features which includes an AI chatbot powered by Dialogflow, plant identification through Plant.id API, community support for users interaction, an E-commerce store using Firebase and Smart Plant Manager is included to monitor plant health by combining GPS and weather data for an enhanced user experience. Finally, multilingual support is ensured for user through the MobileNMT model, ensuring accessibility for diverse users. © 2025 IEEE.",2,2025,10.1109/AIMLA63829.2025.11040896,https://www.scopus.com/pages/publications/105010559127?origin=resultslist,Chava,Include,MobileViT; Mobile ViT,Sequence-to-Sequence LSTM; MobileNMT; TensorFlow Lite,-,-,Perlu deteksi real-time pada kondisi low-light; sistem manajemen tanaman masih perlu terintegrasi
Islam T.; Riya N.S.; Abrar M.I.; Azhar T.,"Islam, Tarequl (59940357400); Riya, Nahida Sultana (59940400300); Abrar, Md Irfan (59940357500); Azhar, Tanvir (59715119300)",Advancing Coconut Tree Disease Detection Using Integrated CNN And Hybrid Vision Transformer,"In the agrarian societies of tropical regions, coconut plantation plays an essential role in ensuring economic stability and agricultural sustainability. One of the toughest challenges in the production of coconut trees is to detect diseases at an earlier stage and with efficiency. Advancements in Deep learning techniques have opened new avenues for efficient plant disease detection in recent years. This paper introduces a methodical strategy using a Hybrid Vision Transformer model, combining Convolutional Neural Networks (CNN) and the Vision Transformer architecture. By combining these two architectures we can leverage strengths of both architectures. A substantial amount of data is required to train any pre-existing model, highly sensitive of class imbalance and also, they are prone to overfitting. The proposed model utilizes EfficientNetB3 for feature extraction and a transformer encoder for sequence modeling. The source of the dataset is the Mendeley dataset repository and consists of 5,798 images. The are classified into five disease categories. The proposed method outperformed other pretrained and traditional models, demonstrating superior performance across all metrics and achieving better results specifically for coconut tree disease detection. The proposed model performed over 98.36% accuracy in all aspects. Overall, this study has exhibited its effectiveness in diagnosing the diseases in Coconut trees. © 2025 IEEE.",2,2025,10.1109/ECCE64574.2025.11013140,https://www.scopus.com/pages/publications/105007737067?origin=resultslist,Chava,Include,Hybrid ViT; ViT; Transformer Encoder,CNN; EfficientNetB3,Mendeley dataset repository; 5;928 images; 5 disease categories,-,Dataset besar dibutuhkan; model rentan imbalance dan overfitting
Hajoub M.W.; Touil H.; Achkari Begdouri M.,"Hajoub, Mohamed Walid (58553531000); Touil, Hicham (55497629100); Achkari Begdouri, Mohammed (57734037400)",Enhancing Plant Health Monitoring in Precision Agriculture Through Image Segmentation and Ensemble Learning,"Plant disease detection is a crucial agricultural practice that aims to minimize crop losses and maximize farmers’ profits. However, variable weather conditions and complex field environments introduce complexity into disease images that substantially affect the precision and robustness of detection models. To overcome these challenges, we propose an approach aimed at improving the accuracy of plant disease detection through the integration of two advanced techniques from artificial intelligence and computer vision. Our study aims to employ image segmentation to extract diseased leaves and remove backgrounds containing non-essential features. These extraneous elements can disrupt the learning process of the model and hinder its ability to generalize. To enhance accuracy and performance, we employ ensemble learning techniques that combine predictions from multiple classification models. We conducted experiments using a public dataset of potato images to measure the efficacy of our suggested approach. The experimental results findings indicate that our ensemble learning model achieved a test accuracy of 98.20%, surmounting the performance of baseline models such as MobileNet, ResNet, and VGG16. Additionally, this ensemble learning model also outperformed the Vision transformers architecture trained under the same conditions. According to the findings of this investigation, we recommend the ensemble learning model (Hard Voting) as it provides the best results for plant disease detection. © The Author(s), under exclusive license to Springer Nature Switzerland AG 2025.",1,2025,10.1007/978-3-031-88653-9_56,https://www.scopus.com/pages/publications/105005393584?origin=resultslist,Chava,Exclude,Tidak ada,CNN; MobileNetV2; ResNet; VGG16; Ensemble Learning; Hard Voting; Image Segmentation,Public potato image dataset,-,Kondisi lapangan kompleks; background gambar mengganggu deteksi penyakit
Ismail U.I.; Chua H.N.; Nordin R.,"Ismail, Usman Idris (58749645400); Chua, Hui Na (60413339300); Nordin, Rosdiadee (35079084800)",Vision Transformer with Explainable AI for Cross-Regional Rice Leaf Disease Detection: A Comparative Study with CNNs,"Sustainable agriculture demands accurate and interpretable tools for early plant disease detection, especially in rice a crop feeding over half of the global population. This study compares Vision Transformers (ViTs) enhanced with Explainable AI (XAI) against conventional Convolutional Neural Networks (CNNs) for rice leaf disease classification. We introduce ViTXAI-RDD, a custom ViT model visualized via Saliency Maps, Vanilla Gradients, Integrated Gradients, and Gradient SHAP. Using real-world datasets from Bangladesh and India, ViTXAI-RDD achieved 98% accuracy in Bangladesh, outperforming CNN (89%), with Gradient SHAP providing the most precise disease localization. However, accuracy dropped to 38% on the Indian dataset, revealing domain generalization challenges. The novelty lies in integrating interpretability with transformer-based modeling across geographically diverse datasets. These findings lay the motivation for multimodal models combining image and environmental data to deliver more robust, transparent, and deployable AI solutions for precision agriculture. © 2025 IEEE.",1,2025,10.1109/ICOCO67189.2025.11334147,https://www.scopus.com/pages/publications/105032884825?origin=resultslist,Chava,Include,ViT; ViT-XAI-RDD,CNN; Explainable AI (XAI); Saliency Maps; Vanilla Gradients; Integrated Gradients; Grad-CAM; Gradient SHAP,Real-world rice leaf disease datasets from Bangladesh and India,Bangladesh; India,Tantangan domain generalization antar wilayah; perlu model multimodal yang lebih robust
Campos-Mocholí M.; Chacón-Albero O.; Julian V.,"Campos-Mocholí, M. (59453718100); Chacón-Albero, O. (59453718200); Julian, Vicente (6602206677)",CLIP in the Field: A Study of Plant Disease Detection via Zero-Shot and Fine-Tuning,"Integrating computer vision into agriculture offers transformative potential for sustainable crop management, particularly in the early detection of plant diseases. Traditional deep learning models, such as Convolutional Neural Networks and Vision Transformers, have shown high accuracy in disease classification but are limited by their dependence on large labeled datasets, lack of generalization, and difficulty adapting to new tasks. This study explores the applicability of CLIP, a multimodal Vision-Language Model, for plant disease detection using zero-shot and fine-tuning strategies. We evaluate CLIP in different experimental setups. Our results highlight the strengths and limitations of CLIP capabilities in the agricultural domain and assess how prompt engineering and domain adaptation can improve performance. The findings contribute to the understanding of how foundation models can be adapted for precision agriculture, potentially reducing the reliance on chemical treatments through early, automated, and scalable disease detection. © The Author(s), under exclusive license to Springer Nature Switzerland AG 2025.",1,2025,10.1007/978-3-032-05925-3_2,https://www.scopus.com/pages/publications/105021827793?origin=resultslist,Chava,Exclude,Tidak ada,CLIP; Vision-Language Model; Zero-Shot Learning; Fine-Tuning; Data Augmentation,-,-,Ketergantungan pada dataset berlabel besar; generalisasi rendah pada tugas baru
Nagar P.; Mishra P.; Bhatt R.; Singh R.K.; Gupta P.; Gupta S.,"Nagar, Prateek (58478908600); Mishra, Priyanshu (59996321700); Bhatt, Rohan (59995206100); Singh, Rishabh Kumar (59996321800); Gupta, Pradeep (58710685300); Gupta, Sonam (57202325805)",Advancements in Plant Disease Detection Using Vision Transformers,"The application of artificial intelligence in plant disease detection has become a critical tool in promoting precision agriculture and ensuring global food security. This research emphasises the use of state-of-the-art methods, including convolutional neural networks (CNNs), for distinguishing various plant diseases through image analysis. The approach involves robust image preprocessing and feature extraction techniques, enabling high performance in detecting diseases such as leaf blight, powdery mildew and rust across diverse plant types. Experimental results demonstrate the system's efficacy, achieving an accuracy of 91.5%, precision of 94.5%, recall of 93.8% and an F1-score of 94.1%. The model's robustness and adaptability to multiple datasets highlight its potential for wide-scale application in identifying plant diseases through tissue images, paving the way for advancements in precision agriculture and early disease management. © The Author(s), under exclusive license to Springer Nature Singapore Pte Ltd. 2025.",1,2025,10.1007/978-981-96-3253-4_48,https://www.scopus.com/pages/publications/105010584221?origin=resultslist,Chava,Include,ViT; ViTXAI-RDD,CNN; Explainable AI (XAI); Saliency Maps; Vanilla Gradients; Integrated Gradients; Grad-CAM; Gradient SHAP,Real-world rice leaf disease datasets from Bangladesh and India,Bangladesh; India,Generalisasi lintas wilayah masih lemah; akurasi turun pada dataset India
Lakshmi Viveka K.; Rani K.S.; Chakravarthy A.K.; Sahith R.; Prasad K.N.S.S.V.; Neelima S.,"Lakshmi Viveka, K. (57289026000); Rani, K Saroja (59998952900); Chakravarthy, Antharaju K. (58452239000); Sahith, R. (57203136884); Prasad, K.N.S.S.V. (58586928200); Neelima, S. (58132048000)",Machine Learning-Driven Object Detection Techniques for Automated Identification and Spatial Localization of Plant Diseases,"Disease detection in plants is a key aspect of precision agriculture that facilitates early detection and effective control of plant diseases. This research proposes a better approach to plant disease classification through a hybrid framework using deep learning and machine learning algorithms. Feature extraction was carried out using EfficientNetB0, Vision Transformers (ViTs), and handcrafted features to enhance the model's ability to effectively differentiate between healthy and diseased leaves. Advanced data preprocessing techniques, such as KNN imputation for dealing with missing values and data augmentation, improved model generalization and resilience. Among the classification models experimented with, the hybrid CNN + XGBoost model achieved the highest accuracy of 96.3%, outperforming EfficientNetB0 (95.7%) and Vision Transformers (94.8%). The results indicate the potency of combining deep learning feature extraction with machine learning classifiers to achieve outstanding classification performance. This is a scalable, efficient, and high-precision solution for automated plant disease detection, which serves the growth of advanced agricultural practice. © 2025 IEEE.",1,2025,10.1109/ICAISS61471.2025.11041930,https://www.scopus.com/pages/publications/105010758878?origin=resultslist,Chava,Include,ViT,EfficientNetB0; CNN; XGBoost; KNN; Handcrafted Features,-,-,Akurasi deteksi masih rendah; perlu peningkatan generalisasi dan lokalisasi penyakit
Bhise D.; Kumar S.; Mohapatra H.,"Bhise, Dhiraj (57647297400); Kumar, Sunil (57347383900); Mohapatra, Hitesh (57204830974)",A Review on Use of Deep Learning and Hyperspectral Data Integration for Early Stage Crop Disease Detection,"Early-stage plant disease detection is a cornerstone of precision agriculture, enabling timely interventions to minimize crop loss and enhance agricultural productivity. This review explores the integration of hyperspectral and multispectral imaging technologies with advanced deep learning models, particularly hybrid architectures combining Convolutional Neural Networks (CNNs) and Vision Transformers (ViTs). These techniques offer significant improvements in disease detection accuracy, leveraging spectral and spatial features to identify subtle symptoms before they are visible to the human eye. A comprehensive analysis of 14 key studies highlights the strengths and limitations of existing methods, the datasets employed, and the performance metrics used to evaluate these models, including accuracy, precision, recall, F1-score, and AUC. The review emphasizes the potential of hybrid models to bridge the gap between traditional imaging approaches and emerging demands for scalability, interpretability, and real-time performance in agricultural settings. Additionally, it discusses challenges such as dataset quality, computational complexity, and model generalization, providing insights into how these issues can be addressed through advancements like transfer learning and explainable AI. By synthesizing the findings, this work underscores the transformative role of hyperspectral imaging and deep learning in sustainable crop management and precision agriculture. It concludes with recommendations for future research, focusing on enhancing model robustness, expanding datasets to cover diverse species and diseases, and ensuring real-time applicability for field deployment. © 2025 IEEE.",1,2025,10.1109/ICCSAI64074.2025.11063960,https://www.scopus.com/pages/publications/105012096549?origin=resultslist,Chava,Exclude,ViT,CNN; Hybrid Models; DL,Hyperspectral and multispectral imaging data; dataset -,-,Data quality rendah; komputasi tinggi; generalisasi model masih terbatas
Bui C.V.; Vo Q.-T.,"Bui, Cao Vu (58778478900); Vo, Quoc-Trinh (57209511906)",A Vision Transformer with Locality Bias for Coffee Leaf Disease Detection on Small Datasets,"Accurate identification of coffee leaf diseases is crucial for maintaining crop health and yield, yet deep learning models often struggle in agricultural settings due to limited annotated data. Vision Transformers (ViTs), though powerful on large datasets, perform poorly on small datasets due to their lack of spatial inductive bias. In this paper, we adapt a locality-biased ViT architecture-combining Shifted Patch Tokenization (SPT) and Locality Self-Attention (LSA)-to improve classification of coffee leaf diseases from a small dataset of 1,200 labeled images across five classes. Experimental results show that the enhanced ViT improves top-1 accuracy by 4.0% and top-5 accuracy by 1.7% over the baseline ViT, closely mirroring performance gains reported in previous studies. Our model also outperforms standard CNNs (e.g., ResNet18, EfficientNetB0) by up to 4.2% in F1-score, demonstrating that incorporating locality bias allows ViTs to better generalize on fine-grained disease patterns in data-constrained scenarios. © 2025 IEEE.",1,2025,10.1109/ATIGB66719.2025.11142197,https://www.scopus.com/pages/publications/105017112677?origin=resultslist,Chava,Include,Locality-biased ViT (ViT); ViT,Shifted Patch Tokenization (SPT); Locality Self-Attention (LSA),Coffee Leaf Disease dataset; 1;200 labeled images; 5 classes,-,ViT kurang optimal pada dataset kecil; perlu spatial inductive bias
Li J.; Yin Z.; Li D.; Zhang H.; Xu M.,"Li, Jiqing (58420500300); Yin, Zhendong (14068170900); Li, Dasen (57224218782); Zhang, Hongjun (57208119900); Xu, Mingdong (57212147059)",An efficient non-parametric feature calibration method for few-shot plant disease classification,"The temporal and spatial irregularity of plant diseases results in insufficient image data for certain diseases, challenging traditional deep learning methods that rely on large amounts of manually annotated data for training. Few-shot learning has emerged as an effective solution to this problem. This paper proposes a method based on the Feature Adaptation Score (FAS) metric, which calculates the FAS for each feature layer in the Swin-TransformerV2 structure. By leveraging the strict positive correlation between FAS scores and test accuracy, we can identify the Swin-Transformer V2-F6 network structure suitable for few-shot plant disease classification without training the network. Furthermore, based on this network structure, we designed the Plant Disease Feature Calibration (PDFC) algorithm, which uses extracted features from the PlantVillage dataset to calibrate features from other datasets. Experiments demonstrate that the combination of the Swin-Transformer V2F6 network structure and the PDFC algorithm significantly improves the accuracy of few-shot plant disease classification, surpassing existing state-of-the-art models. Our research provides an efficient and accurate solution for few-shot plant disease classification, offering significant practical value. Copyright © 2025 Li, Yin, Li, Zhang and Xu.",1,2025,10.3389/fpls.2025.1541982,https://www.scopus.com/pages/publications/105006925063?origin=resultslist,Chava,Exclude,Swin-TransformerV2,Few-Shot Learning; FAS; NNCM; PDFC,PlantVillage dataset,-,Data penyakit tanaman terbatas; perlu klasifikasi few-shot yang akurat
Mormille L.H.; Salama I.; Atsumi M.,"Mormille, Luiz H. (57219757523); Salama, Iskandar (59696644000); Atsumi, Masayasu (7006943135)",Leveraging Stable-Diffusion Generated Images to Enhance Vision Transformers for Plant Disease Classification,"Plant disease classification is a critical task in agriculture, aiding in early detection and mitigation of crop losses. In this paper, we propose a novel methodology that combines Stable-Diffusion Models with Vision Transformer (ViT) networks to improve plant disease classification. We first employ Stable-Diffusion Models to generate a large-scale dataset comprising 500K images encompassing 106 species of plants. Subsequently, we utilize these generated images to pre-train a ViT model, leveraging its capacity for capturing global image features. We then fine-tune the pre-trained ViT model on three distinct downstream tasks related to identifying diseases in plants. Our experimental results demonstrate substantial improvements in plant disease classification accuracy compared to conventional pre-training methods. Furthermore, all our models and synthetic dataset are public available. Overall, our findings highlight the potential of integrating Stable-Diffusion Models with ViT networks for advancing plant disease diagnosis in agricultural systems. © 2025 SPIE.",0,2025,10.1117/12.3056609,https://www.scopus.com/pages/publications/105000174829?origin=resultslist,Chava,Include,ViT,Stable-Diffusion Models,Synthetic dataset generated by Stable-Diffusion; 500K images; 106 plant species,-,Dataset skala besar masih dibutuhkan; pre-training konvensional kurang optimal
Misra D.; Goel S.; Sandhan T.,"Misra, Debojyoti (59180573700); Goel, Suryansh (58134373100); Sandhan, Tushar (56043658100)",Ensembling YOLO and ViT for Plant Disease Detection,"As the population of the earth grows, the demand for food grows proportionally. Early and cost-effective detection of plant diseases can result in less food loss. The current methods for image-based plant disease detection tend to fail in field conditions. The proposed pipeline uses an ensemble of an YOLOv8 model trained for disease detection and a disease detection module made of YOLOv8 (as the localizer) and Vision Transformer (as the classifier). The ensembling is performed with a method called Soft-NMS. Our pipeline performs disease detection with 46.12% mAP, beating the YOLOv8 by 14.72%, which detects with 31.4% mAP in the Plant-Doc dataset. © The Author(s), under exclusive license to Springer Nature Switzerland AG 2025.",0,2025,10.1007/978-3-031-78305-0_6,https://www.scopus.com/pages/publications/85212275537?origin=resultslist,Chava,Include,ViT,YOLOv8,Plant-Doc,-,Metode deteksi berbasis citra kurang optimal pada kondisi lapangan
Swapna P.; Nandan D.,"Swapna, P. (60607294900); Nandan, Durgesh (57192555607)",Precision Agriculture Using Deep Learning: Integrated Detection of Chilli Plant Diseases,"Chilli is an important cash crop grown in different parts of the world due to its nutritional, economic and industrial significance. Its productivity is oftentimes however jeopardized by diseases like the anthracnose, leaf curl virus, bacterial leaf spot, Cercosporin leaf spot, and powdery mildew, which have serious impacts on reducing the yield and the quality. Traditional diagnostic techniques based on the expert eye examination are usually subjective, time-intensive and cannot be used in large scale farming. The latest developments in precision agriculture have presented deep learning as a groundbreaking technology that will help with automated disease detection and monitoring. In addition to the classic transfer learning models used in plant pathology, newer models like Vision Transformers (ViTs), Capsule Networks (CapsNets), synthetic data augmentation using Generative Adversarial Networks (GANs), and spatial-contextual modeling with Graph Neural Networks (GNNs) have demonstrated great potentials towards the application of robust chilly disease detection. Furthermore, edge-based deployments of AI, multimodal approaches combining spectral and environmental data, and federated learning paradigms are provided as scalable and privacy preserving solutions for applications in the field. This review describes the practice of combining these advanced approaches, assesses their relevance, and identifies issues and opportunities of sustainable management of chilly disease in precision agriculture. © 2025 IEEE.",0,2025,10.1109/ICRTEECT67512.2025.11448893,https://www.scopus.com/pages/publications/105037334968?origin=resultslist,Chava,Include,ViT,Transfer Learning; Capsule Networks (CapsNets); Generative Adversarial Networks (GAN); Graph Neural Networks (GNN),-,-,Diagnostik manual subjektif dan tidak scalable; butuh deteksi otomatis yang robust
Hamim S.A.; Sadi M.T.H.; Al Jubair M.D.A.; Bhuiyan T.; Ali M.A.; Mridha M.F.,"Hamim, Sultanul Arifeen (59365289900); Sadi, Md Tafhimul Haque (60090220500); Al Jubair, Md. Abdullah (58571348800); Bhuiyan, Touhid (24831672300); Ali, M. Ameer (57216602791); Mridha, M. Firoz (36761314400)",IGNN: An Attentional Graph-Based Approach for Vision Transformer-Empowered Plant Disease Detection,"Crop diseases pose a significant threat to global agriculture, necessitating the development of accurate and efficient automated detection systems. Traditional methods, including those based on Convolutional Neural Networks (CNNs), often struggle to capture the complex, long-range dependencies inherent in disease symptoms. To address this challenge, this paper introduces a novel hybrid deep learning model that integrates the strengths of a Vision Transformer (ViT) for powerful feature extraction with a Graph Neural Network (GNN) for relational learning. Our proposed architecture leverages a fine-tuned ViT to extract rich visual embeddings from leaf images, which are then used to construct a graph where nodes represent individual images and edges represent their feature similarity. An attention based GNN subsequently processes this graph to classify diseases based on both visual features and contextual relationships. Experimental results on a benchmark tomato disease dataset demonstrate the model's exceptional performance, achieving an overall accuracy of 0.99. This model's ability to effectively model global and relational information proves its superiority over conventional approaches. The findings highlight the potential of ViT-GNN hybrid architectures for robust and scalable disease diagnosis in precision agriculture. © 2025 IEEE.",0,2025,10.1109/i-COSTE68047.2025.11467338,https://www.scopus.com/pages/publications/105038035085?origin=resultslist,Chava,Include,ViT; IGNN,GNN; Attention-based GNN,Benchmark tomato disease dataset,-,CNN sulit menangkap dependensi jangka panjang; perlu model deteksi yang lebih akurat
Chowdhury A.G.; Smith A.; Atzmueller M.,"Chowdhury, Arnab Ghosh (57329472000); Smith, Amos (60374452400); Atzmueller, Martin (10240403500)",Enhancing Convolutional Block Attention with Self-Attention on Agricultural Image Classification,"Convolutional Neural Networks (CNNs) demonstrate significant performance on RGB images and have been applied in precision agriculture to assist in processes such as weed control, plant disease detection, and fruit quality management. The representational power of CNNs is enhanced by the Convolutional Block Attention Module (CBAM), which uses a channel and a spatial attention modules. The respective spatial inductive biases allow CNNs to learn representations with fewer parameters in several vision tasks. Moreover, selfattention based Vision Transformer (ViT) models are leveraged to learn the global representations. They are memory and compute intensive unlike CNNs. MobileViT combines the strengths of CNNs and Transformers to build ViT models for mobile vision tasks. In this paper, we propose two types of a Convolutional Block with Spatial Self-Attention Module (CBwSSAM) that harness a channel attention and a MobileViT-based spatial selfattention, respectively. The proposed modules can be integrated into any CNN architecture seamlessly. Furthermore, we leverage the lightweight BlazeFace model, which has previously been proposed for face detection tasks on mobile GPUs. We analyze an image classification model based upon the BlazeFace feature extraction network that incorporates CBwSSAM, aimed towards deployment on mobile and edge devices. Our evaluation results on three publicly available datasets demonstrate the efficacy of the proposed modules towards agricultural image classification. © 2025 IEEE.",0,2025,10.1109/ICTAI66417.2025.00060,https://www.scopus.com/pages/publications/105031886540?origin=resultslist,Chava,Include,ViT; MobileViT,CNN; CBAM; CbWSSAM; BlazeFace,Three publicly available agricultural datasets; dataset names not specified,-,ViT berat secara komputasi; perlu model ringan untuk perangkat mobile/edge
Vikky; Mittal N.; Kumar S.,"Vikky (60429868600); Mittal, Neha (57197343980); Kumar, Satendra (57738812900)",Explainable Vision Transformer Enabled Convolutional Neural Network for Plant Disease Classification,"Plant diseases significantly have threatened the world agriculture through the decrease in food availability, economic sustainability and the survival of the farmers. The significance of timely and proper detection of plant diseases is that it helps to get them before they cause the outbreak thus curbing crop losses. Common methods of detection do not usually scale all the way given that they resort more on the skills of the personnel making the analysis. Plant disease can be diagnosed by using image data, and since the development of Artificial Intelligence (AI) especially deep learning is very prompt, we focus into probing the task of detection and classification of plant leaf diseases based on Kaggle dataset, more than 53k plant leaf images, and 38 classes using deep learning techniques. Until the stage of pre-processing the image, learning model, measuring model performance, it has been taking an entire data science pipeline of the study. They employed the VIT trained and transfer learning based on the pre trained architectures like VGG19 and ResNet50. The significant issue was the imbalance and visual similarity of classes of disease during the data analysis which was mitigated by data augmentation and hyperparam optimization. VIT model produced validation accuracy of 99.7 % as opposed to VGG19 model whose accuracy was 80.56 %. The accuracy recorded on the last performance is 91.93 on the EfficientNet model. Since the solution to the identification of plant diseases turns out to be effective with preprocessing and model adoption through deep learning. It also aids to create AI driven tools of precision agriculture and demonstrates future works such as application of the models to the mobile and real time diagnostics to the farm systems. © 2025 IEEE.",0,2025,10.1109/CISES66934.2025.11265650,https://www.scopus.com/pages/publications/105031573518?origin=resultslist,Chava,Include,ViT,CNN; Transfer Learning; VGG19; ResNet; EfficientNet,Kaggle dataset; 53K+ plant leaf images; 38 classes,-,Deteksi manual tidak scalable; imbalance dan kemiripan visual antar kelas penyakit
Kumar Swamy V.; Anusha R.; Farzana Begum S.,"Kumar Swamy, V. (60513864400); Anusha, R. (58193524100); Farzana Begum, S. (60513255200)",HyTran-CottonNet: A Hybrid Vision Transformer-CNN Architecture with Cross-Disease Attention for Robust Cotton Leaf Disease and Severity Classification,"Cotton crops are highly vulnerable to multiple leaf diseases, many of which exhibit cooccurring symptoms and varying severity levels-posing a significant challenge for accurate diagnosis in realworld scenarios. Existing Convolutional Neural Networks (CNN)- or transformer-based models often fail to effectively capture both local lesion patterns and global leaf-level context, and typically overlook severity estimation. To address these limitations, we propose HyTran-CottonNeta pioneering hybrid deep learning framework that combines EfficientNet-B0 for finegrained local feature extraction and ViT-base for global context modeling. These attributes are combined by a Cross-Disease Attention Block (CDAB) and further refined using a Severity Awareness Module (SAM) to enable joint disease classification and severity grading. The model is trained with a... multi-task learning approach with a λ-weighted loss to balance both objectives. Evaluated on a curated dataset of 3,600 images spanning six classes-Aphids, Army Worm, Bacterial Blight, Healthy, Powdery Mildew, and Target Spot-HyTran-CottonNet achieves 99% accuracy in both disease and severity classification, with perfect perclass AUC scores and minimal misclassification. Ablation studies demonstrate the value of hybridization and attention, outperforming CNN-only and ViT-only baselines. The results highlight HyTran-CottonNet as a highly accurate and interpretable model suitable for real-time cotton disease monitoring and decision support in precision agriculture. © 2025 IEEE.",0,2025,10.1109/NKCon66957.2025.11345767,https://www.scopus.com/pages/publications/105033075442?origin=resultslist,Chava,Include,ViT; HyTran-CottonNet,EfficientNet-B0; CNN; Cross-Disease Attention Block (CDAB); Severity Awareness Module (SAM); Multi-task Learning,Curated dataset; 3;600 images; 6 classes,-,Model CNN/Transformer sulit menangkap fitur lokal dan global; severity estimation sering diabaikan
Mahakud R.; Mohanty M.N.; Behera D.K.; Pattanayak B.K.; Rautaray P.K.; Mohanty B.,"Mahakud, Rina (57742105500); Mohanty, Mihir Narayan (57211009173); Behera, Dayal Kumar (55460675500); Pattanayak, Binod Kumar (37079525200); Rautaray, Pravat Kumar (59249607300); Mohanty, Bibhuprasad (55147069200)",A HYBRID VGGNET–VISION TRANSFORMER APPROACH FOR LEAF DISEASE CLASSIFICATION USING PGGAN-AUGMENTATION,"Plant diseases represent a significant issue to agriculture field globally, causing substantial reductions in crop yield and considerable economic losses. Automated plant disease detection from leaf images has gained momentum with advances in deep learning, yet its effectiveness is often hindered by limited and imbalanced datasets. This work presents a hybrid deep learning framework as the integration of the Visual Geometry Group (VGG16) convolutional network with a Vision Transformer (ViT) to capture both local texture information and global contextual dependencies. To overcome data scarcity, Progressive Growing of GANs (PGGAN) is employed to synthesize realistic plant leaf images for augmentation. Experimental results on tomato and potato disease datasets demonstrate that the proposed VGG16–ViT model achieves superior performance compared to conventional CNN and transformer-based baselines. Without augmentation, the hybrid model attains 92.67% accuracy on the tomato dataset and potato dataset. With PGGAN augmentation, classification accuracy improves substantially to 98.49%. These findings highlight the potential of combining hybrid deep learning architectures with GAN-based data augmentation to enhance accuracy, robustness, and generalization in automated plant disease diagnosis. © 2025, Diogenes Co. Ltd.. All rights reserved.",0,2025,10.12732/ijam.v38i4s.261,https://www.scopus.com/pages/publications/105017875574?origin=resultslist,Chava,Include,ViT; VGG16-ViT,VGG16; PGGAN; CNN,Tomato disease dataset; Potato disease dataset,-,Dataset terbatas dan tidak seimbang; perlu ekstraksi fitur lokal dan global
Veruva V.; Yogesh Y.; Soumya V.S.; Vivek M.; Duraivelu V.,"Veruva, Vaishnavi (60112459300); Yogesh, Yadla (60112412400); Soumya, Vallepu Sai (58140062300); Vivek, Madas (59089324200); Duraivelu, Vivek (57208911781)",A Novel Vision Transformer Approach with Adaptive Segmentation for Early Plant Disease Detection,"Early and accurate detection of plant diseases is of prime importance for farming and food production. Conventional methods in detecting plant diseases usually cannot guarantee speed and often tend to be inaccurate. In addition, the recent AI models that have advanced the situation are still unsure of where precisely to target the ailing parts of the plant, reducing their precision. This project introduces a novel AI model called Adaptive Vision Transformer or AViT for short, developed to solve this problem. AViT also implements a new algorithm called Adaptive Attention Segmentation (AAS) that helps the model focus more on the diseased spot and suppress noise in the background. Therefore, AViT can further refine its performances for disease recognition and classification. Preliminary tests proved that AViT is profoundly better than the traditional method in identifying plant diseases, ensuring that improvements in plant health monitoring will be made. This research introduced more precise AI solutions within the agricultural industry so that farmers may be better equipped to diagnose plant diseases earlier with higher accuracy. © 2025 IEEE.",0,2025,10.1109/ICCMC65190.2025.11140639,https://www.scopus.com/pages/publications/105016905654?origin=resultslist,Chava,Include,AViT; ViT,CNN; AAS; FL; ML; DL (DL),-,-,Metode konvensional lambat dan kurang akurat; perlu deteksi dini dengan segmentasi adaptif
Dhakyanaikabdel K.; Anandababu J.,"Dhakyanaikabdel, Kotranaik (60536188300); Anandababu, J. (60535811500)",A Hybrid CNN–Vision Transformer Framework for Optimized Leaf Disease Detection Using Feature Fusion and Transfer Learning,"Plant disease of leaves drastically affects the yields of crops, which is a threat to food security and financial sustainability of agricultural enterprises. Early identification of diseases with accuracy is vital for precision farming, i.e., smart farming. Random Forest (RF), Support Vector Machine (SVM), and K-Nearest Neighbor (KNN) classifiers, being conventional, have already been employed for the sake of disease classification. These Machine Learning (ML) classifiers, nevertheless, are liable to be biased towards handcrafted features, sensitivity to lighting, background, and severity of disease, leading to lower accuracy and generalizability. To address these limitations, this study suggests a new hybrid deep learning architecture called Convolutional Neural Network – Vision Transformer (CNN-ViT), which unifies the spatial feature extraction of CNN with the Vision Transformers' global attention mechanism. As a result, the combined model can automatically capture hierarchical features and long-distance relationships from enhanced and preprocessed images of leaves, facilitating effective multiclass classification. Evaluation of the model is conducted based on a publicly available plant disease dataset, resulting in better performance than conventional ML techniques and individual deep learning models. The hybrid CNN–ViT framework combines the CNN’s ability to extract spatial features with the Vision Transformer’s long-range attention. We evaluated the framework on the Plant Village (banana subset) with a batch size of 32, learning rate 0.001, and 50 epochs. The hybrid framework was 8.4 % more accurate than comparable baseline CNN and 7.1 % and 6.5 % more precice and recall compared with the comparable baseline ViT, respectively. The model, while showing increased robustness, requires increased computational complexity and inference latency and is therefore key to scaleable real-time deployment. This combined methodology presents a scalable and efficient solution for real-time monitoring of leaf diseases and contributes towards the development of AI-powered smart agriculture. © 2025, Department of Agribusiness, Universitas Muhammadiyah Yogyakarta. All rights reserved.",0,2025,10.18196/jrc.v6i6.28426,https://www.scopus.com/pages/publications/105034049622?origin=resultslist,Chava,Include,CNN-ViT; ViT,CNN; Feature Fusion; Transfer Learning,PlantVillage dataset; 54;000+ images; 14 crops; 38 disease classes,-,"Perlu model yang lebih akurat dan tahan terhadap variasi cahaya, background, dan tingkat keparahan penyakit"
Nemmour H.; Mezenner A.; Lakehal M.R.; Bouibed M.L.; Ammi I.; Moghrabi C.; Chibani Y.,"Nemmour, Hassiba (14039575300); Mezenner, Amine (58001276000); Lakehal, Mohamed Rayane (58853138700); Bouibed, Mohamed Lamine (57203588348); Ammi, Imene (60466162900); Moghrabi, Chaima (60465399100); Chibani, Youcef (10439547100)",GMaxViT: Gabor Multi-axis Vision Transformer for Tomato Disease Identification,"Plant disease detection is one of the most important topics of precision agriculture that aims to protect and boost crop yields. Commonly, intelligent systems based on Convolutional Neural Networks are employed to identify various plant diseases by analyzing images of leaves. For more complex scenarios, such as images captured directly from agricultural fields, advanced deep learning models incorporating attention mechanisms and bottleneck layers are preferred. In this context, the MaxViT model has demonstrated exceptional performance, thanks to its specialized architecture that integrates Mobile Inverted Bottleneck Convolutions along with both block and grid attention mechanisms. Presently, we propose an enhanced version of the MaxViT by incorporating texture features. Specifically, we apply a Gabor filter to the output of the stem convolution block, and the averaged filtered image is then added to the input of the MaxViT block in order to introduce additional texture information. We evaluate our approach on two benchmark datasets of tomato leaf diseases. The first, PlantVillage, contains laboratory-prepared leaf images, while the second, extracted from the PlantWild dataset, includes images captured in wild. Experimental results show that the proposed Gabor-MaxViT model achieves up to a 2.98% performance improvement over the basic MaxViT and surpasses several state-of-the-art systems. © 2025 IEEE.",0,2025,10.1109/AICCSA66935.2025.11315439,https://www.scopus.com/pages/publications/105032380140?origin=resultslist,Chava,Include,GMaxViT; MaxViT; Multi-axis ViT,Gabor Filter; Stem Convolution Block,PlantVillage; PlantWild,-,CNN sulit menghadapi skenario kompleks; perlu model lebih robust untuk identifikasi penyakit tomat
Karthick J.; Reddy M.B.; Karthick L.C.; Eswari A.,"Karthick, J. (57210027803); Reddy, M Bhargav (60517478300); Karthick, L.C. (60516951500); Eswari, A. (60517742900)",Farm Sage Multilingual Agricultural Q&A Assistant and Plant Leaf Disease Detection,"This work proposes an AI-powered agricultural decision-support system to overcome the limitations of traditional advisory mechanisms that often fail either in their diagnostic acumen or contextual awareness. In this respect, the proposed approach integrates a hybrid convolutional neural network-Swin Transformer architecture for plant disease detection with a multilingual conversational module powered by Google Gemini. The hybrid visual framework merges convolutional feature extraction with shifted-window selfattention, thus accurately identifying subtle and globally distributed disease patterns within natural farm images. The conversational module interprets farmer queries across regional languages, assuring reliable intent understanding and domainspecific response generation. Real-time meteorological data from the OpenWeatherMap API have been integrated to align diagnoses with localized environmental risks, rendering more actionable recommendations. The empirical investigation shows that the system has outperformed traditional CNN-based architectures on accuracy, precision, recall, and robustness metrics. Collectively, the framework offers a scalable, contextaware, and multilingual solution for enhanced crop health management under precision agriculture. © 2025 IEEE.",0,2025,10.1109/ICSSS66939.2025.11346384,https://www.scopus.com/pages/publications/105033158202?origin=resultslist,Chava,Exclude,Swin-T,CNN; Google Gemini; NLP; Hand-crafted Features,-,-,Perlu sistem diagnosis real-time dan rekomendasi multibahasa yang lebih kontekstual
Mudavat S.M.; Mitra A.; Mohanty S.P.; Kougianos E.,"Mudavat, Sai Mahesh (60102477000); Mitra, Alakananda (57223983135); Mohanty, Saraju P. (7202569569); Kougianos, Elias (14522547800)",FLitViT: Vision Transformers-Based Federated Learning Approach for Plant Disease Classification,"Plant diseases cause significant global crop losses affecting up to 33% annually, threatening food security. Despite advances in AI-based diagnosis, real-world deployment remains constrained by data privacy, limited edge computing, and lack of auditability. To surmount these limitations, we present FLitViT, a federated learning framework for privacy-preserving plant disease classification on low-cost agricultural edge devices. FLitViT integrates a compact MobileViT-XXS(extra-extra-small) model with quantization-aware training and intelligent client coordination for efficient edge deployment. A Temporal Checkpoint Manifold (TCM) module ensures auditability and system recovery through round-wise checkpoints. In addition, realtime client monitoring and adaptive timeout extensions help manage connectivity variability in rural environments. Experiments show that FLitViT achieves 97.8% test accuracy in three communication rounds with minimal accuracy loss in controlled scenarios. This enables cost-effective, auditable, and scalable agricultural AI, marking a practical step toward secure, decentralized smart agriculture. © 2025 IEEE.",0,2025,10.1109/OCIT66168.2025.11400427,https://www.scopus.com/pages/publications/105036684043?origin=resultslist,Chava,Include,FLitViT; ViT; MobileViT-XXS,FL; Quantization-Aware Training (QAT); Temporal Checkpoint Manifold (TCM); IoT,PlantVillage dataset,-,Privasi data dan keterbatasan perangkat edge; perlu model ringan dan terdesentralisasi
Rutba K.A.; Aonty S.S.,"Rutba, Kazi Ariana (60145957500); Aonty, Shuhena Salam (58261886500)",A Comprehensive Analysis of Leaf Disease Classification: Revolutionizing Detection with Vision Transformer,"Leaf diseases present a significant threat to agricultural productivity and crop quality, necessitating swift and precise identification methods to mitigate their detrimental effects and avert economic loss. Conventional diagnostic approaches reliant on manual visual examination are inefficient and susceptible to inaccuracies. Conventional deep learning architectures often struggle with a limited receptive field, a focus on local textures over global structures, and difficulties in recognizing long-range dependencies, hindering their effectiveness in detecting complex disease patterns on leaves. Considering these challenges, we proposed a plant disease classification system that leverages the pre-trained Vision Transformer (ViT), a cutting-edge deep learning architecture renowned for its proficiency in visual data analysis. By successfully capturing long-range dependencies and improving feature representation, the ViT overcomes the drawbacks of conventional models improving leaf disease classification accuracy and robustness. Our methodology encompasses the preprocessing of leaf imagery through resizing, augmentation, and normalization techniques to enhance the input quality. The ViT model employs a patch-based segmentation approach and utilizes self-attention mechanisms to capture both localized and global image features effectively. Using the Major Plant Disease Detection Dataset from Kaggle, our proposed ViT model achieved a test accuracy of 98.14%. © 2025 IEEE.",0,2025,10.1109/QPAIN66474.2025.11171714,https://www.scopus.com/pages/publications/105019059310?origin=resultslist,Chava,Include,ViT,CNN; Self-Attention Mechanism,Plant Disease Detection Dataset from Kaggle,-,Deteksi manual tidak efisien; perlu klasifikasi penyakit daun yang lebih akurat
Garg S.; Shrivastava S.; Saxena S.; Chauhan R.; Prasad R.,"Garg, Shreya (60584774800); Shrivastava, Shalvi (60584774900); Saxena, Shreya (60584775000); Chauhan, Ritik (60585075600); Prasad, Rajesh (57191422092)",AgriRakshak: Crop Disease Diagnosis using Deep Learning and Vision Transformers,"A major part of the Indian economy is contributed by Agriculture. This sector provides livelihood to nearly 40% of the Indian population. The end result of this research is to build a crop disease detection system to prevent financial and resource loss that the agriculture industry endures. Advancements in Convolutional Neural Networks (CNNs) have enabled the development of detection and prevention strategies for identifying diseases in agriculture. A dataset of Potato, Apple, Rose, and Cotton is used to investigate this study. This study uses the knowledge of CNN and Vision transformer (ViT) along with feature selections that remove noisy and irrelevant data. We have used major feature selection techniques named Excess Green Index (ExG), Excess Red (ExR), and Principal Component Analysis (PCA). This multimodel gives an accuracy of 98%. It gives an average precision, recall and F1 score of 0.95. The developed model can be helpful to prevent crop diseases and save the cost of damage control. © 2025 IEEE.",0,2025,10.1109/ICICAT68430.2025.11414544,https://www.scopus.com/pages/publications/105035835032?origin=resultslist,Chava,Include,ViT,CNN; ExG; ExR; PCA,Dataset potato; apple; rose; cotton,-,Perlu diagnosis otomatis untuk mengurangi kehilangan hasil dan sumber daya
Shravani K.; Bhargav A.L.; Lokesh B.; Subbaiah H.V.; Sripriya B.,"Shravani, K. (60502638400); Bhargav, A. Lakshmi (59065780800); Lokesh, Bokinala (60559754300); Subbaiah, H. Venkata (60587988400); Sripriya, B. (60587766100)",AgriFusionNet: A Hybrid Deep Learning and IoT Framework for Unified Crop Yield Forecasting and Disease Detection,"Global food security is largely dependent on agriculture, and modern farming systems depend on precise crop yield forecasting and plant disease detection to be durable, lucrative, and environmentally friendly. Precision agriculture has been transformed by the quick developments in machine learning (ML), deep learning (DL), the Internet of Things (IoT), and remote sensing (RS). These developments allow farmers and policymakers to make well-informed, data-driven decisions. In order to maximize output, minimize losses, and lessen environmental effects, this review summarizes state-of-the-art research that combines sensing technologies, spectral imaging, and intelligent algorithms. Neural networks, ensemble models, and hybrid frameworks like MARS-ANN and MARS-SVR consistently outperform conventional statistical methods in yield forecasting, according to studies conducted in a variety of regions, including Kazakhstan, Nigeria, and multi-country evaluations. More advanced methods, like MHRA-MS-3D-ResNet-BiLSTM and LSTM-based models, use data fusion from various sources and model explainability to find spatio temporal dependencies, identify crop-specific traits, and show important growth stages. In the same way, deep learning and computer vision models like ResNet-50, Multi-ViT, and MaizeNet are significantly more precise than classical ML algorithms when it comes to detecting plant diseases. They get 98-99% of the time right. Furthermore, the combination of AI-IoT systems and multimodal data from UAVs, satellites, and ground sensors shows a lot of opportunities for automated, scalable, and real-time uses in agriculture. Even with these successes, there are still problems to solve, such as the lack of large, high-quality labeled datasets, the reality that models fail to perform well across different crop types and regions, and the need for better interpretability to encourage real-world farming. The findings collectively underscore the transformative impact of AI-driven frameworks in precision agriculture, providing robust decision-support systems that can enhance yield prediction, facilitate early and reliable disease detection, improve crop management, and promote sustainable farming practices worldwide. The findings together underscore the transformative impact of AI-driven frameworks in precision agriculture, providing robust decision-support systems that can enhance yield prediction, facilitate early and accurate disease detection, optimize crop management, and advocate for sustainable farming practices worldwide. © 2025 IEEE.",0,2025,10.1109/ACOIT66109.2025.11437123,https://www.scopus.com/pages/publications/105035990979?origin=resultslist,Chava,Exclude,Multi-ViT,MARS-ANN; MARS-SVR; ResNet-50; ResNet-BiLSTM; MaizeNet; CNN; ML; DL,Multimodal data; UAVs; satellite data; ground sensors,Kazakhstan; Nigeria,Kurangnya dataset besar berkualitas; generalisasi model lintas wilayah masih terbatas
Bhadana D.; Thanjaivadivel M.; Lakshmana Kumar R.,"Bhadana, Deepa (58079598600); Thanjaivadivel, M. (58921457600); Lakshmana Kumar, R. (57658798800)",Leveraging Vision Transformers and Multi-Head Attention for Robust Rice Plant Disease Detection,"The pathogen of the disease which causes rice blast is Magnaporthe oryzae, is one of the many diseases that rice is extremely vulnerable to. For plant diseases to be successfully managed and production loss to be avoided, early and accurate detection is crucial. The current work proposes a unique method for diagnosing diseases of rice plants by using $A$ Vision Transformer (ViT) with Multi-Head Attention (MHA) mechanism is used to extract both global and local features of rice plant images, which provide more powerful and flexible representations than the classic Convolutional Neural Networks (CNNs). With the incorporation of the MHA mechanism, the model boosts the ability to focus on crucial symptoms of diseases even in images with heterogeneous conditions, such as illumination and orientation. The model is used on a rice plant image data set and obtains substantial advances in classification accuracy with 98.50, strength over current methods. The experiments prove the viability of ViTs and MHA to speed up the automation of the plant disease detection process with widespread consequences on the sustainability of agriculture. © 2025 IEEE.",0,2025,10.1109/SSITCON66133.2025.11342257,https://www.scopus.com/pages/publications/105033151370?origin=resultslist,Chava,Include,ViT; SayViT,Multi-Head Attention (MHA); CNN,Rice plant image dataset,-,CNN kurang robust pada gejala kompleks; perlu deteksi penyakit padi yang lebih akurat
Pallewatta P.; Arachchi S.M.; Karunanayaka K.; Kayuni T.; Aleksandr T.; Bhattarai A.; Halloluwa T.; Nicodemas K.A.; Kyei W.,"Pallewatta, Pandula (59032220500); Arachchi, Samantha Mathara (36727227200); Karunanayaka, Kasun (49961467800); Kayuni, Trapp (60503094700); Aleksandr, Tinmei (60503292200); Bhattarai, Aditi (59560938000); Halloluwa, Thilina (57188849636); Nicodemas, Kelvin A (60478665200); Kyei, Williams (60614428200)",BotonyBuddy: AI-Enabled Precision Plant Nursery Management for Multicrop Disease Classification and Phenology-Aware Age Estimation,"Plant nurseries face a critical challenge, as manual inspection of plant health and growth is labour-intensive, inconsistent, and unable to scale with rising demand. Early disease detection and accurate age estimation are crucial for nursery quality assurance; however, traditional methods remain subjective and prone to error. To address this gap, this paper presents BotonyBuddy. Smart plant nurseries can automatically benefit from AI to monitor plant health and growth. This AI-driven smart nursery management system unifies disease diagnosis and age prediction for four tropical crops (Mango, Bell Pepper, Durian, and Anthurium) using real nursery and greenhouse imagery. The system leverages deep learning (DL) models (VGG19, ResNet50, EfficientNet-B7, and DeiT Vision Transformer) for leaf disease classification on ∼ 7,500 images and integrates a vision-based age estimation pipeline trained on ∼ 1,200 labelled samples. Two modelling strategies are explored: (i) Direct age regression/classification with Convolutional Neural Networks (CNNs) and transfer learning, and (ii) an object-detection approach (YOLOv8) to count leaves and branches as inputs to an age prediction model. EfficientNet-B7 achieved the highest disease classification accuracies, 95.08% (Bell Pepper), 95.94% (Durian), 94.36% (Mango), and 92.02% (Anthurium), with DeiT close behind ( ∼ 89.8 - 93.7 %), while ResNet50/VGG19 performed between ∼ 85-92 %. For age estimation, the hybrid CNN and leaf-count approach achieved a mean absolute error (MAE) of 10 - 15 days for young plants and 12.5 days overall, with 88 % classification accuracy across age groups, with per-crop MAE of ∼ 4 days (Bell Pepper), ∼ 18 days (Mango), ∼ 21-22 days (Durian), and ∼ 15-16 days (Anthurium). A prototype web system enables QR-code-based plant identification, customer photo uploads, and personalized care recommendations. Results confirm that BotonyBuddy delivers reliable, real-time insights into plant health and growth, offering a scalable, AI-driven plant nursery tool for precision and smart agriculture. Future directions include expanding disease coverage, adopting multi-view imaging, and incorporating IoT data for higher-fidelity predictions. © 2025 IEEE.",0,2025,10.1109/AGRETA68375.2025.11474109,https://www.scopus.com/pages/publications/105037881477?origin=resultslist,Chava,Include,DeiT ViT,VGG19; ResNet-50; EfficientNet-B7; CNN; YOLOv8; Transfer Learning,Real nursery and greenhouse imagery; 7;500 leaf disease images; Mango; Bell Pepper; Durian; Anthurium,-,Inspeksi manual lambat dan tidak konsisten; perlu monitoring penyakit dan pertumbuhan terintegrasi
Adithyan A.; Abdulla T.H.; Muhammed A.; Babu C.; Sivakarthik B.; Rajan R.,"Adithyan, A. (57210701949); Abdulla, T.H. (59301818100); Muhammed, Aljasir (60607301900); Babu, Christy (60606884400); Sivakarthik, B. (60110351400); Rajan, Rajeev (57197984309)",Hybrid EfficientVit Model for Plant Disease Classification Using Leaf Images,"Plant diseases represent a persistent challenge to global food security, causing substantial crop losses each year. While traditional machine learning approaches have shown promise in automated disease detection, they often struggle with computational efficiency and capturing complex disease patterns. In this work, we introduce EfficientViT, a next-generation vision transformer specifically designed for agricultural applications. Our approach combines the global reasoning capabilities of transformers with computational efficiency through a novel cascaded multi-scale attention mechanism. We demonstrate that this architecture not only achieves superior accuracy in classifying diseases across multiple plant species but does so with significantly lower computational demands. The model's lightweight design makes it particularly suitable for deployment in resourceconstrained agricultural settings, potentially enabling real-time disease monitoring systems that could revolutionize crop management practices. © 2025 IEEE.",0,2025,10.1109/ICCSPCI68199.2025.11451619,https://www.scopus.com/pages/publications/105037390089?origin=resultslist,Chava,Include,EfficientViT; Hybrid EfficientViT,Cascaded Multi-Scale Attention,-,-,ViT konvensional berat secara komputasi; perlu model ringan untuk deteksi real-time
Kumar N.S.; Jothibass M.; Karnan C.; Deepan Prakash K.; Balamurugan K.S.,"Kumar, N.Saravana (60577431200); Jothibass, M. (60571309800); Karnan, C. (60346049500); Deepan Prakash, K. (60576877200); Balamurugan, K.S. (57147186000)",Transfer Learning-Based Hybrid CNN-ViT Approach for Phytophthora Blight Detection in Papaya Fruits,"Papaya (Carica papaya) is a commercially significant tropical fruit crop, yet its production is severely threatened by Phytophthora blight, a disease capable of causing up to 60-80% yield loss in severe outbreaks. Early and accurate detection is critical for preventing large-scale economic losses, particularly in regions where smallholder farmers dominate cultivation. Existing detection methods rely heavily on manual visual inspection, which is time-consuming, error-prone, and often ineffective in early infection stages. Recent machine learning (ML) and deep learning (DL) approaches, including conventional CNN architectures, have demonstrated potential in plant disease detection; however, most are focused on leaf-based datasets, are computationally intensive, or require costly sensing devices such as hyperspectral cameras, limiting their applicability in resource-constrained environments. To overcome these limitations, this study proposes a Transfer Learning-based Hybrid Convolutional Neural Network-Vision Transformer (CNN-ViT) model, which leverages CNN's local feature extraction capability and ViT's global context learning. Pretrained MobileNetV3 weights are utilized to enhance feature representation from limited papaya fruit datasets, combined with data augmentation and color normalization to improve robustness under variable field conditions. Experimental evaluation on a curated dataset of healthy and diseased papaya fruit images shows that the proposed model achieves 97.8% accuracy, outperforming baseline CNN and ViT models in both precision and recall. This approach demonstrates potential for real-time, cost-effective deployment in mobile or IoT-based plant disease monitoring systems. © 2025 IEEE.",0,2025,10.1109/APCIT65661.2025.11411117,https://www.scopus.com/pages/publications/105035614672?origin=resultslist,Chava,Include,CNN-ViT; ViT,CNN; Transfer Learning,Curated dataset; healthy and diseased papaya fruit images,-,Deteksi manual lambat dan subjektif; perlu deteksi real-time yang murah
Duggal A.; Chugh V.; Maggu J.,"Duggal, Anoushka (59539732500); Chugh, Vasu (60449521000); Maggu, Jyoti (57193551922)",Towards Transparent Plant Disease Detection: Applying XAI to Deep Learning Models in Precision Agriculture,"Plant disease detection is a critical part of ensuring healthy crops and maintaining high yields. Traditionally, this has relied on manual inspections, which are time-consuming and can be prone to errors. However, with the rise of machine learning and deep learning technologies, we now have the opportunity to automate this process, making it faster and more accurate. Despite their impressive performance, these models are often seen as 'black boxes,' where the decision-making process is unclear, which makes it difficult for farmers and agronomists to trust them fully. We address this issue by introducing LIME, Captum, and Global Surrogate, methods that help make deep learning models more understandable. We tested several models, including VGG11, VGG16, ViT-Base-Patch16, InceptionV3, and a Custom CNN, using a variety of plant disease images. While models like InceptionV3 performed the best in terms of accuracy, the Custom CNN was able to match its performance while being more efficient in terms of computation. By visualizing which parts of the plant images were most important in making a diagnosis, we made the process much clearer and easier to understand. This study shows that not only can AI-driven tools be accurate, but they can also be transparent, providing farmers with both trustworthy predictions and a clear understanding of how those predictions are made. © 2025 IEEE.",0,2025,10.1109/IC366947.2025.11290255,https://www.scopus.com/pages/publications/105032178853?origin=resultslist,Chava,Include,ViT-B/16,VGG16; InceptionV3; Custom CNN; XAI; LIME; Captum; Global Surrogate,-,-,Model deep learning masih black-box; perlu interpretabilitas untuk meningkatkan kepercayaan pengguna
Chin W.F.L.; Suhaili W.S.,"Chin, Wallace F L (59511179700); Suhaili, Wida S (57188866664)",Class-Specific Cross Attention for Fine Grained Paddy Disease Classification,"Accurate and timely diagnosis of paddy diseases is crucial for mitigating yield loss and safeguarding global food production. In recent years, deep learning and computer vision have emerged as powerful tools for automated plant disease detection. While numerous works exist in this area, most focus on leaf-level classification under controlled environments and fixed backgrounds, limiting generalizability and real-world field utility. This work investigates the application of fine-grained image classification (FGIC) techniques to paddy disease detection, demonstrating how such methods can improve discrimination between visually similar disease classes. Additionally, we propose a Vision Transformer (ViT)-based model that integrates class-specific cross-Attention with Multi-Instance Attention Pooling (MIAP) to extract class-relevant features at both global and local levels. To evaluate generalization, the study leverages publicly available online paddy disease datasets for training and assesses performance on a locally collected field dataset, exposing the challenges of distribution shifts and real-world variability. The proposed method achieved a validation accuracy of $92.5 \%$ and a testing accuracy of $62.3 \%$, outperforming other FGIC approaches under the same conditions. Model interpretability is emphasized through Grad-CAM++ visualizations, which reveal that the attention maps align with disease-relevant regions and provide insight into the decision-making process. These findings highlight the potential of FGIC methods for paddy disease detection in realistic field conditions and underscore the importance of addressing generalization to unseen datasets. By combining fine-grained attention mechanisms with crossdataset evaluation, this work offers a pathway toward robust and interpretable automated disease diagnosis for practical agricultural deployment. © 2025 IEEE.",0,2025,10.1109/ACIIS66255.2025.11402958,https://www.scopus.com/pages/publications/105035627983?origin=resultslist,Chava,Include,ViT,Class-Specific Cross Attention; Multi-Instance Attention Pooling (MIAP); FGIC,Locally collected paddy disease field dataset,-,Kelas penyakit padi mirip secara visual; generalisasi lapangan masih terbatas
Thrishul K.V.; Bhaskar C.; Srividya M.S.,"Thrishul, K.V. (60406677600); Bhaskar, C. (60422154600); Srividya, M.S. (57216311750)",Detection of Chilli Leaf Diseases Using Vision Transformers and Attention Mechanisms,"Timely and precise identification of plant diseases plays a crucial role in minimizing agricultural losses and improving crop yield. While convolutional neural networks (CNNs) have shown effectiveness in automating the detection of plant infections, they often fail to interpret the overall image context because of their limited receptive scope. This shortcoming affects their ability to handle tasks that require detailed visual understanding. To address this, the present work introduces ChilliLeaf-ViT, a Vision Transformer (ViT)-based deep learning framework designed for accurate diagnosis of diseases in chilli plant leaves. The method makes use of a ViT model that was trained on ImageNet and is adjusted using a proprietary dataset that comprises six illness classes: White Spot, Curl Virus, Bacterial Spot, Cercospora Leaf Spot, Healthy, and Nutrition Deficiency. Unlike CNNs, the ViT architecture tokenizes images into fixed patches and employs a self-attention mechanism to learn relationships between them, enabling a more effective detection of subtle visual cues. During training, data augmentation and transfer learning approaches were used to enhance generalization. The proposed model attains an accuracy of 99.38%, outperforming standard CNN-based approaches in classifying leaf diseases. In addition, a Flask-powered web application has been developed to enable real-time disease prediction through image uploads, ensuring practical usability for field deployment. Overall, this research presents a reliable and efficient framework for automated detection of plant leaf diseases and highlights the effectiveness of transformer-driven architectures in advancing precision agriculture. © 2025 IEEE.",0,2025,10.1109/CSITSS67709.2025.11294055,https://www.scopus.com/pages/publications/105031400582?origin=resultslist,Chava,Include,ChilliLeaf-ViT; ViT,CNN; Self-Attention; Transfer Learning,Proprietary dataset; 6 chilli leaf disease classes,-,CNN terbatas menangkap konteks global; perlu deteksi penyakit daun cabai yang lebih akurat
Wansi F.; Kacem T.,"Wansi, Fabrice (60009395000); Kacem, Thabet (55165375400)",3MTL: A Multi-Modal Multi-Task Learning Approach for Plant Disease Detection and Analysis,"This paper attempted to addresses the critical need for automated plant disease detection and analysis, which is crucial for bolstering global food security and agricultural sustainability. We propose a Multi-modal Multi-Task Learning (3MTL) system that combines state-of-the-art Transformers (ViT) and Bidirectional Encoder Representations from Transformers (BERT) models to perform joint visual and textual analysis. The system tackles fundamental key tasks including Image-based classification, caption and annotation generation, and question-answering generation. Leveraging multi-modal information to enhance the performance of machine learning tasks, from vision-language to natural language processing, such as question answering. Using a late fusion approach, we merge visual and language encoders to enhance performance across these tasks. Extensive experiments on a newly curated dataset, consisting of plant images paired with corresponding textual metadata, demonstrate the slightly superior accuracy of our BERT-ViT architecture compared to a Contractive Language-Image pre-trained (CLIP) mode in most tasks. The ViT-based model achieves a classification accuracy of 93% for predicting plant name, healthy status, and disease name and causes, a BLEU Score of 0.79 for generating annotations, and an accuracy of 89% for question-answering tasks. In contrast, the CLIP-based model achieves accuracy of 92%, 78%, and 88% for the same tasks. Our findings underscore the potential of integrating visual and textual cues to enhance plant disease management and ultimately resulting in scalable and intelligent agricultural solutions. © 2025 IEEE.",0,2025,10.1109/IWCMC65282.2025.11059710,https://www.scopus.com/pages/publications/105011345720?origin=resultslist,Chava,Include,ViT; BERT-ViT,BERT; ResNetV2; CLIP; Multi-Modal Multi-Task Learning; Late Fusion,Newly created dataset; plant images paired with textual metadata,-,"Perlu sistem multimodal untuk deteksi, captioning, dan tanya-jawab penyakit tanaman"
Goli P.; Abraham N.,"Goli, Padmaja (60079760700); Abraham, Nesarani (57205425263)",Multi-Head Shifted Window-Based Swin Transformer Model with Kookaburra Optimization for Plant Leaf Disease Classification,"Plant disease detection and classification are important for safeguarding crop health, optimizing agricultural practices, and ensuring food security. Nowadays, traditional deep learning (DL) methods have been utilized for disease detection and classification. However, they face significant challenges, such as overfitting and high computational complexity. To overcome these challenges, the study proposes a novel transformer-based model named the Multi-head Shifted Window-based Optimized Deep Swin Transformer for precise classification of plant leaf diseases. This model uses a Type 2 fuzzy Circular-based Neighborhood Cuckoo Search algorithm to enhance the input leaf image. Then, a Multi-head Shifted Window Interactive Dual-branch Swin Transformer U-Net model is used to identify the disease-infected areas, and a Convolutional Inception v3-based Pyramid Squeeze Attentional Kookaburra Network (CIv3-PSAKN) is used to extract features and classify the plant leaf images. The Kookaburra Optimization Algorithm can be used to adjust the weight of the CIv3-PSAKN model, helping to extract highly discriminative features and classify plant leaf images more efficiently. Using the PlantVillage dataset, the proposed model achieves a high accuracy of 99.38%. By addressing important shortcomings of current DL models in agricultural applications, this all-encompassing method seeks to improve the precision and effectiveness of plant disease identification. On the PlantVillage dataset, the proposed model achieves a classification accuracy of 99.39%, precision of 99.62%, recall of 99.49%, F1-score of 97.51%, MCC of 95.13%, and Kappa score of 95.19%. Segmentation performance yields a Dice score of 0.9856, a mean IoU of 0.998, and a segmentation accuracy of 99.39%. Moreover, the proposed model demonstrates superior efficiency, with a prediction speed of 13 s and reduced error rates: RMSE = 0.1193, MSE = 0.0142, and MAE = 0.2609. Total computation time is minimized to 135 s, outperforming conventional models like CNN, ResNet, and VGG in both accuracy and speed. © 2027 World Scientific Publishing Company.",0,2025,10.1142/S0219467827500549,https://www.scopus.com/pages/publications/105014778364?origin=resultslist,Chava,Exclude,Tidak ada,Swin-T; Inception V3; Kookaburra Optimization Algorithm; Fuzzy C-Means; Dual-branch Swin Transformer U-Net; CNN,PlantVillage dataset; Leaf Disease Segmentation dataset,-,Model DL rentan overfitting; kompleksitas komputasi masih tinggi
Gupta P.; Jadon R.S.,"Gupta, Pradeep (58710685300); Jadon, Rakesh Singh (22979534100)",AppleVit: A Smart Agricultural Software for Apple Leaf Disease Detection Using AI,"Apple leaf diseases endanger global apple production at such an intensity that it demands precise detection systems to control disease spread effectively. Traditional inspection methods and Convolutional Neural Network (CNN)-based models face challenges when processing extended image dependencies in leaf images, which subsequently affects their ability to identify diseases accurately. This research develops AppleViT, a lightweight Vision Transformer (ViT)-based model that applies Vision Transformer technology with selfattention approaches to enhance leaf disease classification accuracy and feature extraction within apple leaf detection systems. AppleViT was trained using a public dataset comprising 9,714 apple leaf images, categorized into four classes: Apple Scab, Black Rot, Cedar Apple Rust, and Healthy. The accuracy rate of AppleViT reached 97.8%, which exceeded the ResNet-50 and EfficientNet-B3 and MobileNetV3 models while operating with 1.3 million parameters suitable for precision agriculture real-time usage. The proposed approach demonstrates both high generalization skills alongside precise precision and recall value measurements for disease categories. Future research will create attention visualization features and mobile application compatibility before expanding the architecture to identify multiple diseases across different plant types. AppleViT highlights the potential of Vision Transformer (ViT) technology as a powerful tool to revolutionize plant disease detection for improving crop yield and disease management worldwide. © 2025, Interdisciplinary Publishing Academia. All rights reserved.",0,2025,10.38094/jastt62315,https://www.scopus.com/pages/publications/105016255914?origin=resultslist,Chava,Include,AppleViT; ViT,VGG16; ResNet-50; EfficientNet-B3; MobileNetV3,Public apple leaf dataset; 9;174 images; 4 classes,-,CNN kesulitan membedakan gejala mirip; perlu model ringan dan akurat
James N.M.; Panchal N.,"James, Nimisha Manna (60422790400); Panchal, Naitri (60579934600)",Rice Crop Disease Detection using a Hybrid CNN-ViT Model enhanced with Explainable AI and Attention-Based Interpretability,"Given the increasing threats to the yield of rice crop, early identification of diseases has become important for prompt intervention and sustainable agriculture, preserving the economic growth. This paper compares four deep learning architectures-Resnet50, MobileNetV2, DeiT-Tiny and MobileViT with a custom-designed hybrid CNN-ViT model on the Paddy Doctor dataset across eight disease classes and one healthy class. The proposed methodology of hybrid CNN-ViT model uses CNN for feature extraction of spatial patterns and a transformer-based encoder for analyzing global patterns in the image. All models were evaluated based on the accuracy and efficiency achieved. The hybrid model achieved maximum accuracy of 96.54% proving its supreme efficiency in crop disease monitoring. Furthermore, Grad-CAM++ and Attention Heatmaps were used for explainability to provide better interpretability. The integrated framework showed reliable performance in rice crop disease detection making it suitable for agricultural monitoring. © 2025 IEEE.",0,2025,10.1109/ICEC2NT65402.2025.11379973,https://www.scopus.com/pages/publications/105041768296?origin=resultslist,Chava,Include,CNN-ViT; ViT; DeiT-Tiny,CNN; MobileNetV2; DenseNet; Grad-CAM++,Paddy Doctor dataset; 8 disease classes; 1 healthy class,-,Perlu model deteksi penyakit padi yang akurat dan interpretabel
Sinamenye J.H.; Chatterjee A.; Shrestha R.,"Sinamenye, Jackson Herbert (59900501900); Chatterjee, Ayan (57213142750); Shrestha, Raju (37016669000)",Potato plant disease detection: leveraging hybrid deep learning models,"Agriculture, a crucial sector for global economic development and sustainable food production, faces significant challenges in detecting and managing crop diseases. These diseases can greatly impact yield and productivity, making early and accurate detection vital, especially in staple crops like potatoes. Traditional manual methods, as well as some existing machine learning and deep learning techniques, often lack accuracy and generalizability due to factors such as variability in real-world conditions. This study proposes a novel approach to improve potato plant disease detection and identification using a hybrid deep-learning model, EfficientNetV2B3+ViT. This model combines the strengths of a Convolutional Neural Network - EfficientNetV2B3 and a Vision Transformer (ViT). It has been trained on a diverse potato leaf image dataset, the “Potato Leaf Disease Dataset”, which reflects real-world agricultural conditions. The proposed model achieved an accuracy of 85.06%, representing an 11.43% improvement over the results of the previous study. These results highlight the effectiveness of the hybrid model in complex agricultural settings and its potential to improve potato plant disease detection and identification. © The Author(s) 2025.",50,2025,10.1186/s12870-025-06679-4,https://www.scopus.com/pages/publications/105005263140?origin=resultslist,Daniel,Include,ViT,EfficientNetV2B3+ViT; CNN,Potato Leaf Disease Dataset,-,Metode manual dan ML konvensional kurang akurat dan sulit digeneralisasi dalam kondisi lapangan nyata.
Pacal I.; Işık G.,"Pacal, Ishak (57219196737); Işık, Gültekin (57190739882)",Utilizing convolutional neural networks and vision transformers for precise corn leaf disease identification,"Corn is not only widely used in industry but also a crucial staple food. Early detection of corn leaf diseases is vital to prevent crop loss. Farmers and agricultural engineers often rely on computer-aided systems for early diagnosis of plant diseases. Among the various methods, deep learning stands out as the most popular and effective approach for detecting corn leaf diseases. In this study, we utilized cutting-edge Vision Transformer (ViT) models like MaxViT, DeiT3, MobileViT, and MViTv2, which have recently gained more traction compared to Convolutional Neural Networks (CNNs). Additionally, we incorporated well-known CNN architectures such as VGG, ResNet, DenseNet, and Xception to accurately diagnose corn leaf diseases. To enhance the models’ effectiveness, we employed image preprocessing, data augmentation techniques, transfer learning, and optimized parameters. Furthermore, we implemented a soft voting ensemble technique with an adaptive thresholding method to dynamically boost performance, leading to higher accuracy and balanced metrics in detecting corn diseases. Our approach was trained and evaluated on both the well-known PlantVillage dataset and the novel CD&S dataset. The results showed that four models from the MaxViT architecture, along with other deep learning models, achieved a high accuracy of 100% on the CD&S dataset’s test data, the highest performance recorded in the literature. On the PlantVillage dataset, the approach attained an impressive 99.83% accuracy, surpassing other studies. This proposed method offers an early and autonomous solution for diagnosing corn plant diseases in the agricultural field with high accuracy. This innovation highlights the potential of advanced ViT models to outperform traditional CNNs and improve crop disease detection. © The Author(s), under exclusive licence to Springer-Verlag London Ltd., part of Springer Nature 2024.",35,2025,10.1007/s00521-024-10769-z,https://www.scopus.com/pages/publications/85211249203?origin=resultslist,Daniel,Include,ViT; MaxViT; DeiT3; MobileViT; MViTv2,VGG; ResNet; DenseNet; Xception,PlantVillage; CD&S dataset,-,Perlunya solusi deteksi dini dan otonom untuk penyakit daun jagung demi mencegah gagal panen.
Baek E.-T.,"Baek, Eu-Tteum (57188661311)",Attention Score-Based Multi-Vision Transformer Technique for Plant Disease Classification,"This study proposes an advanced plant disease classification framework leveraging the Attention Score-Based Multi-Vision Transformer (Multi-ViT) model. The framework introduces a novel attention mechanism to dynamically prioritize relevant features from multiple leaf images, overcoming the limitations of single-leaf-based diagnoses. Building on the Vision Transformer (ViT) architecture, the Multi-ViT model aggregates diverse feature representations by combining outputs from multiple ViTs, each capturing unique visual patterns. This approach allows for a holistic analysis of spatially distributed symptoms, crucial for accurately diagnosing diseases in trees. Extensive experiments conducted on apple, grape, and tomato leaf disease datasets demonstrate the model’s superior performance, achieving over 99% accuracy and significantly improving F1 scores compared to traditional methods such as ResNet, VGG, and MobileNet. These findings underscore the effectiveness of the proposed model for precise and reliable plant disease classification. © 2025 by the author.",29,2025,10.3390/s25010270,https://www.scopus.com/pages/publications/85214473222?origin=resultslist,Daniel,Include,Multi-ViT; ViT,ResNet; VGG; MobileNet,Apple; grape; and tomato leaf dataset,-,Keterbatasan diagnosis berbasis daun tunggal; perlunya analisis holistik dari gejala yang terdistribusi secara spasial.
Shandilya G.; Gupta S.; Mohamed H.G.; Bharany S.; Rehman A.U.; Hussen S.,"Shandilya, Gunjan (59353301100); Gupta, Sheifali (57072019200); Mohamed, Heba G. (57215415744); Bharany, Salil (57271146200); Rehman, Ateeq Ur (57210246601); Hussen, Seada (57443801600)",Enhanced Maize Leaf Disease Detection and Classification Using an Integrated CNN-ViT Model,"Maize crop productivity is significantly impacted by various foliar diseases, emphasizing the need for early, accurate, and automated disease detection methods to enable timely intervention and ensure optimal crop management. Traditional classification techniques often fall short in capturing the complex visual patterns inherent in disease-affected leaf imagery, resulting in limited diagnostic performance. To overcome these limitations, this study introduces a robust hybrid deep learning framework that synergistically combines convolutional neural networks (CNNs) and vision transformers (ViTs) for enhanced maize leaf disease classification. In the proposed architecture, the CNN module effectively extracts fine-grained local features, while the ViT module captures long-range contextual dependencies through self-attention mechanisms. The complementary features obtained from both branches are concatenated and passed through fully connected layers for final classification. Data from Mendeley and Kaggle were used to build and check the model, and the model did this by applying image resizing, data normalization, expanding its training data, and shuffling the data to increase generalization. Additional testing is done on the corn disease and severity (CD&S) dataset, which is separate from the main combined dataset. After validation, the accuracy of the proposed model was 99.15%, and each of its precision, recall, and F1-score equaled 99.13%. To confirm it is statistically reliable, 5-fold cross-validation was performed, reporting on the Kaggle + Mendeley set an average accuracy of 99.06% and on the CD&S dataset 95.93%. As both of these scores are high, it shows that the model works well across other datasets as well. Experiments have shown that Hybrid CNN-ViT works better than standalone CNNs. Dropout regularization and using the RAdam optimizer greatly improved both stability and performance. The model stood out as a reliable, high-accuracy method for discovering maize diseases correctly, which may be valuable in real agricultural settings. © 2025 The Author(s). Food Science & Nutrition published by Wiley Periodicals LLC.",24,2025,10.1002/fsn3.70513,https://www.scopus.com/pages/publications/105009792216?origin=resultslist,Daniel,Include,ViT,Hybrid CNN-ViT; CNN,Mendeley; Kaggle; CD&S,-,Klasifikasi tradisional gagal menangkap pola visual kompleks yang melekat pada daun yang terkena penyakit.
Murugavalli S.; Gopi R.,"Murugavalli, S. (58796897900); Gopi, R. (59161799200)",Plant leaf disease detection using vision transformers for precision agriculture,"Plant diseases cause major crop losses worldwide, making early detection essential for sustainable farming. Traditional methods need large training datasets, are expensive, and may overfit. In leaf image analysis, convolutional neural networks (CNNs) have revealed promise in leaf disease detection and classification. This research proposes PLA-ViT, or Precision Leaf Analysis with Vision Transformers, to improve agricultural monitoring. Vision Transformers (ViTs) outperform other neural networks because they employ self-attention to find global contextual information. The approach uses data augmentation, normalization, and bilateral filtering to increase generalization and image quality. Transfer learning using pre-trained ViTs reduces computing load and improves feature extraction. The model may be adjusted by hyperparameter tuning and adaptive learning rate scheduling for robust performance with minimal overfitting. In experiments, PLA-ViT outperforms other neural network-based models regarding detection accuracy, disease localization performance, inference time, and computational complexity. By attaching the system to IoT sensors, stakeholders may observe farms in real time and take timely measures like pesticide treatment or plant isolation. This novel method shows that transformer-based designs might help progress in precision agriculture. © The Author(s) 2025.",21,2025,10.1038/s41598-025-05102-0,https://www.scopus.com/pages/publications/105009605064?origin=resultslist,Daniel,Include,ViT; PLA-ViT,CNN,Plant leaf images (IoT sensors),-,"Metode tradisional membutuhkan dataset yang besar, mahal, dan mudah mengalami overfitting."
Mehdipour S.; Mirroshandel S.A.; Tabatabaei S.A.,"Mehdipour, Saber (59909001400); Mirroshandel, Seyed Abolghasem (36447962300); Tabatabaei, Seyed Amirhossein (55930306300)",Vision transformers in precision agriculture: A comprehensive survey,"Detecting plant diseases is a crucial aspect of modern agriculture, playing a key role in maintaining crop health and ensuring sustainable yields. Traditional approaches, though still valuable, often rely on manual inspection or conventional machine learning (ML) techniques, both of which face limitations in scalability and accuracy. The emergence of Vision Transformers (ViTs) marks a significant shift in this landscape by enabling superior modeling of long-range dependencies and offering improved scalability for complex visual tasks. This survey provides a rigorous and structured analysis of impactful studies that employ ViT-based models, along with a comprehensive categorization of existing research. It also offers a quantitative synthesis of reported performance — with accuracies ranging from 75.00% to 100.00% — highlighting clear trends in model effectiveness and identifying consistently high-performing architectures. In addition, this study examines the inductive biases of CNNs and ViTs, which is the first analysis of these architectural priors within an agricultural context. Further contributions include a comparative taxonomy of prior studies, an evaluation of dataset limitations and metric inconsistencies, and a statistical assessment of model efficiency across diverse crop-image sources. Collectively, these efforts clarify the current state of the field, identify critical research gaps, and outline key challenges — such as data diversity, interpretability, computational cost, and field adaptability — that must be addressed to advance the practical deployment of ViT technologies in precision agriculture. © 2025 The Authors",12,2026,10.1016/j.iswa.2025.200617,https://www.scopus.com/pages/publications/105024849791?origin=resultslist,Daniel,Include,ViT,ML; CNN,Diverse crop-image sources,-,"Mengatasi celah penelitian dalam keragaman data, interpretabilitas, biaya komputasi, dan kemampuan adaptasi di lapangan."
Guttikonda B.S.; Sowmya M.; Al-Khafaji Z.A.; Senthil P.; Kavitha P.,"Guttikonda, Bhanu Sekhar (59973009000); Sowmya, M. (60599073400); Al-Khafaji, Zahraa Alaa (60201569700); Senthil, P. (57219611842); Kavitha, P. (59479927200)",Smart Agriculture Framework for Multi-Crop Disease Detection using IoT and Vision Transformer,"In recent years, smart agriculture has turn out to be the transformative step to improve crop productivity and sustainability through the integration of Internet of Things (IoT) and Artificial Intelligence (AI), which enabled the continuous monitoring of farms and automated crop health assessment. Although, existing Convolutional Neural Network (CNN) based smart agriculture system faced several challenges such as poor generalization on single crop diseases, unreliable data acquisition in diverse field environments and reduced applicability in remote farming regions. To overcome these challenges, a Vision Transformer (ViT) based smart agriculture system is proposed. This system architecture is composed of four layers, initially, data acquisition layer, which is deployed with sensor nodes and cams for collection of environmental parameters and plant leaf images. Next, the communication layer which is responsible to perform transmission of data to next layer. Here, the next layer is the processing layer where, preprocessing of environmental data is performed using Simple Moving Average (SMA) filtering and threshold evaluation. Further the image data is resized using bilinear interpolation and normalized. Next, this preprocessed data is fed to pretrained ViT model for multi crop and multi disease plant classification. Lastly, the output which includes detected disease types and their confidence levels are sent to the user through an interactive web-based dashboard. Experimental results demonstrates that the proposed ViT based system attained higher accuracy and outperformed the existing system. © 2025 IEEE.",11,2025,10.1109/ICICKE65317.2025.11136532,https://www.scopus.com/pages/publications/105022250489?origin=resultslist,Daniel,Include,Pre-ViT,CNN,Sensor data and leaf images via IoT,-,CNN memiliki generalisasi yang buruk pada penyakit tanaman tunggal dan akuisisi data yang tidak dapat diandalkan.
Iqbal A.,"Iqbal, Abid (54794200400)",PlantHealthNet: Transformer-Enhanced Hybrid Models for Disease Diagnosis and Severity Estimation in Agriculture,"Global plant diseases represent a major threat to agriculture and represent significant economic losses constituting an important threat to food security. This study introduces a transformative hybrid framework for plant disease diagnosis and severity estimation, combining the strengths of advanced deep learning architectures: Detection Transformer (DETR), Swin Transformer and SAM2-UNet. The proposed methodology incorporates classification, detection, segmentation, and severity estimation in the form of a unified pipeline to address the complexities of real-world agricultural settings, including variable lighting, background variety and large-scale fields. With a hierarchical attention mechanism for efficient feature extraction, the Swin Transformer achieves a top 1 accuracy of 85.6%, and a top 5 accuracy of 96.2%. Utilizing its encoder-decoder attention technique, Detection Transformer (DETR) effectively detects diseases by employing an encoder to forecast bounding boxes and class labels for affected areas. Segmentation performance is enhanced with SAM2-UNet, achieving a pixel-level segmentation with a Dice Similarity Coefficient (DSC) of 94.7%, cleanly delineating disease-affected areas. Finally, disease impact is quantified in the final severity prediction stage to allow for targeted interventions based on disease intensity. The framework has been extensively validated through experiments, and it performs significantly better on all the evaluation metrics: Average ROC AUC of 99.97%, Average Precision-Recall AUC of 98.47%, and F1-score of 94.46%. The suggested system improves precision agriculture by making disease detection and management reliable, scalable, and efficient. This work applies cutting-edge deep learning to sustainable agriculture to reduce crop losses, optimise resource use, and provide farmers with proactive disease management knowledge. © 2013 IEEE.",9,2025,10.1109/ACCESS.2025.3576990,https://www.scopus.com/pages/publications/105007641185?origin=resultslist,Daniel,Exclude,Swin-T; DETR,SAM2-UNet; PlantHealthNet,Large-scale agricultural field images,-,"Kompleksitas pencahayaan bervariasi, latar belakang beragam, dan perlunya model yang andal serta efisien."
Elghawth R.; Abbaoui W.; Ariss A.; Ziti S.,"Elghawth, Raghiya (60171548800); Abbaoui, Wafae (58451540300); Ariss, Anass (58475757400); Ziti, Soumia (55999104600)",Deep Learning for Transformer-Based Plant Disease Detection: A Bibliometric Analysis,"Agriculture, food security, and economic stability are impacted by plant diseases, making their identification and diagnosis essential. This article illustrates the research trends in plant disease detection using transformers through a bibliometric analysis based on visualization. The publications used in this work were collected from Scopus and Web of Science databases. For visualization, programs such as Biblioshiny and VOSViewer 1.6.20 were used. The results demonstrate that China is the most productive country, accounting for 11 total publications and 126 citations. China Agricultural University was the most productive institute, with six publications, while the Frontiers in Plant Science journal was the most productive journal, with six publications and 102 citations. It also demonstrates that the most used research topics in this field are “deep learning”, “plant disease”, and “vision transformer”. This study provides insights into the application of transformers for plant disease detection, enabling researchers to better understand and explore this field. © 2025 by the authors.",5,2025,10.3390/engproc2025112029,https://www.scopus.com/pages/publications/105024684927?origin=resultslist,Daniel,Include,ViT,DL,Scopus; Web of Science,Global (China paling produktif),Mengidentifikasi tren penelitian dan memahami aplikasi transformer untuk deteksi penyakit tanaman.
Xu C.; Yang T.,"Xu, Chuncheng (60076044900); Yang, Tianjin (57218488919)",A Symmetric Multi-Scale Convolutional Transformer Network for Plant Disease Image Classification,"Plant disease classification is critical for effective crop management. Recent advances in deep learning, especially Vision Transformers (ViTs), have shown promise due to their strong global feature modeling capabilities. However, ViTs often overlook local features and suffer from feature extraction degradation during patch merging as channels increase. To address these issues, we propose PLTransformer, a hybrid model designed to symmetrically capture both global and local features. We design a symmetric multi-scale convolutional module that combines two different-scale receptive fields to simultaneously extract global and local features so that the model can better perceive multi-scale disease morphologies. Additionally, we propose an overlap-attentive channel downsampler that utilizes inter-channel attention mechanisms during spatial downsampling, effectively preserving local structural information and mitigating semantic loss caused by feature compression. On the PlantVillage dataset, PLTransformer achieves 99.95% accuracy, outperforming DeiT (96.33%), Twins (98.92%), and DilateFormer (98.84%). These results demonstrate its superiority in handling multi-scale disease features. © 2025 by the authors.",5,2025,10.3390/sym17081232,https://www.scopus.com/pages/publications/105014347292?origin=resultslist,Daniel,Include,ViT; DeiT; Twins; DilateFormer,PLTransformer; CNN,PlantVillage,-,ViT sering mengabaikan fitur lokal dan mengalami degradasi ekstraksi fitur selama penggabungan patch.
Rezaei M.; Diepeveen D.; Laga H.; Sohel F.,"Rezaei, Masoud (58918870600); Diepeveen, Dean (6506868321); Laga, Hamid (8717100800); Sohel, Ferdous (9273356400)",Automatic pixel-level annotation for plant disease severity estimation,"Plant disease adversely impacts food production and quality. Alongside detecting the disease, estimating its severity is important in managing the disease. Artificial intelligence deep learning-based techniques for plant disease detection are emerging. Unlike most of these techniques, which focus on disease recognition, this study addresses various plant disease-related tasks, including annotation, severity classification, lesion detection, and leaf segmentation. We propose a novel approach that learns the disease symptoms, which are then used to segment disease lesions for severity estimation. To demonstrate the work, a dataset of barley images was used. We captured the images of barley plants inoculated with diseases on test-bed paddocks at various growth stages. The dataset was automatically annotated at a pixel level using a trained vision transformer to obtain the ground truth labels. The annotated dataset was applied to train salient object detection (SOD) methods. Two top-performing lightweight SOD models were used to segment the disease lesion areas. To evaluate the performance of the SODs, we have tested them on our dataset and several other datasets, including the Coffee dataset, which has expert pixel-level labels that were unseen during the training step. Several morphological and spectral disease symptoms, including those akin to the widely used ABCD rule for human skin-cancer detection, i.e., asymmetry (A), border irregularity (B), colour variance (C), and diameter (D), are learned. To the best of our knowledge, this is the first study to incorporate these ABCD features in plant disease detection. We further extract visual and texture features using the grey level co-occurrence matrix (GLCM) and fuse them with the ABCD features. For the coffee dataset, our method achieved 82+% detection accuracy on the severity classification task. The results demonstrate the performance of the proposed method in detecting plant diseases and estimating their severity. © 2025 The Authors",4,2026,10.1016/j.compag.2025.111316,https://www.scopus.com/pages/publications/105024454201?origin=resultslist,Daniel,Include,ViT,SOD,Barley images; Coffee dataset,-,"Mayoritas pendekatan hanya fokus pada pengenalan penyakit, bukan anotasi tingkat piksel atau tingkat keparahan."
Ahmed M.E.; Tuhin H.H.; Kayum M.A.; Islam M.J.; Ahad M.T.,"Ahmed, Md Ezaz (60145233300); Tuhin, Hemayet Hossain (59309443700); Kayum, Md Abdul (59309613600); Islam, Md. Jhirul (59940434700); Ahad, Md. Taimur (56580036100)",A Vision Transformer Approach to Potato Leaf Disease Detection,"Potato production is facing serious threats due to the continuous spread of leaf diseases, which can severely disrupt plant growth and development. These diseases are common and often destructive, making early diagnosis and detection crucial to improve outcomes. Several automated methods have been developed to detect leaf diseases using various imaging techniques. Building on the proven success of transformer-based models, particularly the Vision Transformer (ViT) in image analysis, this study proposes a suitable ViT-based model for classifying, detecting, and localizing potato leaf diseases using visual data. The experiments evaluate the model performance through metrics such as precision, accuracy, recall, and Fl-score when changing hyperparameters and image patch configurations. The best results were achieved with a picture length of 48×48 and a patch length of 6, providing 99% validation accuracy and 98% test accuracy, supported by confusion matrix and Fl-score evaluation. © 2025 IEEE.",3,2025,10.1109/QPAIN66474.2025.11172146,https://www.scopus.com/pages/publications/105019049724?origin=resultslist,Daniel,Include,ViT,Transformer,Potato leaf visual data,-,Penyakit daun kentang sangat merusak; diagnosis dan deteksi dini sangat penting.
Kavalcı Yılmaz E.; Adem K.; Zontul M.,"Kavalcı Yılmaz, Esra (58988647000); Adem, Kemal (55806849300); Zontul, Metin (55877463700)",A Hybrid Approach Based on ViT and Capsule Networks for Classification of Agricultural Plant Diseases,"Timely and accurate detection of plant diseases is crucial for enhancing agricultural production efficiency. In this study, a hybrid deep learning and machine learning approach is proposed using image-based data for the classification of diseases observed in cassava and cashew plants. In the first stage, classification is performed directly on the images with the vision transformer (ViT) model. In the second stage, 300-dimensional feature vectors are extracted using ViT and capsule network (CapsNet) models, and they are combined to obtain a 600-dimensional numerical feature vector. This vector is fed as input to various classification models, including CapsNet, TabNet, FT-transformer, support vector classifier (SVC), MLP classifier, gradient boosting, random forest (RF), and naive Bayes (NB). According to the results, 95.31% accuracy was obtained for the cassava dataset and 98.08% for the cashew dataset in the direct classification performed with ViT. However, the success rate increased significantly in the classifications performed with feature extraction. The SVC model showed the best performance with 97.07% accuracy in the cassava dataset and the CapsNet model with 98.65% accuracy in the cashew dataset. The findings show that hybrid feature extraction and appropriate model selection are effective in increasing the accuracy of plant disease classification. © The author(s), exclusively licensed to Springer-Verlag GmbH Germany, a part of Springer Nature 2026.",3,2026,10.1007/s10341-026-01780-w,https://www.scopus.com/pages/publications/105029546138?origin=resultslist,Daniel,Include,ViT,CapsNet; TabNet; SVC; MLP; RF; NB,Cassava and Cashew leaf images,-,Perlunya ekstraksi kombinasi vektor numerik tingkat lanjut untuk menggenjot akurasi deteksi secara signifikan.
Kumar B.V.; Gopi Krishna Rao P.V.,"Kumar, B. Varun (58280072700); Gopi Krishna Rao, P.V. (55383334200)",ViT-CapsNet: Implementing a smart agricultural management framework using region ViT-based residual adaptive CapsNet,"The Internet of Things (IoT) is revolutionizing agriculture through empowering farmers with a variety of methods, including sustainable and precision farming, to overcome obstacles in the agricultural field. To address the limitations of conventional machine learning models in unpredictable climates, a deep learning-based framework is proposed. This involves collecting images for crop detection, plant disease identification, pest monitoring, and irrigation level estimation, which are processed using a Region Vision Transformer-based Residual Adaptive Capsule Network (RViT-RACapsNet). The model's parameters are optimized using the Enhanced Processing Procedure of the Secretary Bird Optimization Algorithm (EPP-SBOA), enhancing performance with minimal computational resources. This deep learning-based framework aims to provide precise solutions for agricultural challenges. Expected outcomes include accurate crop detection, plant disease identification, pest detection, and irrigation level prediction. These results are derived from field images analyzed during the smart agricultural management phase. Multiple experiments are conducted to validate the model's performance, demonstrating its effectiveness in improving productivity and sustainability. This innovative approach addresses traditional model limitations, ensuring higher accuracy and reliability in various scenarios. The EPP-SBOA further enhances performance by optimizing the model parameters. The presented model is validated against PlantifyDr Dataset with a size of 2.77 GB and the Pest Dataset with a size of 73.25 MB to confirm the effectiveness of the model. The experimental outcome showed that the suggested crop disease detection framework achieved an accuracy of 97.83 %, a Precision of 86.9 % and the irrigation level prediction model achieved a MEP of 2.85 and a RMSE of 2.41, respectively. © 2025 Elsevier B.V.",2,2025,10.1016/j.knosys.2025.114654,https://www.scopus.com/pages/publications/105020260284?origin=resultslist,Daniel,Include,RViT,RACapsNet; EPP-SBOA,PlantifyDr Dataset; Pest Dataset,-,Keterbatasan model pembelajaran mesin konvensional dalam mendeteksi penyakit di iklim yang tidak dapat diprediksi.
Gerz F.; Schneider M.G.; Jelali M.,"Gerz, Fabian (57943914200); Schneider, Marc Gabriel (60417355900); Jelali, Mohieddine (6603471393)",Integration of Vision Transformer Networks in YOLOv8 for Object Detection: Comparative Study on Plant Disease Detection,"Accurate detection of plant diseases is vital for global food security. While YOLOv8 represents a state-of-the-art detector, its convolutional backbone may lack a global contextual understanding of modern Vision Transformers (ViT). This paper presents a comprehensive study that integrates three ViT backbones—the Pyramid Vision Transformer (PVT), the Swin Transformer (SwinT), and the BiFormer—into the YOLOv8 architecture to benchmark their performance for plant disease detection. To ensure robust performance estimates, all models are trained three times on stratified dataset splits and evaluated on the PlantDoc dataset. While YOLOv8 is already a strong baseline for plant disease detection, our study demonstrates that integrating ViT backbones can elevate its performance substantially. The BiFormer-Small (BiFormer-S) yields the most significant improvement, reaching a mean mAP50-95 of 53.39% on the PlantDoc dataset. This represents a gain of 6.39 percentage points over its direct architectural baseline, YOLOv8s, which achieves 47.00% mAP50-95. Furthermore, it even surpasses the largest model in the family, YOLOv8x (49.22%), demonstrating a superior accuracy-efficiency trade-off. Beyond quantitative metrics, Explainable AI (XAI) analyses reveal that the BiFormer-S backbone produces sharper, more context-aware feature maps than the convolutional baseline, thereby improving the model’s ability to detect subtle or early-stage disease symptoms. © 2013 IEEE.",2,2026,10.1109/ACCESS.2026.3665969,https://www.scopus.com/pages/publications/105031146652?origin=resultslist,Daniel,Include,ViT; PVT; Swin-T; BiFormer,YOLOv8,PlantDoc,-,Backbone konvolusional YOLOv8 tidak memiliki pemahaman kontekstual global untuk melihat gejala awal penyakit.
Kurhe P.; Dashore P.,"Kurhe, Prajakta (60004487400); Dashore, Pankaj (57188753044)",Design of an Improved Model Using Neuro-Symbolic Encoding and Federated Meta-Adaptation for Plant Disease Detection and Explanation Process,"Growing plant diseases, aggravated by climate change and by intensive agricultural practices, continue to warrant the systems for detecting diseases that are robustly interpretable and generalizable. The conventional methods in deep learning are exceedingly accurate, but they fail to capture phenotypic subtlety within the limit of the context of fixed settings. They are also not able to treat the data imbalance or transfer in adaptation for many diverse geographies, or interpretability and actionability, which are requirements for real-world deployment in multifunctional heterogeneous agro-ecological settings. NeuroCausal-FusionNet, a new architecture in a framework and multimodal for end-to-end detection and explanation of plant diseases, is aimed at addressing these limitations. Starting with Multimodal Neuro-Symbolic Reasoning Encoder (MNSRE), it is then coupled with a phenotype knowledge graph to generate biologically-informed latent embeddings where CNN/ViT-based visual features are integrated. Self-Supervised Phyto-Latent Clustering (SSPLC) is then used to process these embeddings. It captures unusual and emergent disease phenotypes through contrastive learning and morphological-aware clustering and thus making class imbalance sets smaller. The Federated Meta-Adaptation with Real-Time Feedback on Crops (FMA-RCF) module also ensures power and cross-region generalizability by decentralized training on IoT-based signals of crop health sets. © The Authors, published by EDP Sciences, 2025.",1,2025,10.1051/epjconf/202532801073,https://www.scopus.com/pages/publications/105011083116?origin=resultslist,Daniel,Exclude,ViT,Neuro; MNSRE; SSPLC; CNN,IoT plant health signal dataset,-,"Metode DL konvensional gagal menangkap kehalusan fenotipik, ketidakseimbangan data, dan kurang dapat diinterpretasikan."
Xu L.; Song H.; Yang X.; Xu P.; Cai Z.,"Xu, Laixiang (57222093513); Song, Hongyun (59902924700); Yang, Xiaodong (60238565700); Xu, Peng (57235735700); Cai, Zhaopeng (60092905000)",ViTKAB: an efficient deep learning network for cotton leaf disease identification,"Introduction: Cotton is a vital global economic crop and textile material, yet its yield and quality are threatened by leaf diseases such as brown spot, verticillium wilt, wheel spot, and fusarium wilt. Methods: We propose ViTKAB, a cotton disease recognition model based on an enhanced Vision Transformer that integrates a Kolmogorov-Arnold network and a BiFormer module. The model optimizes the Vision Transformer architecture to improve inference speed, employs nonlinear feature representation to better capture complex disease characteristics, and incorporates sparse dynamic attention to enhance robustness and accuracy. Results: Experiments show that ViTKAB achieves an average recognition accuracy of 98.05% across four cotton leaf diseases, outperforming models such as CoAtNet-7, CLIP, and PaLI. Conclusions: This method offers valuable insights for advancing intelligent crop disease detection systems and exhibits strong potential for deployment on edge devices. Copyright © 2025 Xu, Song, Yang, Xu and Cai.",1,2025,10.3389/fpls.2025.1719877,https://www.scopus.com/pages/publications/105026690553?origin=resultslist,Daniel,Include,ViTKAB,CoAtNet-7; CLIP; PaLI,Cotton leaf diseases (brown spot; etc.),-,Penurunan kualitas kapas; perlunya peningkatan kecepatan inferensi dan penangkapan karakteristik penyakit kompleks.
Menaka A.; Sakthivel K.,"Menaka, A. (57022224700); Sakthivel, K. (15027512900)","Improved Weighted Quantum Whale Optimization with vision transformer for intrusion detection, atmospheric monitoring and recommendation in smart agriculture","Precision farming enables farmers to make informed decisions regarding fertilization, irrigation, and harvesting by leveraging IoT-enabled sensors that collect real-time data on moisture, temperature, soil nutrients, and other environmental factors. Wireless Sensor Networks (WSNs) in agriculture face challenges such as high energy consumption, security vulnerabilities, and limited real-time data processing capabilities. To address these issues, this paper proposes an Improved Weighted Quantum Whale Optimization (IWQWO) integrated with a Vision Transformer (ViT) for secure and efficient environmental monitoring and intrusion detection in smart agriculture. The IWQWO algorithm combines quantum-inspired techniques with adaptive weighting to optimize node clustering, routing efficiency, and anomaly detection, enhancing energy efficiency and system security. Concurrently, the Vision Transformer captures spatial-temporal relationships in sensor data, ensuring high-precision monitoring, improved intrusion detection, and reduced false alarms. The framework also facilitates resource management, supply-demand prediction, and integration of modern IoT technologies with traditional agricultural practices, including automated irrigation, drone-assisted monitoring, and plant disease detection. Extensive evaluations demonstrate that the proposed IWQWO-ViT model surpasses existing approaches in detection accuracy, cost-effectiveness, and network reliability, offering a robust solution for intelligent, secure, and sustainable agricultural automation. © The Author(s) 2025.",1,2025,10.1038/s41598-025-24425-6,https://www.scopus.com/pages/publications/105022184127?origin=resultslist,Daniel,Include,ViT,IWQWO,IoT sensor data & environmental monitoring,-,"Jaringan sensor nirkabel memiliki konsumsi energi tinggi, kerentanan keamanan, dan pemrosesan data terbatas."
Günde M.; Keskin F.; Işık G.,"Günde, Metehan (60190315900); Keskin, Fesih (57203170295); Işık, Gültekin (57190739882)",Empowering few-shot plant disease diagnosis with DeiT and MAML++,"The pervasive threat posed by plant diseases calls for diagnostic solutions that can adapt swiftly to novel classes, even under limited data conditions. While deep learning has proven valuable in automating disease detection, its data-hungry nature can impede performance in resource-constrained settings. In this paper, we present a novel integration of the Data-Efficient Image Transformer (DeiT) and Model-Agnostic Meta-Learning++ (MAML++) for few-shot plant disease classification. By leveraging DeiT’s self-attention architecture, our framework extracts robust visual features from minimal samples, while MAML++ equips the model with the capacity for rapid adaptation to new disease categories. Experiments on a curated subset of the PlantVillage dataset demonstrate notable gains in low-data regimes: for instance, the proposed approach attains 98.8% accuracy in 2-way 5-shot classification and 97.53% accuracy in 4-way 5-shot classification of apple diseases. These results underscore the effectiveness of integrating transformers with meta-learning to handle data scarcity, offering a promising direction for precision agriculture. Key innovations include applying DeiT’s efficient feature extraction in tandem with the stability enhancements of MAML++ and validating the synergy through extensive few-shot evaluations. © The Author(s), under exclusive licence to Springer Science+Business Media, LLC, part of Springer Nature 2025.",1,2026,10.1007/s10586-025-05810-2,https://www.scopus.com/pages/publications/105021474489?origin=resultslist,Daniel,Exclude,DeiT,MAML++; DL,Subset of PlantVillage,-,Kebutuhan data Deep Learning yang sangat banyak menghambat kinerjanya pada kondisi sumber daya/data yang minim.
Gupta U.; Kumar R.; Jain A.; Pranav A.; Gupta S.,"Gupta, Umesh (56973565300); Kumar, Rajiv (57226848514); Jain, Akshat (59255914600); Pranav, Ayushman (58579791000); Gupta, Sakshi (57223429942)",Advancements in Agriculture Disease Detection: Employing Federated Learning for Plant Leaves,"This research paper explores the advancement of artificial intelligence (AI) to recognize diseases from pictures of disease-ridden plants. The framework leverages progressed or advanced image processing and deep learning advanced learning techniques within a federated learning environment, and this system aims to provide farmers with an accessible, real-time diagnostic tool directly on their mobile devices. Experimental results shows that the proposed federated learning custom model obtains 92.45% accuracy, outperforming MobileNet, VGG16 (78.27%) and VGG19 (74.09%). While Vision Transformer Models having higher accuracy, but do the extremely high computational resources, making them unsuitable for real-world agricultural applications. The intelligent model ought to identify the agricultural diseases early by recognizing the side effects of infections in crop pictures, in this manner expanding yields and diminishing the collapse of labor cultivate work. This approach rises above traditional, labour-intensive monitoring approaches and provides large-scale, cost-effective (efficient) solutions to important environmental problems. It can greatly improve plant disease detection keeping data privacy intact. Future work will focus on optimizing the computational costings and integration of more crop species. © The Author(s), under exclusive license to Springer Nature Switzerland AG 2026.",1,2026,10.1007/978-3-032-03072-6_2,https://www.scopus.com/pages/publications/105022177636?origin=resultslist,Daniel,Include,ViT,MobileNet; VGG-16; VGG-19; FL,Diseased plant pictures,-,Arsitektur transformer membutuhkan komputasi sangat tinggi sehingga tidak ramah untuk perangkat lapangan dan perlu perlindungan privasi.
Akter S.; Sumon R.I.; Khalid A.R.; Shifat S.A.; Kim H.-C.,"Akter, Salma (59099728800); Sumon, Rashadul Islam (57351500100); Khalid, Abdul Rehman (59542132100); Shifat, Shima Akter (60605833500); Kim, Hee-Cheol (55739535700)",A Deep Learning Approach for Automated Plant Disease Detection Using Dot Product Attention in Convolutional Neural Networks,"The early and correct plant disease detection plays a pivotal role in ensuring crop health, enhancing agricultural productivity, and supporting worldwide food safety. Traditional methods for identifying illnesses often rely on manual checks, which can take a lot of time, vary from person to person, and lead to errors. To address these limitations, this observer proposes a sturdy deep learning technique for automated plant disease detection by leveraging a custom-designed Convolutional Neural Network (CNN) architecture, including Dot Product Attention and Squeeze-and-Excitation (SE) blocks. The attention mechanism enhances the version's functionality to selectively raise awareness on essential areas of enterprise snapshots, even as the SE blocks boost channel interdependence, allowing the network to emphasize informative capabilities adaptively. The model was trained and evaluated using a dataset. with 1,530 Leaf Pixel-labeled, which covered three categories: healthy, powder and rust. Results suggest that this model receives 96.78% accuracy during 99.2% accuracy and verification during training, crosses the traditional CNN model that lacks attention mechanisms. The findings reveal the effectiveness and reliability of incorporating attention-driven modules in deep mastering architectures for plant sickness detection. This painting contributes to the advancement of precision agriculture by supplying a scalable and accurate solution for real-time disorder monitoring and early intervention. © 2025 IEEE.",0,2025,10.1109/ICECET63943.2025.11472482,https://www.scopus.com/pages/publications/105037177854?origin=resultslist,Daniel,Exclude,,CNN; Dot Product Attention; SE blocks,1;530 Leaf Pixel-labeled dataset,-,Pengecekan manual memakan waktu; model CNN tradisional kurang memiliki mekanisme atensi (attention).
Dutta S.; Adhikari B.; Pramanik A.; Chanda D.,"Dutta, Shibdas (59370154300); Adhikari, Barshan (60575306000); Pramanik, Arpan (60379848700); Chanda, Diya (60381434900)",An Explainable Deep Learning Approach for Quality Assessment in Solanaceous Crops,"This paper presents a novel multi-headed hybrid CNN-ViT model for simultaneous classification of potato and tomato crops along with their quality assessment (healthy vs. diseased). Unlike traditional models that treat crop identification and disease detection separately, our approach uses a shared Vision Transformer-based backbone with taskspecific output heads, enabling efficient multi-task learning and reducing parameters by over 30%. The model is trained on a custom dataset containing 10,000 images of diseased and healthy samples of both crops, evenly split across four classes. We employ extensive geometric and photometric augmentations to improve generalization under varied realworld conditions. Experimental results show strong performance, achieving 98.45% accuracy in potato classification and 97.49% for tomato, with overall quality assessment accuracy reaching 98.5%. To enhance interpretability, we apply Grad-CAM visualizations that highlight critical regions such as leaf lesions and discoloration, offering insights into the model's decision-making process. The complete system is deployed via an interactive Streamlit interface, enabling real- time prediction and explanation. Key contributions include: (1) a lightweight ViT-based shared feature extractor, (2) dual-task learning architecture, (3) Grad-CAM-based explainability, and (4) a fully deployable web solution for practical agricultural use. © 2025 IEEE.",0,2025,10.1109/COMPUTINGCON64838.2025.11376762,https://www.scopus.com/pages/publications/105035485899?origin=resultslist,Daniel,Include,ViT,Hybrid CNN-ViT; Grad-CAM,Custom 10;000 image dataset (potato; tomato),-,Model tradisional memisahkan deteksi dan identifikasi; perlunya pembelajaran multi-tugas yang efisien dan dapat diinterpretasi.
Thakur G.; Sood V.; Choudhury A.,"Thakur, Gunjan (59324444500); Sood, Vandana (60619699100); Choudhury, Amitava (57191089504)",Generative AI Framework for Image Captioning of Tomato Leaves in Precision Agriculture,"Automatic generation of natural language descriptions from visual data is a challenging task. Conventional techniques for text generation focused on recurrent neural networks (RNNs) and LSTM (Long Short-Term Memory); however, transformer-based models have recently achieved significant improvements. The proposed framework provides an integrated pipeline for tomato leaf disease analysis by integrating disease classification and image captioning. The framework utilizes a fine-tuned Swin transformer to categorize leaf images into different disease classes and BLIP-2 to generate a real-time caption of the uploaded image, enabling automatic detection and description of tomato plant health conditions to support informed decision making in disease management. Additionally, GradCAM visualization highlights the diseased region in uploaded test images to enhance interpretability. The performance of the generated captions is evaluated using BLEU, METEOR, and ROUGE_L. Experimental results demonstrate that farmers can access both textual and visual insights, supporting more informed decision-making. © 2025 IEEE.",0,2025,10.1109/ICDABI67967.2025.11547722,https://www.scopus.com/pages/publications/105042327810?origin=resultslist,Daniel,Exclude,Swin-T,BLIP-2; RNN; LSTM; Grad-CAM,Tomato leaf images,-,Sulitnya pembuatan deskripsi bahasa alami (captioning) otomatis dari data visual visual penyakit tanaman.
Raj O.; Jain A.; Pahari A.; Nanda K.; Motwani A.; Khan I.,"Raj, Ojasvi (60686855200); Jain, Ankur (57207952494); Pahari, Aryan (60687335200); Nanda, K. (60686746700); Motwani, Anand (56208866200); Khan, Ilma (60687096100)",A Comprehensive Review of AI-Driven Approaches for Crop Disease Detection and Management,"Agriculture faces a persistent challenge from crop diseases, resulting in significant economic losses and posing a serious threat to global food security. Traditional disease diagnosis methods rely heavily on manual visual inspection, which is time-consuming, subjective, and prone to error, particularly in large-scale agricultural settings. Addressing these limitations, this paper presents a comprehensive review and comparative analysis of AI-driven approaches for crop disease detection and management. The study synthesizes insights from more than 20 peer-reviewed research works published between 2020 and 2024, examining architectural trends and performance metrics across state-of-the-art models including VGG-19, ResNet-50, EfficientNet, Inception variants, and Swin Transformers. In addition to the literature review, an experimental evaluation is conducted on a standardized potato disease dataset to compare multiple deep learning architectures under identical conditions. The findings highlight a clear shift toward advanced deep learning-based solutions, with several models achieving classification accuracies in the range of 98% to 99%, demonstrating the strong potential of AI technologies in enabling accurate, scalable, and efficient crop disease diagnosis for precision agriculture. © 2025 IEEE.",0,2025,10.1109/RCSM67767.2025.11507985,https://www.scopus.com/pages/publications/105041532364?origin=resultslist,Daniel,Exclude,Swin-T,VGG-19; ResNet-50; EfficientNet; Inception,Standardized potato disease dataset,-,"Inspeksi manual memakan waktu, subjektif, dan rentan terhadap kesalahan pada pertanian skala besar."
Kavathekar P.D.; Bhushanwar K.; Agal S.,"Kavathekar, Pranav Deepak (59700904400); Bhushanwar, Kush (58613769900); Agal, Sanjay (57214911342)",Soybean Leaf Pathogens Classification Using Fine-Tune Vision Transform,The research creates a classification system for soybean leaf pathogens through a Vision Transformer (ViT) model with fine-tuning capabilities. Traditional convolutional neural networks (CNNs) remain popular for plant disease detection however Vision Transformers (ViTs) demonstrate better image feature extraction because they can process distant relationships between image features. Scientists conducted research using a ViT model which received pre-training afterward they applied it to diagnose soybean leaf images with different pathogen-related symptoms. The training process included data augmentation and application of the Adam optimizer as optimization methods to boosts generalizability. Experimental tests showed that the optimized ViT reached 99% accuracy demonstrating better performance than standard CNN-models. The conducted research demonstrates how ViT models present promising capabilities for precise and automated soybean disease detection that enables timely disease administration to enhance farming productivity. © The Institution of Engineering & Technology 2025.,0,2025,10.1049/icp.2025.1305,https://www.scopus.com/pages/publications/105012037791?origin=resultslist,Daniel,Include,ViT,CNN,Soybean leaf images with pathogen symptoms,-,CNN kesulitan memproses hubungan jarak jauh antara fitur-fitur gambar.
Rajput S.; Makadi S.; Mhaske K.; Mahulkar A.; Maurya A.,"Rajput, Satpalsing (56041291200); Makadi, Sahil (59531569200); Mhaske, Krishna (59407362900); Mahulkar, Amey (59531237000); Maurya, Ayush (58533936700)",AI-Powered Crop Disease Detection: An Integrated Approach to Plant Disease and Insect Classification,"Effective management of plant diseases and pests is crucial for ensuring agricultural productivity and minimizing economic losses. Traditional detection methods are often slow, labor-intensive, and prone to inaccuracies. This paper presents an AI-based system that leverages deep learning to accurately detect plant diseases and classify pests from images. The proposed approach utilizes the VGG16 architecture with transfer learning, trained on two distinct datasets from Kaggle: one containing approximately 87,000 RGB images across 38 plant disease classes and another comprising about 3100 RGB images for 9 different pests. Image preprocessing techniques, including resizing to 224×224 pixels and normalization, were applied to improve model performance. A newer approach for training the disease detection models is used. VGG16 model was adapted by replacing the fully connected layers with custom dense layers tailored for classification tasks. The system was trained using the Adam optimizer and evaluated on metrics such as accuracy, precision, recall, and F1-score, demonstrating high performance in both disease and pest classification. A user-friendly web and mobile interface enable users to upload or capture images for real-time analysis. Upon detection, the system provides detailed reports, treatment suggestions, and direct purchase links for recommended pesticides. Future developments aim to incorporate drone integration, and advanced models like Vision Transformers (ViTs) to enhance accuracy, precision and scalability. This research highlights the potential of AI-driven approaches in advancing precision agriculture and promoting sustainable farming practices. © 2025 IEEE.",0,2025,10.1109/ICAISS61471.2025.11042232,https://www.scopus.com/pages/publications/105010760591?origin=resultslist,Daniel,Include,ViT,VGG-16,Kaggle datasets (87k disease images; 3.1k pest images),-,"Metode deteksi tradisional lambat, padat karya, dan rentan terhadap ketidakakuratan."
Bhadana D.; Thanjaivadivel M.; Kumar R.L.; Kalaikumaran T.; Perumal T.; Thinakaran R.,"Bhadana, Deepa (58079598600); Thanjaivadivel, M. (58921457600); Kumar, R. Lakshmana (57749443200); Kalaikumaran, T. (36975801800); Perumal, Thinagaran (24491918300); Thinakaran, Rajermani (53265142700)",Deep Learning-Based Rice Leaf Disease Detection Using Mobilenetv2 For Agricultural Health Monitoring,"Rice is a vital crop to millions, chiefly in low-income economies where it is an significant main food for safeguarding food security. Conventional manual diagnosis events are labour-intensive, need authorities, and are not scalable, particularly in the countryside. The proposed task is to fold a rice leaf disease dataset and shape a classification model based on MobileNetV2 to classify efficiently if a disease exists or not. The methodology starts with the gaining of Rice lease diseases Dataset and preprocessing via data augmentation, normalization, and resizing for image training for model training. Feature extraction is existence performed by the Vision Transformer (ViT) model in order to extract local and global image features using self-attention mechanisms. These extracted features are then classified with the MobileNetV2 in this hybrid structure, which upholds a stability between accuracy and cost of computation. The model has experienced further generalization, with an accuracy of 96.8%, precision of 97.1%, recall of 96.5%, F1-score of 96.8%, and ROC AUC of 97.3%, thus exceptional the baseline models. This hybrid model greatly improves the accuracy and speed of rice leaf disease classification, thus if a good tool for helping in early disease recognition and crop group. © 2025 IEEE.",0,2025,10.1109/ACOIT66109.2025.11436311,https://www.scopus.com/pages/publications/105036096829?origin=resultslist,Daniel,Include,ViT,MobileNetV2; Hybrid Model,Rice Leaf Diseases Dataset,-,"Diagnosis manual padat karya, tidak terukur, dan membutuhkan tenaga ahli di pedesaan."
Bahrouni M.J.; Benzarti F.; Touati M.; Yahia S.B.,"Bahrouni, Mohamed Jawher (59521379900); Benzarti, Faouzi (6507257083); Touati, Mohamed (57818545300); Yahia, Sadok Ben (58346331000)",Enhanced Mobile GC Vit Architecture for Efficient Image Classification with Application to Plant Disease Detection,"Efficient and accurate automated diagnosis of plant diseases remains a challenge for deployment on resource-constrained edge devices. While hybrid vision transformers like GCViT balance accuracy and efficiency, they often lose critical high-frequency details such as fine lesion textures and leaf margins that are essential for fine-grained disease classification. To address this gap, we propose the Enhanced High-Frequencies Global Context Visual Transformer (EHF-GCViT), a novel hybrid architecture designed to explicitly enhance high-frequency feature retention within a lightweight framework. The core innovations of EHF-GCViT include: first, a customized, lightweight convolutional refinement block based on depthwise separable operations that acts as a learnable pre-processor to preserve discriminative spatial details before tokenization; second, a gated convolutional block that replaces the final transformer stage, reducing the model memory footprint from 46.36 MB to 34.48 MB; and third, an adaptive normalization strategy to stabilize the training of the integrated heterogeneous layers. Extensive experiments on the PlantVillage tomato disease dataset demonstrate that EHF-GCViT achieves superior performance, surpassing the baseline GCViT, standard Vision Transformers (ViT), and CNN benchmarks (e.g., ResNet) in accuracy, precision, recall, and F1-score. These results validate that explicitly modeling high-frequency features within a hybrid transformer design provides a more memory efficient and accurate backbone for practical plant disease detection systems targeting edge deployment. © (2025), (Science and Information Organization), All Rights Reserved.",0,2025,10.14569/IJACSA.2025.01612108,https://www.scopus.com/pages/publications/105030922743?origin=resultslist,Daniel,Include,EHF-GCViT; GCViT; ViT,CNN; ResNet,PlantVillage (Tomato),-,Model hibrida sering kehilangan detail frekuensi tinggi pada perangkat edge (IoT) yang terbatas sumber dayanya.
Wani U.M.; Kumar S.; Vijh S.; Sharma K.,"Wani, Ubaid Mubashir (57208299352); Kumar, Sumit (57215077928); Vijh, Surbhi (57201362000); Sharma, Kartik (60592743000)",Artificial intelligence in plant disease detection: A systematic and comprehensive survey,"Plant leaf disease detection has emerged as a critical application of artificial intelligence in precision agriculture, driven by the need for scalable, accurate, and real-time diagnostic systems. This study presents a comprehensive synthesis of recent deep learning approaches, encompassing CNNs, Vision Transformers (ViTs), attention mechanisms, ensemble learning, and self-supervised frameworks. Benchmarking across diverse datasets - including PlantVillage and hyperspectral sources - reveals classification accuracies ranging from 94.3 to 99.4 percent, with ViT and hybrid CNN-ViT models consistently outperforming traditional architectures. Innovations such as GAN-based augmentation, leaf vein segmentation via U-Net, and preprocessing techniques like CLAHE significantly enhance model robustness and generalization. Furthermore, deployment-oriented strategies including YOLOv5 for real-time detection, EfficientNet for transfer learning, and federated learning for privacy-preserving collaboration demonstrate practical viability. The integration of graph neural networks and multi-modal fusion further advances spatial reasoning and spectral sensitivity. This meta-analysis underscores the importance of reproducible benchmarking, adaptive feature refinement, and lightweight architectures for field deployment, offering a rigorous foundation for future research in AI-driven plant pathology. © 2025 IEEE.",0,2025,10.1109/EmergIN67762.2025.11450691,https://www.scopus.com/pages/publications/105036379568?origin=resultslist,Daniel,Include,ViT,CNN; YOLOv5; EfficientNet; U-Net; GAN; GNN,PlantVillage; Hyperspectral sources,-,"Perlunya sistem diagnostik waktu nyata, skalabel, serta arsitektur ringan untuk diterapkan di lapangan."
Gnanavel M.; Periyathambi E.,"Gnanavel, Manisha (57212064030); Periyathambi, Ezhumalai (37101472200)",An Automatic Rice Plant Disease Classification Using Hierarchical Vision Transformers with Spatial Reduction Attention Mechanism,"Rice is a staple crop for world food security, but its yield is susceptible to several diseases. Timely recognition of rice leaf diseases (RLD) is critical to decrease yield losses. Recent studies offered improved solutions by harnessing deep networks to precisely diagnose and categorize RLDs. Conversely, due to extreme scale deviations, data redundancy, and the high-resolution multi-spectral nature of leaf images, the conventional deep-learning classifiers underperform in detecting rice diseases. Also, training deep learning models involves major challenges such as class imbalance, overfitting, and vanishing gradient problems. Nowadays, vision transformers are infiltrated into the field of image processing, in which the self-attention unit is employed to learn local and distant correlations among the pixels in an image. However, the processing and storage overheads of analyzing image patches are very high. In this context, we propose a new vision transformer-based RLD classifier, called Faster Hierarchical Vision Transformer (FHViT) which employs a Spatial Reduction Attention Mechanism (SRAM) to speed up the classification process. The SRAM module enables the transformer to estimate the significance of each pixel in image patches and optimize their effect on the result. We evaluate our model on an open-access Ade F. Rice Leaf Diseases (AFRLD) database and relate its performance with other advanced models in terms of performance indicators. Our model delivers 99.2% detection accuracy, 99.3% precision, 99.2% sensitivity, 99.1% specificity, 99.0% recall, and 99.0% F1 measure. The extensive experimentations demonstrate that the FHViT realizes a viable solution for RLD diagnosis. ©2025 The authors.",0,2025,10.18280/isi.300311,https://www.scopus.com/pages/publications/105003051557?origin=resultslist,Daniel,Include,FHViT,SRAM; DL,Ade F. Rice Leaf Diseases (AFRLD),-,"Deviasi skala ekstrem, redundansi data, overfitting, dan overhead pemrosesan memori yang sangat tinggi."
Brusil M.; Andrade R.; Grijalva F.,"Brusil, Mayté (60479176200); Andrade, Roberto (57211402331); Grijalva, Felipe (37031118800)",Tomato Leaf Disease Detection: A Comparative Study using Deep Convolutional Networks and Vision Transformer,"The detection of plant diseases is crucial for mitigating economic losses and enhancing agricultural productivity. Convolutional Neural Networks (CNNs) have proven highly effective in automating plant disease identification from images of leaves, fruits, and stems. Traditional CNN architectures, such as AlexNet, Inception, ResNet, DenseNet, and EfficientNet, have demonstrated high accuracy in plant disease classification tasks. Recent advancements, including Vision Transformers and lightweight architectures for IoT applications, have further expanded classification capabilities. In this study, we e valuate the performance of three deep CNN architectures, EfficientNet B0, InceptionV3, and ViT b16 in classifying plant diseases. We employ transfer learning to leverage pre-trained models, optimizing computational efficiency while p reserving l earned f eatures. Our evaluation focuses on identifying the trade-off between model size and classification accuracy, aiming to determine the most suitable architecture for mobile and resource-constrained environments. Results indicate that EfficientNet B0 offers a more compact and efficient solution while maintaining high accuracy, making it a promising choice for real-world agricultural applications. © 2025 IEEE.",0,2025,10.1109/ETCM67548.2025.11304271,https://www.scopus.com/pages/publications/105032515156?origin=resultslist,Daniel,Include,ViT-B/16,EfficientNet-B0; InceptionV3; AlexNet; ResNet; DenseNet,Tomato leaf images,-,Mencari keseimbangan ukuran model vs tingkat akurasi untuk diaplikasikan pada lingkungan mobile atau IoT.
Chavan K.A.; Deshpande U.U.; Deshpande S.B.; Srinivasaiah S.H.; Kumar M.; Waghmode S.B.,"Chavan, Kapil Arvind (59407883800); Deshpande, Uttam U. (57210159256); Deshpande, Sudhindra B. (57204265322); Srinivasaiah, Sowmyashree H. (59758718900); Kumar, Mukesh (58423977700); Waghmode, Sukhdev B. (58485626000)",ICAG-Net: An Interactive CNN–Transformer Architecture With Attention-Guided Gated Fusion for Crop Disease Detection,"Smart agriculture based on the use of Artificial Intelligence for crop disease detection to ensure food security. Fungal disease is one of the major causes that affects the quality of the vegetables. Convolutional neural networks (CNNs) and vision transformers (ViTs) enable the detection of crop diseases at an early stage, allowing farmers to take preventive measures and minimize further losses. The proposed method introduces an ensemble of Custom CNN to understand multilevel local features and Pretrained ViT to capture global dependencies as well as contextual information from the dataset. An interactive cross attention module (ICAM) facilitates bidirectional information exchange between CNN and transformer token representations, while an attention guided gated fusion (AGGF) mechanism adaptively combines complementary features. The Indian Crop Visual Disease Dataset (ICVDD-5) has been developed in a real field for the proposed work with the help of domain experts. The dataset contains 880 diverse images depicting both healthy and diseased specimens of five vegetable crops. The crops selected for this research initiative include Brinjal, Cabbage, Chili, Okra, and Tomato. These five crops are examined for about 21 distinct disease classes. Comprehensive ablation studies are conducted to prove the contributions of each architectural component, including CNN-only, ICAM-disabled, and AGGF-disabled configurations. Experimental results demonstrate that the proposed ICAG-Net achieves a test accuracy of approximately 70%–73% with improved macro-F1 score compared to baseline CNN models under identical training settings. The novelty of this work lies in an extensible solution for real world crop disease diagnosis systems and offers insights into hybrid CNN–transformer architectures for small scale agricultural datasets. © 2026 The Author(s). Engineering Reports published by John Wiley & Sons Ltd.",0,2026,10.1002/eng2.70770,https://www.scopus.com/pages/publications/105037523791?origin=resultslist,Daniel,Include,Pre-ViT; ViT,CNN; ICAG-Net,Indian Crop Visual Disease Dataset (ICVDD-5),India,Model harus memahami fitur lokal multi-level serta dependensi global dari dataset pertanian skala kecil.
Chauhan R.; Jena M.; Mishra A.; Singh D.,"Chauhan, Ritu (57197047673); Jena, Mehak (59361218500); Mishra, Aarushi (59361709100); Singh, Dhananjay (57833838900)",LEAFNET Model for Early Crop Disease Detection: Integrating CNNs and Vision Approach in Precision Agriculture,"The increasing threat of plant disease threatens world crop production, causing huge economic and food security losses, particularly in crops like corn, potato, rice, wheat, and sugarcane. This paper presents the LEAFNET (Lightweight Efficient Agricultural Feature Network) model, a new deep learning model that integrates Swin Transformer, MobileNetV3-Small, and ResNet18-SE to deliver accurate and explainable disease classification in 13,324 images of 17 classes. LEAFNET employs state-of-the-art models, pretrained weights, and Grad-CAM visualizations to deliver robust performance: Swin Transformer attained the highest validation accuracy of 96.96% (training accuracy 96.91%, validation loss 0.1029), ResNet18-SE attained 94.63% (training 93.45%, loss 0.1544), and the lightweight MobileNetV3-Small attained 93.70% (training 93.62%, loss 0.1561), which is deployable in real time on resource-constrained devices. ResNet18-SE attention mechanisms offer interpretability, with visual disease localization to maximize user trust. This dual emphasis on accuracy and usability assists to significantly support early disease detection, offering a possible 20–30% reduction of crop yield losses, and making sustainable agriculture possible. LEAFNET, in total, offers farmers, agronomists, and policymakers a powerful, scalable, and societally impactful tool that drives precision farming and international food security. © The Author(s), under exclusive license to Springer Nature Switzerland AG 2026.",0,2026,10.1007/978-3-032-17083-5_24,https://www.scopus.com/pages/publications/105038316400?origin=resultslist,Daniel,Exclude,Swin-T,LEAFNET; MobileNetV3-Small; ResNet-18-SE,13;324 plant disease images (17 classes),-,Ancaman krisis panen dunia; pentingnya model klasifikasi yang dapat dioperasikan secara real-time di perangkat terbatas.
Batool A.; Kim Y.-W.; Byun Y.-C.,"Batool, Amreen (57219626218); Kim, Yong-Woon (57991628200); Byun, Yung-Cheol (8897891700)",Vision transformer-based approach for plant leaf disease classification with multi-patch selection,"Plant diseases pose significant challenges to global agricultural productivity, requiring early and accurate detection to mitigate their impact. This study introduces a Vision Transformer (ViT)-based framework for classifying apple leaf diseases, utilizing a novel multi-patch selection approach to strike a balance between feature extraction and computational efficiency. Leaf images were preprocessed to ensure compatibility with the ViT framework and divided into patches of varying sizes (32 × 32, 16 × 16, and 8 × 8), enabling the model to capture both local and global features for classifying four categories: Apple Scab, Black Rot, Cedar Rust, and Healthy Leaves. The proposed Plant Leaf Disease Vision Transformer (PLD-ViT) framework achieves superior classification performance with 97.76% validation accuracy, 95.34% precision, 95.11% recall, and 95.06% F1-score using 16 × 16 patch configuration, significantly outperforming ResNet-50 (96.75% validation accuracy, 95.11% precision, 93.42% recall, 95.31% F1-score) and Swin Transformer (96.79% validation accuracy, 95.76% precision, 95.94% recall, 95.89% F1-score) while maintaining computational efficiency (1.0× GFLOPs vs 3.8× and 4.5× respectively). The model robustly classifies distinct categories but faces challenges distinguishing visually similar groups, such as Cedar Rust and Healthy Leaves. Despite its strengths, the model has limitations, including its reliance on controlled datasets and the computational demands associated with smaller patch sizes. This ViT-based framework offers a practical and scalable solution for precision agriculture, laying the groundwork for accessible tools that support sustainable farming practices and promote global food security. © Copyright 2026 Batool et al. Distributed under Creative Commons CC-BY 4.0 http://www.creativecommons.org/licenses/by/4.0/",0,2026,10.7717/peerj-cs.3544,https://www.scopus.com/pages/publications/105035715640?origin=resultslist,Daniel,Include,PLD-ViT; Swin-T,ResNet-50,Apple leaf images,-,Sulit menemukan titik tengah efisiensi komputasi vs akurasi; model kesulitan membedakan kelas penyakit yang mirip visualnya.
Divya K.S.; Nataraj N.K.; Malavika E.A.; Varghese E.; Malavika J.; Santhosh K.,"Divya, K.S. (59054552600); Nataraj, Neetha K. (57216241494); Malavika, E.A. (60688364200); Varghese, Elizabeth (60422119700); Malavika, J. (57913195200); Santhosh, Keerthana (60688845100)",Advancements in AI-Based Techniques for Intelligent Plant Disease Detection,"Plant diseases pose a major challenge to global food security, agricultural productivity, and sustainability. Traditional manual disease detection relies on human expertise and visual inspection, which are often time-consuming, subjective, and impractical for large-scale monitoring. The rapid evolution of Artificial Intelligence (AI), particularly Deep Learning (DL) and Machine Learning (ML), has revolutionized agricultural image analysis by enabling automated, data-driven, and highly accurate plant disease detection systems. This survey paper presents a comprehensive analysis of state-of-the-art AI-based techniques used for plant disease detection and classification. The study reviews key methodologies including Convolutional Neural Networks (CNNs), transfer learning strategies, hybrid deep models, attention-based mechanisms, and transformer architectures. It also examines explainable AI approaches that improve interpretability and user trust in decision-making.Furthermore, the paper highlights benchmark datasets such as PlantVillage, Field-Plant, and TDDS, and compares their performance across diverse model architectures. The analysis identifies major research gaps, including limited dataset generalization, environmental variability, and the lack of explainability in AI models. Future perspectives are also discussed, focusing on the integration of multimodal data (images, sensor readings, and environmental factors), domain adaptation, and self-supervised learning to enhance robustness and scalability.. © 2026 IEEE.",0,2026,10.1109/ICSFT66733.2026.11507723,https://www.scopus.com/pages/publications/105041641444?origin=resultslist,Daniel,Exclude,Transformer,CNN; Hybrid DL,PlantVillage; Field-Plant; TDDS,-,"Generalisasi dataset yang terbatas, variabilitas lingkungan, dan kurangnya kemampuan interpretasi AI."
Mobeen N.E.; Shaikh S.; Yayilgan S.Y.; Imran A.S.; Ballesteros R.,"Mobeen, Noor E (59458343000); Shaikh, Sarang (57210376659); Yayilgan, Sule Yildirim (57204767591); Imran, Ali Shariq (56109077100); Ballesteros, Rocio (56680918600)",A Greedy Soup-Based Deep Ensemble Framework for the Detection of Plasmopara Viticola in Grapevine Leaves,"Grapevine diseases pose a serious threat to global viticulture, with Plasmopara viticola (downy mildew) being one of the destructive pathogens that affect the crop yield. Early detection is crucial to reduce economic losses and ensure sustainable vineyard management. In this study, a novel dataset of grapevine leaves was collected under diverse environmental conditions from fields in Spain and Norway. Multiple state-of-the-art (SOTA) convolutional neural networks (CNNs), including DenseNet-121, ResNet-50, EfficientNet-B0, MobileNetV2, and Vision Transformers, were fine-tuned and evaluated for binary classification of healthy and infected leaves. Additionally, we proposed a Model Soup approach that aggregates the weights of multiple finetuned models to improve the classification accuracy without adding extra inference cost. Extensive data augmentation was employed to address class imbalance and improve generalization. The findings highlight the promise of ensemble strategies like Model Soup for agricultural image classification and underlines the importance of dataset size and diversity in developing reliable crop disease detection systems. © 2026 IEEE.",0,2026,10.1109/ICARA69401.2026.11480353,https://www.scopus.com/pages/publications/105037843368?origin=resultslist,Daniel,Include,ViT,DenseNet-121; ResNet-50; EfficientNet-B0; MobileNetV2,Grapevine leaves,Spanyol dan Norwegia,Kebutuhan mengurangi kehilangan ekonomi dengan cara meningkatkan klasifikasi tanpa menambah biaya/beban inferensi.
Gadekar P.P.; Pattnaik O.; Potgantwar A.D.,"Gadekar, Pramod P. (60345688000); Pattnaik, Omkar (55578117700); Potgantwar, Amol D. (35731977800)",Tomato Leaf Disease Detection Using EfficientNet-ViT Hybrid Model with Attention-Driven Feature Fusion,"Tomato crop health is frequently compromised by various leaf diseases, leading to significant yield losses if not detected in time. This paper presents a conceptual design of a hybrid deep learning architecture aimed at enhancing disease classification accuracy by integrating Convolutional Neural Networks (CNN) and Vision Transformers (ViT). The model utilizes EfficientNet for local feature extraction and ViT to capture broader spatial dependencies within tomato leaf images. An attention-based feature fusion mechanism is proposed to dynamically prioritize regions affected by disease. Data augmentation and focal loss are incorporated to improve robustness and address class imbalance. While empirical results are not yet available, this work lays the foundation for a practical and efficient disease detection framework in precision agriculture, with future validation and deployment planned. © The Author(s), under exclusive license to Springer Nature Switzerland AG 2026.",0,2026,10.1007/978-3-032-10667-4_16,https://www.scopus.com/pages/publications/105029051038?origin=resultslist,Daniel,Include,ViT,EfficientNet; CNN,Tomato leaf images,-,Membutuhkan fusi ekstraksi fitur lokal (CNN) dengan dependensi spasial secara luas (ViT) serta penanganan imbalansi kelas.
Venkatraman S.; Sathya Venkatesh P.K.; Vairamoorthy P.; Anandakumar A.; Ashok S.A.,"Venkatraman, Shravan (59152102500); Sathya Venkatesh, Pavan Kumar (60236452400); Vairamoorthy, Pandiyaraju (60236540200); Anandakumar, Abeshek (60236452500); Ashok, S. Aravintakshan (59151130500)",SPROUT: Symptom-centric Prototypical Representation Optimization and Uncertainty-aware Tuning for few-shot precision agriculture,"Plant disease detection using computer vision has significantly advanced precision agriculture, but adapting to new disease variants with minimal labeled examples remains a challenge, particularly when regional factors influence symptom expression. Current approaches primarily rely on transfer learning or data augmentation techniques, which often fail to adequately capture the intricate visual characteristics specific to plant diseases from limited examples. We introduce SPROUT (Symptom-centric Prototypical Representation Optimization and Uncertainty-aware Tuning), a few-shot learning framework that leverages an attention-weighted prototype refinement mechanism to identify and emphasize the most informative disease features in support examples. Unlike conventional few-shot methods that treat all examples equally, SPROUT dynamically weights support samples based on their symptom representativeness while optimizing the embedding space through a composite loss function that promotes both intra-class consistency and inter-class separation. Experimental results across three diverse crop datasets demonstrate SPROUT's superior performance, achieving 90.2 %, 95.7 %, and 74.0 % accuracy on Paddy, Sugarcane, and Cassava datasets respectively in the 10-shot setting, outperforming state-of-the-art CNN and transformer baselines by 11–29 percentage points. Notably, SPROUT maintains exceptional performance even in extreme low-shot scenarios (1-shot), where it surpasses the best baselines by 22–56 percentage points, highlighting its ability to extract meaningful disease representations from minimal examples. Comprehensive ablation studies reveal that while all components contribute significantly to performance, inter-class separation proves most critical, with its removal causing accuracy drops of 71–78 % across datasets, confirming the importance of maintaining discriminative boundaries between disease categories in the embedding space. Our code is available at https://github.com/shravan-18/SPROUT. © 2025 Elsevier B.V.",0,2026,10.1016/j.neucom.2025.132137,https://www.scopus.com/pages/publications/105024679789?origin=resultslist,Daniel,Exclude,Transformer,CNN; SPROUT,Paddy; Sugarcane; Cassava,-,Pendekatan few-shot learning saat ini gagal menangkap karakteristik visual spesifik yang rumit dengan contoh data yang terbatas.
Kaur G.; Prabha C.,"Kaur, Gurjot (58446205100); Prabha, Chander (57304742700)",A Comprehensive Review of Deep Learning-Based Methods for Crop Disease Detection,"Recent technological progress in deep learning has considerably enhanced automated detection of crop diseases, which can offer meaningful assistance in precision farming and sustainable agriculture. The paper is a broad summary of the methods of deep learning to analyze crop disease, such as convolutional neural networks (CNNs), transformer and hybrid CNN-Transformer, ensemble methods, and explainable artificial intelligence (XAI). Public and private datasets, the most frequent evaluation measures, and published experimental findings are analyzed methodologically to determine the research trends and methodological constraints. Many models are found to perform well in the laboratory-controlled setting, but when in the real field, they fail to perform well because of the difference in lighting, complexity of the environment, and severity of the disease. Moreover, the available literature is mainly focused on classifying diseases, but little effort has been made on estimating severity, localization, and treatment-based decision support. Issues of interpretability, computational complexity, and execution on resource-constrained devices are also discussed. This paper presents future research directions, which are based on the above identified gaps and focus on interpretable, severity-conscious, and field-deployable systems to enable useful, farmer-centered crop disease management. © 2026 IEEE.",0,2026,10.1109/MPCON69668.2026.11508183,https://www.scopus.com/pages/publications/105041361459?origin=resultslist,Daniel,Exclude,Transformer; Hybrid CNN-ViT,CNN; Ensemble; XAI,Public and private datasets,-,"Model hanya bekerja baik di lab, namun gagal di lapangan nyata akibat pencahayaan, kerumitan lingkungan, dan kurang estimasi tingkat keparahan."
Belattar S.; Hibbi F.-Z.; Rus P.,"Belattar, Sara (57215420899); Hibbi, Fatima-Zohra (57220154280); Rus, Peter (60621730200)",AgriVision Model: Combining Convolutional Neural Networks and Transformers for Plant Leaf Disease Detection,"Plant diseases represent one of the important threats to the agricultural sector, causing crop damage and leading to catastrophic economic losses in most countries, among them Morocco. Therefore, the development of accurate and intelligent applications based on computer vision is essential, as they enable the detection of plant diseases and provide farmers with the opportunity to take timely decisions to prevent yield losses. For this purpose, in this paper, we propose a hybrid approach that combines the MobileNetV3-Small model based on CNN architecture and the Vision Transformer model to develop an intelligent mobile application that can be used by the farmers of the region of Settat, Morocco. The mobile application is designed to detect plant diseases at an early stage and support farmers in taking the necessary steps before crops suffer further damage. For the training phase, we used the PlantVillage Dataset, which contains 54,305 images across 38 classes, covering 14 crop species and 26 distinct diseases. The experimental tests show that the combination of MobileNetV3-Smal model and the Vision Transformer model achieved promissing performance, reaching 95.19% accuracy on the training dataset, 96.78% accuracy on the validation dataset, and 96.48% accuracy on the testing dataset. These results highlight the potential of this hybrid approach for developing an accurate and reliable mobile application for plant disease detection. © The Author(s), under exclusive license to Springer Nature Switzerland AG 2026.",0,2026,10.1007/978-3-032-19760-3_20,https://www.scopus.com/pages/publications/105038084498?origin=resultslist,Daniel,Include,ViT,MobileNetV3-Small; CNN,PlantVillage,Maroko (Settat),Kurangnya aplikasi mobile cerdas di Maroko yang memungkinkan petani mengambil keputusan tepat waktu.
Babaladi S.S.; Mulani A.O.,"Babaladi, Smita Somling (60631463900); Mulani, Altaf Osman (56509552600)",An Overview on Timely Detection of Plant Leaf Disorder Using Deep Learning and Machine Learning Models,"To find plants disorder at early stage is very important for framing as it enables farmers take well timed movement, reduce crop failure, and upgrade crop quality. Classical methods based on observation are slow, depend on expert knowledge, and often fail to discover diseases at timely stage when indications are very small. To overcome these boundaries, machine learning (ML) and deep learning (DL) techniques are increasingly being utilized for automatic and accurate detection of plant diseases. This paper provides comparative study of ML and DL algorithms which are used for early detection of plant leaf diseases. Traditional ML methods such as Support Vector Machines (SVM), Random Forest (RF), k-Nearest Neighbor's (KNN), and Naïve Bayes (NB) are analyzed and compared with advanced DL models including Convolutional Neural Networks (CNN), Recurrent Neural Networks (RNN), Auto encoders (AE), Vibrational Auto encoders (VAE), Generative Adversarial Networks (GAN), Vision Transformers (ViT), and hybrid models. The comparison focuses on their ability to identify early and subtle disease symptoms. The paper also discusses the datasets used, feature extraction techniques, and performance measures such as accuracy. Recent trends like transfer learning and data augmentation are highlighted for their role in improving early detection results. Based on the comparison, the study identifies strengths and limitations of both ML and DL approaches and outlines future research directions for building effective and practical plant disease detection systems suitable for real-world agricultural applications. © 2026 IEEE.",0,2026,10.1109/CCIC68129.2026.11486178,https://www.scopus.com/pages/publications/105038779793?origin=resultslist,Daniel,Include,ViT,SVM; RF; KNN; NB; CNN; RNN; AE; VAE; GAN,Diverse review datasets,-,Metode observasi klasik tidak dapat mengidentifikasi atau menangkap ciri/gejala penyakit pada fase sangat awal (subtil).
Bagul P.; Gogate U.,"Bagul, Punam (60608761800); Gogate, Uttara (57194385853)",A Survey of 2D-3D Modeling for Plant Disease Detection,"Timely and precise diagnosis of the plant disease is one of the biggest problems to sustainable farming when the images are taken haphazardly in the complex field set ups. Traditional 2D CNN based systems are effective with controlled data but they do not work with occlusion, variable illumination and background clutters. In this study, the authors propose a new end-to-end, geometry-aware diagnostic system named FloraMVS-Dx which connects the 2D perception with the 3D spatial understanding. The model converts overlapping RGB views into high density 3D plant reconstructions with the help of transformer-based enhancement, multi-view stereo with attention, geometry aware segmentation and classification. FloraMVS-Dx offers spatial uniformity in localizing lesions, estimated severity in terms of volume and enhanced cross crop generalization with the integration of 3D structure and appearance cues. The literature review shows summarized research on the fast development of 3D-conscious plant-vision studies and the unresolved issues of real-life flexibility, effectiveness, and lack of data. These gaps are directly filled by the proposed framework with modular and lightweight design and multi-view consistency learning, which can be used to reliably perform on mobile and edge platforms. FloraMVS-Dx is a viable next-generation interpretable field-ready 3D diagnostics toward field to precision-agriculture. The following research analysis will be in the form of a survey and conceptual framework; the extensive experimental evaluation and benchmarking will be introduced as a follow-up activity. © 2026 IEEE.",0,2026,10.1109/IC3ET64989.2026.11467335,https://www.scopus.com/pages/publications/105037431227?origin=resultslist,Daniel,Exclude,Transformer,2D CNN; FloraMVS-Dx,Complex field environment images,-,CNN 2D tradisional tidak bekerja dengan baik pada daun tumpang tindih (oklusi) maupun latar belakang berantakan.
Rajendran M.; Muruganantham M.,"Rajendran, Manikandan (60184750200); Muruganantham, Manickam (60183610300)",Tomato leaf disease classification using a vision transformer with cascaded group attention (ViT-CGA) for real-time decision support in precision agriculture,"The impact of tomato leaf diseases on tomato production worldwide is one of the most significant risks, as the diseases cause massive yield losses and high management costs. Modern precision agriculture systems, therefore, need to be accurate, timely, and automated in the diagnosis of diseases. The paper proposes a vision transformer with Cascaded Group Attention (ViT-CGA) model to classify tomato leaf diseases efficiently and reliably. The proposed architecture integrates patch-based token embeddings with multi-scale grouped attention and cascaded refinement to capture small-scale disease symptoms and long-range contextual dependencies that traditional convolutional neural networks tend to miss. The model is trained and tested on a massive, mixed dataset of several tomato leaf disease classes under different environmental conditions. Occlusion, illumination variation, and leaf overlap are situations that require extensive data augmentation to address class imbalance and improve robustness to these conditions. The experimental findings indicate that ViT-CGA is consistently qualitatively better than the baseline CNN, YOLOv7, and SFMS models, as it is more accurate across all evaluation scenarios. The classification accuracy of the proposed method is between 95.6% and 96.9%, the precision is up to 97.2%, the recall is up to 97.5%, and the false classification rate is considerably less. The ability to remain robust even in stressful environmental conditions is over 90%, and real-time inference can be attained at latency rates of 31 ms on CPU and 44 ms on edge devices. These results affirm the efficacy, efficiency, and practicality of ViT-CGA for the real-time use of the agricultural decision-support and sustainable crop management systems. © The Author(s), under exclusive licence to Deutsche Phytomedizinische Gesellschaft 2026.",0,2026,10.1007/s41348-026-01274-7,https://www.scopus.com/pages/publications/105039822710?origin=resultslist,Daniel,Include,ViT-CGA,CNN; YOLOv7; SFMS,Mixed tomato leaf dataset,-,"Jaringan konvolusi tradisional sering melewatkan gejala skala kecil, gangguan iluminasi, dan tumpang tindih antar daun."
Gupta P.; Jadon R.S.,"Gupta, Pradeep (58710685300); Jadon, Rakesh Singh (22979534100)",Noise-Resilient Hybrid EfficientNet–Vision Transformer Framework with Adaptive Symmetric Cross-Entropy Loss for Robust Plant Disease Detection,"The errors of human annotation and the noise of the environment such as lighting changes, occlusions and cluttered backdrop l imit the correct detection of the plant diseases in the field condition. This study proposes a robust deep learning model that can withstand noise while remaining interpretable in controlled and noisy environments to achieve high plant disease classification. The hybrid EfficientNet-Vision Transformer (ViT) network proposed is based on an EfficientNet-B4 branch of CNN and a branch of Vision Transformer (ViT) network, which focuses on capturing fine-grained lesion features and global contextual information. A data augmentation pipeline based on CycleGAN is used to introduce field-style distortions (e.g., (lighting shifts, shadowing, debris and partial occlusions), thereby improving robustness to environmental noise, and an Adaptive Symmetric Cross-Entropy (ASCE) loss identifies and down-weights uncertain samples with normalized prediction entropy. The training is done in two phases, Stage 1 involves pretraining with clean PlantVillage images, and Stage 2 introduces increasingly noisy samples. The framework is tested in two different noise conditions, and these include the controlled synthetic label noise with PlantVillage and the real environmental noise with PlantDoc. The proposed model has an accuracy of 94.5% on the clean PlantVillage test set. It achieves 85.0% accuracy on the PlantVillage dataset under the 20% synthetic label noise protocol, outperforming ResNet-50V2 (76.5%), DenseNet-121 (78.9%), and Co-Teaching (79.5%). Macro-precision, macro-recall and macro-F1 of the model on the external PlantDoc field dataset are 0.718, 0.681, 0.681, respectively with a top-1 accuracy of 72.0, which is a manifestation of cross-domain generalization. The lesion-centric Grad-CAM images indicate that the model places emphasis on symptomatic areas of leaves and suppresses activations from background soil, shadows, and clutter. The suggested hybrid EfficientNet-ViT architecture offers, in general, a robust and explainable solution to precision agriculture and intelligent crop tracking systems that are resistant to noise. © 2026, Interdisciplinary Publishing Academia. All rights reserved.",0,2026,10.38094/jastt71614,https://www.scopus.com/pages/publications/105034431385?origin=resultslist,Daniel,Include,ViT,EfficientNet-B4; CNN; CycleGAN; ResNet; DenseNet,PlantVillage; PlantDoc,-,Kesalahan anotasi manual manusia dan adanya gangguan noise ekstrem di lingkungan lapangan seperti bayangan dan debu.
Liman M.M.; Prasad R.; Amshi H.A.,"Liman, Muhammad Musa (60690100100); Prasad, Rajesh (57191422092); Amshi, Hauwa Ahmad (58858468700)",Feature-optimized hybrid CNN–ViT architecture for sustainable vision-based condition assessment in agriculture,"Early detection of structural and physiological changes in plants remains a difficult challenge for computer vision because of large intra-class variation and environmental noise. This paper integrates feature enhancement using Excess Green (ExG) and Excess Red (ExR) vegetation indices with feature compression using principal component analysis (PCA) and an asymmetric convolutional neural network (CNN)–Vision Transformer (ViT) fusion architecture for multi-crop plant-disease classification. Preprocessing involves extracting ExG and ExR, performing statistical normalization, and applying PCA-based feature compression to enhance discriminative ability and reduce redundant spectral information. The CNN component generates hierarchical texture encodings, while the ViT component produces self-attention encodings suited to capturing global associations. The complementary feature spaces are combined through a cross-domain fusion layer to improve representation capability. The proposed system achieves high classification accuracy (98%) and robustness across multiple crop datasets. Although edge efficiency and explainability still need to be addressed before deployment in real-world agricultural scenarios, these aspects are outlined as future work. © 2026 The Author(s). Published by the Nigerian Society of Physical Sciences under the terms of the Creative Commons Attribution 4.0 International license. Further distribution of this work must maintain attribution to the author(s) and the published article’s title, journal citation, and DOI. Communicated by: B. J. Falaye",0,2026,10.46481/jnsps.2026.3301,https://www.scopus.com/pages/publications/105041681208?origin=resultslist,Daniel,Include,ViT,Asymmetric CNN; PCA,Multi-crop plant disease dataset,-,Sulitnya deteksi dini akibat variasi antar kelas penyakit yang lebar serta noise lingkungan di pertanian.
Gopinath S.; Madheswaran M.; Arularasi S.; Mohanabharathi R.,"Gopinath, S. (57531000700); Madheswaran, M. (57211086327); Arularasi, S. (59993366900); Mohanabharathi, R. (60546608800)",Hybrid Morphological U-Net with a Spectral Morphological Transformer for Superior Plant Leaf Diseases Classification,"In agriculture, plant diseases severely affect productivity and lead to starvation. Hence, early treatment of plant diseases is crucial. However, the existing disease detection approaches are time consuming and require human intervention. To overcome these issues, deep learning models have been extensively used. The primary objective of this study is to develop an automated and efficient hybrid deep learning model by combining a Morphological U-Net, a Convolutional Neural Network (CNN) and a Spectral Morphological Transformer, a Vision Transformer (ViT) to perform accurate plant diseases detection. This hybrid model combines local feature extraction and global contextual learning to improve lesion detection and localization and classification accuracy. To analyse the effectiveness of the hybrid model, the benchmark PlantVillage dataset is used. Among the multiple plant species in this dataset, pepper, tomato, and potato plant leaves and their corresponding classes are selected for training and testing. The proposed model accurately classified multiple class plant diseases with an accuracy of 97.89% and outperformed existing deep learning models. The significance of this study lies in timely intervention for plant diseases, reducing crop loss, and promoting precision agriculture practices. It is apparent that this model is suitable for challenging environmental condition and edge computing deployment. © 2026 Mahendrapublications.com, All rights reserved.",0,2026,10.29294/IJASE.12.3.2026.6244-6260,https://www.scopus.com/pages/publications/105034410104?origin=resultslist,Daniel,Include,"ViT (SMT)
",Morphological U-Net; CNN,PlantVillage (Pepper; tomato; potato),-,Metode deteksi eksisting memakan waktu dan membutuhkan banyak campur tangan pakar manusia.
Jawed M.M.; Tufail F.A.; Ahmed M.Z.; Adaline Suji R.; Nallusamy P.; Raja K.T.,"Jawed, Mohammed Mohsin (60531027400); Tufail, Farhan Ahmed (60530816500); Ahmed, Mohd Zunaid (60530714300); Adaline Suji, R. (56916096700); Nallusamy, Priyanka (57219592240); Raja, Kiruba Thangam (60510769400)",A hybrid deep learning framework using convolutional and transformer models for robust plant disease classification,"Plant diseases continue to pose a significant threat to worldwide food security, resulting in notable yield reductions and economic consequences. Automated disease diagnosis through machine learning has arisen as a potential solution; nevertheless, current methods frequently have difficulty in capturing both detailed local attributes and overarching contextual patterns found in plant leaf images. This study presents a thorough comparative examination of conventional and deep learning methods—such as Convolutional Neural Networks (CNNs), Vision Transformers (ViTs), YOLO, Support Vector Machines (SVMs), and Random Forests—for the classification of multi-class plant diseases. To overcome the constraints of individual CNN and transformer models, a new hybrid framework that integrates EfficientNet-B7 for strong spatial feature extraction with a Vision Transformer (ViT-B16) for comprehensive contextual modeling is suggested. The system is assessed on an extensive dataset consisting of 21,534 images covering 38 classes of plant diseases and healthy specimens. Experimental findings show that the suggested hybrid model reaches an accuracy of 98.13%, surpassing standalone CNN baselines and other rival models, while consistently achieving high precision, recall, and F1-scores for all classes. The results emphasize the success of combining convolutional and transformer-based models for scalable and precise plant disease detection, aiding the creation of smart decision-support systems for precision farming. © The Author(s) 2026.",1,2026,10.1038/s41598-026-38209-z,https://www.scopus.com/pages/publications/105033539733?origin=resultslist,Rafli,Include,ViT,CNN; YOLO; SVM; RF; EfficientNet-B7,21;534 images covering 38 classes,-,Sulitnya menangkap detail atribut lokal dan pola kontekstual menyeluruh pada citra daun secara bersamaan.
Navya D.; Umamaheswara Rao M.V.P.,"Navya, Dadi (60631637900); Umamaheswara Rao, M.V.P. (60411092400)",A quantum-enhanced vision transformer framework with hybrid optimization for efficient tomato leaf disease detection,"The present study proposes a novel optimization framework for tomato leaf disease detection, combining Quantum Vision Transformers (QViT) with a hybrid optimization strategy. The global parameter search utilizes quantum annealing, q-PSO for feature selection, and an enhanced Adam optimizer with quantum momentum for fine-tuning, consequently greatly reducing model convergence time. This new algorithm exploits quantum superposition states to visit many different parameter configurations at the same time, while a customized entropy-based loss function guides optimization towards the best accuracy in disease detection. With 50,000 tomato leaf images in the test dataset, experimental results suggest this hybrid approach performs better than conventional optimization methods: it achieves 98.5% accuracy when identifying four major tomato diseases (early blight, late blight, leaf mold and mosaic virus) and reduces training time by almost two-thirds. The system keeps working well in many differentenvironmentalstates and periods for the growth of tomato plants. This sets a new benchmark for efficient and accurate plant disease detection. © 2026 selection and editorial matter, K. V. Sambasivarao, and Anasuya Sesha Roopa Devi Bhima; individual chapters, the contributors. All rights reserved.",1,2026,10.1201/9781003740100-89,https://www.scopus.com/pages/publications/105030814852?origin=resultslist,Rafli,Include,QViT,q-PSO; Adam,50;000 tomato leaf images,-,Waktu konvergensi model yang lama pada metode optimasi konvensional; butuh deteksi yang efisien dan akurat.
Han Y.; Jeon W.; Kim T.; Chung S.,"Han, Yunseok (60253548300); Jeon, Woosang (59584236900); Kim, Taehyeong (57205305072); Chung, Soo (57197859139)",LeafVision: Self-supervised agricultural vision foundation models for plant disease classification,"Plant disease diagnosis faces significant challenges due to data scarcity and the limitations of general-purpose pretrained models for agricultural applications. While ImageNet-pretrained models are widely used for transfer learning, they often fail to capture the subtle visual characteristics essential for accurate plant disease classification. We introduce LeafVision, a self-supervised agricultural vision foundation model pretrained on 540,013 plant leaf images from diverse publicly available sources. We evaluate three prominent self-supervised learning methods – Simple framework for Contrastive Learning of Visual Representations (SimCLR), Bootstrap Your Own Latent (BYOL), and Self-Distillation with No Labels (DINO) – across multiple backbone architectures, including Residual Networks (ResNets), EfficientNets, and Vision Transformers, under data-scarce conditions. Our results demonstrate that DINO-pretrained LeafVision models consistently outperform ImageNet-pretrained counterparts across all tested architectures and datasets, with particularly substantial improvements in extremely data-scarce scenarios. Qualitative analysis through feature visualization and saliency mapping reveals that LeafVision learns more discriminative representations, forming well-separated feature clusters and focusing on physiologically meaningful leaf regions. These findings validate the effectiveness of domain-specific pretraining for agricultural computer vision and demonstrate LeafVision’s potential to advance precision agriculture technologies in settings with limited labeled data. Copyright © 2026. Published by Elsevier Ltd.",1,2026,10.1016/j.engappai.2026.114660,https://www.scopus.com/pages/publications/105034706363?origin=resultslist,Rafli,Include,ViT,SimCLR; BYOL; DINO; ResNet; EfficientNet,540;013 plant leaf images; ImageNet,-,Kelangkaan data (data scarcity) dan keterbatasan model pre-trained umum dalam menangkap karakteristik visual halus tanaman.
Potharaju S.; Singh A.; Singh D.; Tambe S.N.; Kantipudi P.M.V.V.; Kiranmai B.,"Potharaju, Saiprasad (57202447602); Singh, Arun (57215740436); Singh, Dalwinder (57553865500); Tambe, Swapnali N. (57387834300); Kantipudi, Prasad MVV (57158399800); Kiranmai, B. (57217223443)",An explainable vision transformer model with transfer learning for accurate bean leaf disease classification,"Early identification of bean leaf diseases, particularly Angular Leaf Spot and Bean Rust, is vital for ensuring crop productivity and global food security, especially within smallholder farming systems where disease outbreaks can rapidly escalate and cause severe yield losses. Conventional disease identification through visual inspection is labor-intensive, subjective, and highly dependent on expert knowledge, making it impractical for large-scale agricultural monitoring. Although recent deep learning-based approaches have demonstrated impressive accuracy in plant disease classification, their inherent “black-box” nature significantly limits real-world adoption, as farmers and agronomists often lack the ability to understand, trust, or act upon unexplained predictions. To address these challenges, this study proposes an automated and explainable disease diagnostic framework based on a Vision Transformer (ViT-B/16) architecture optimized through transfer learning from ImageNet. Unlike traditional convolutional neural networks that primarily focus on localized features, the Vision Transformer processes images as a sequence of flattened patches and leverages self-attention mechanisms to capture long-range dependencies and global contextual patterns across the entire leaf surface. This global representation enables the model to detect subtle and spatially distributed disease symptoms that are often overlooked by CNN-based approaches. To further enhance transparency and interpretability, GradCAM + + is integrated into the framework as an explainable artificial intelligence (XAI) mechanism. This method generates class-specific heatmaps that visually highlight the exact pathological regions influencing the model’s predictions, thereby establishing a human-interpretable validation loop for farmers, agronomists, and domain experts. The proposed framework was evaluated on the publicly available I-Bean dataset, achieving a validation accuracy of 97.52% along with strong precision, recall, and F1-score performance. The generated GradCAM + + visualizations consistently demonstrate the model’s sensitivity to true diseased regions, reinforcing both the reliability and trustworthiness of its predictions. By combining high-capacity global feature learning with visual explainability, the proposed approach offers a scalable, transparent, and practical solution for real-world precision agriculture. This framework not only enhances diagnostic accuracy but also bridges the critical gap between model performance and user trust, enabling informed decision-making and timely disease management in modern farming environments. © The Author(s) 2026.",1,2026,10.1038/s41598-026-41723-9,https://www.scopus.com/pages/publications/105034648094?origin=resultslist,Rafli,Include,ViT,CNN; Grad-CAM++,I-Bean dataset; ImageNet,-,"Inspeksi visual padat karya dan subjektif; sifat ""black-box"" DL membatasi adopsi karena kurangnya kepercayaan pengguna."
Hoang T.-M.; Bui V.-H.; Nguyen V.-S.; Doan D.-T.; Dang H.-A.; Pham A.-T.,"Hoang, Trong-Minh (55387247100); Bui, Van-Hau (57189213138); Nguyen, Van-Son (57214466559); Doan, Duc-Thang (59900501100); Dang, Hoang-Anh (60585622500); Pham, Anh-Thu (57155768600)",A comprehensive evaluation of lightweight deep learning models for tomato disease classification on edge computing environments,"To achieve agricultural automation, deep learning applications for early and accurate disease detection in tomato plants have been extensively developed. However, there is a fundamental trade-off between computational efficiency and diagnostic accuracy in resource-constrained agricultural edge environments. This paper proposes an evaluation framework for seven architectures that represent standard, efficient, and hybrid CNN structures to assess their implementation potential. Through evaluations of explainability, computational efficiency, and diagnostic performance, seven lightweight architectures (ShuffleNetV2, MobileNetV3-Small, SqueezeNet, MobilePlantViT, DenseNet121, ResNet50, and VGG16) are thoroughly examined. Three significant findings are derived from experiments conducted on a subset of tomato diseases in the PlantVillage dataset. First, the MobilePlantViT architecture accurately strikes the ideal balance between efficiency and performance. Second, in order to quantitatively assess the explainability of XAI models (Grad-CAM, SHAP, and LIME) and identify the best option for edge devices, we propose the perturbation stability score (PSS) metric. Third, we test CPU inference measurements to better reflect the actual scenario and find that the hybrid design effectively leverages parallel computing. According to these findings, MobilePlantViT is the ideal architecture for applications that require operation on edge devices with limited resources and achieve high diagnosis accuracy (above 99.5%). © The Author(s) 2026.",1,2026,10.1038/s41598-026-42439-6,https://www.scopus.com/pages/publications/105035885862?origin=resultslist,Rafli,Include,MobilePlantViT,DL; CNN; ShuffleNetV2; MobileNetV3-Small; SqueezeNet; DenseNet121; ResNet-50; VGG16; Grad-CAM; SHAP; LIME,PlantVillage (tomato subset),-,Trade-off antara efisiensi komputasional dan tingkat akurasi diagnosis di lingkungan komputasi edge yang serba terbatas.
Rajput R.; Budihal S.; Siddamal S.; Torse D.,"Rajput, Rithambara (57462782600); Budihal, Suneeta (23984409200); Siddamal, Saroja (24823082800); Torse, Dattaprasad (56126490200)",A Lightweight Convolutional Neural Network with Neighbourhood Attention and a 100-Category Dataset for Plant Disease Detection,"Plant disease detection is vital for agricultural sustainability and food security. While Convolutional Neural Networks (CNNs) and Vision Transformers (ViTs) have achieved high accuracy in this domain, CNNs often require millions of parameters and substantial computation. ViTs suffer from the quadratic time and space complexity of self-attention (SA), limiting their use on resource-constrained devices. Although SA is capable of modelling long-range dependencies when symptoms are dispersed, many plant diseases exhibit small, localized lesions or texture changes; therefore, Neighborhood Attention (NA) offers a more efficient and targeted alternative by focusing on nearby regions rather than the entire image. This work proposes a custom Localized NA block implemented in TensorFlow/Keras that operates directly on CNN feature maps, bypassing patch embedding and transformer modules. A lightweight CNN is then developed by combining depth-wise separable convolutions with the proposed localized NA block. In addition, a 100-category plant disease dataset covering 16 crops is presented. The dataset is curated, class-balanced, and made publicly available to support reproducibility and encourage further research. The proposed 9-layer CNN, with just 1.7M parameters and a size of 6.74 MB, achieved a favorable balance between accuracy, model size, and computational efficiency, compared with MobileNetV1, MobileNetV2, DenseNet121, InceptionV3, MobileViT-XXS, and EfficientViT-M0, achieving 98.97%± 0.33% accuracy on PlantVillage and 93.36%± 0.28% on the proposed dataset. The ablation study showed that the NA block improved test accuracy by approximately 2–3%, while Grad-CAM visualizations indicated more precise targeting of diseased areas in the leaf image. © 2026, Modern Education and Computer Science Press. All rights reserved.",0,2026,10.5815/ijem.2026.03.12,https://www.scopus.com/pages/publications/105041011225?origin=resultslist,Rafli,Include,ViT; MobileViT-XXS; EfficientViT-M0,CNN; CNN IV3; MobileNetV1; MobileNetV2; DenseNet121; Grad-CAM,PlantVillage; 100-category plant disease dataset,-,CNN butuh jutaan parameter/komputasi berat; ViT memiliki kompleksitas waktu/ruang kuadratik dari self-attention.
Vithalani S.K.; Dabhi V.K.,"Vithalani, Sunil K. (60389437000); Dabhi, Vipul K. (24823939300)",A Novel Deep Learning Approach for Tomato Leaf Disease Detection Using Optimized CNN Architecture,"Early disease detection in plants is essential for sustaining agricultural yield and guaranteeing food security. A comparative analysis of transformer-based and convolutional based deep learning models for classifying tomato leaf diseases is presented. Specifically, it examines the performance of a Vision Transformer (ViT), tested both in a form of scratch training setup and through transfer learning, against well-known CNN architectures such as Inception V3, VGG16, ResNet50, and a customdesigned lightweight CNN. This is one of the few studies to rigorously benchmark ViT against CNNs in the context of agricultural disease detection using the PlantVillage dataset. The fine-tuned ViT model delivered the best results, achieving an accuracy of 95.53%, significantly outperforming all CNN counterparts. The lightweight CNN demonstrated strong performance with 93.12% accuracy, while offering clear benefits in terms of smaller model size and reduced computational cost making it well-suited for ondevice or edge-level applications. Conversely, the ViT model trained from scratch underperformed due to dataset constraints, reinforcing the necessity of transfer learning for transformer architectures. Evaluation metrics included recall, accuracy, F1-score, and precision, which collectively illustrated the trade-off between high-capacity models and deployment feasibility. The main contribution of this work lies in introducing transformer-based learning into the plant pathology domain and the presentation of a scalable, low-computation alternative via lightweight CNNs. Future directions involve enlarging the dataset, integrating explainable AI techniques, and enabling real-time applications for precision agriculture. © 2026 Sunil K. Vithalani and Vipul K. Dabhi. This open-access article is distributed under a Creative Commons Attribution (CC-BY) 4.0 license",0,2026,10.3844/jcssp.2026.47.60,https://www.scopus.com/pages/publications/105030088310?origin=resultslist,Rafli,Include,ViT,CNN; CNN IV3; VGG16; ResNet-50,PlantVillage,-,Model ViT underperformed jika dilatih dari awal karena keterbatasan dataset; trade-off antara model berkapasitas tinggi dan kelayakan deployment.
Ganesh Shanker S.; Hemavathi D.,"Ganesh Shanker, S. (60652524200); Hemavathi, D. (57200079236)",SPECTRAL-AWARE DEEP LEARNING: ENHANCING PLANT DISEASE DETECTION WITH MULTISPECTRAL IMAGING AND TRANSFORMERS,"The conventional disease-detecting approaches tend to be based on the RGB imagery that does not capture the first unnoticeable signs and symptoms of plant infections. To address this deficiency, we propose a deep learning architecture based on multispectral imaging and Vision Transformer (ViT-B16) architecture will be proposed to perform accurate, robust, and early detection of diseases in different species of crops. It relies on the detection of six spectral bands (RGB + NIR) acquired by a multispectral camera and are useful in exposing pigment degradation, water stress, and other disease signs that could not be found using a conventional camera. A hand-labeled set of 4,500 multispectral images (Healthy, Early Blight, Late Blight and Powdery Mildew) is augmented significantly with data augmentation such as injection of spectral noise, rotated and brightness varied. All the images are transformed in a standard form of 224 x 224 x 6 to comply with requirements as a input. Through spectral rich image patches under a CNN model can associate patterns in space and the spectrogram domain. Also, a spectral feature fusion approach enhances the performance by linking visual indicators to unknown physiological stress indications. Transfer learning, based on ImageNet-21K pretrained weights are used to fine-tune the network, which greatly increases its accuracy, and minimizes the computational costs. Extensive tests prove the strength of the system in different field scenarios, making it possible to use it in real time, on drones, mobile scanners, and precision agriculture systems. © The Institution of Engineering & Technology 2025.",0,2026,10.1049/icp.2025.4765,https://www.scopus.com/pages/publications/105040132913?origin=resultslist,Rafli,Include,ViT,DL; CNN,4;500 multispectral images; ImageNet-21K,-,Pendekatan konvensional berbasis RGB tidak dapat menangkap tanda dan gejala awal infeksi tanaman yang tidak kasat mata.
Saritha M.; Rasane K.,"Saritha, M. (60573574800); Rasane, Krupa (57863517300)",An ensemble of vision and swin transformers with LLM-based explanations for sugarcane leaf disease diagnosis,"Sugarcane diseases significantly reduce crop yield and quality, posing persistent challenges to the agricultural sector. This study presents a novel ensemble framework that integrates Vision Transformer and Swin Transformer architectures for accurate sugarcane leaf disease detection. By combining global self-attention with localized window-based attention mechanisms, the proposed model effectively captures multi-scale visual features associated with diverse disease symptoms. Experimental evaluation on a large, labeled sugarcane leaf dataset achieved a validation accuracy of 98.16% and a test accuracy of 97.06%, outperforming several convolutional neural network baselines. Additionally, a large language model (LLM) interface is employed as a post-prediction decision-support module, generating disease-specific descriptions and management suggestions based solely on the predicted disease class. This integrated framework indicates the potential effectiveness of transformer-based ensemble models combined with intelligent advisory support for practical decision-making in precision agriculture. © The Author(s) 2026.",0,2026,10.1038/s41598-026-45453-w,https://www.scopus.com/pages/publications/105034941499?origin=resultslist,Rafli,Include,ViT; Swin-T,CNN; LLM,Large labeled sugarcane leaf dataset,-,Penyakit tebu mengurangi hasil dan kualitas panen; butuh ekstraksi fitur multi-skala dan modul dukungan keputusan.
Tovar A.M.; Hernández C.V.; Martinez-Santos J.C.; Puertas E.,"Tovar, Andrea Menco (59500271400); Hernández, Caleb Villalba (60171513900); Martinez-Santos, Juan Carlos (26325154200); Puertas, Edwin (57202285682)","SAPSAI – System for Acquisition, Preprocessing, and Storage of Agricultural Images","This paper presents SAPSAI (sap-sigh) – System for Acquisition, Preprocessing, and Storage of Agricultural Images, a modular and scalable system for the acquisition, preprocessing, and structured storage of agricultural images aimed at enhancing early crop disease diagnosis. The proposed solution integrates a web application that allows non-expert users to directly capture leaf images and a microservice powered by a Vision Transformer (ViT) model responsible for validating and classifying leaves based on their morphology. We trained the ViT model from scratch on a reorganized dataset grouped by leaf type. We achieved an average accuracy of 73.64% on the test set. The results show high performance for well-represented classes, highlighting challenges in distinguishing morphologically similar categories. The system enables the collaborative construction of high-quality datasets, supporting the subsequent training of disease classification models. This approach promotes the adoption of intelligent technologies in precision agriculture, contributing to improved efficiency and sustainability in crop production. © The Author(s), under exclusive license to Springer Nature Switzerland AG 2026.",0,2026,10.1007/978-3-032-08206-0_28,https://www.scopus.com/pages/publications/105020787948?origin=resultslist,Rafli,Include,ViT,DL,Reorganized dataset grouped by leaf type,-,Tantangan dalam membedakan kategori daun yang secara morfologis sangat mirip.
Telsang S.; Ninawe N.; Pagar P.; Nikam S.; Agarwal O.,"Telsang, Supriya (59421082000); Ninawe, Nishant (60559831900); Pagar, Piyush (58788430500); Nikam, Surabhi (60560424800); Agarwal, Om (60559684500)",Agri Hub: The Farmer's Digital Partner (Central platform for all farming needs),"Indian farming, which accounts for 45% of the total workforce and 18% GDP, has faced challenges such as disease outbreaks, wrong choice of crops, loss of profit due to intermediaries, and fragmented technology. This paper proposes a multilingual AI-driven digital farming platform named ""AgriConnect,""which combines disease diagnosis of crops, choice of crops, prediction of the crop calendar, and lastly a farmer-seller market into one. This platform has a scalable three-tier architecture that combines a React and Vite frontend, a Node.js and Express backend with MongoDB, and finally a FastAPI machine learning inference service. Plant disease diagnosis is processed by a Vision Transformer Model ""google/vit-base-patch16-224-in21k,""which was fine-tuned on an increased PlantVillage dataset with 38 classes. The top-1 validation accuracy reached 95.12%. With the combination of disease diagnosis, choice of crops, prediction of the crop calendar, and finally creating a farmer-seller market, the tool has brought an end to tool fragmentation, which is part of the aims of Agriculture 4.0 enabled by technology. © 2026 IEEE.",0,2026,10.1109/IC-ICNS68863.2026.11537600,https://www.scopus.com/pages/publications/105042285647?origin=resultslist,Rafli,Include,ViT,ML,PlantVillage,India,"Wabah penyakit, salah pilih tanaman, hilangnya keuntungan karena perantara, dan teknologi pertanian yang terfragmentasi."
Ghannam N.E.; Mancy H.; Fathy A.M.; Mahareek E.A.,"Ghannam, Naglaa E. (57209745379); Mancy, H. (57214818097); Fathy, Asmaa Mohamed (60354034100); Mahareek, Esraa A. (57224225012)",Ontology-Enhanced Deep Learning for Early Detection of Date Palm Diseases in Smart Farming Systems,"Early and accurate date palm disease detection is the key to successful smart farming ecosystem sustainability. In this paper, we introduce DoST-DPD, a new Dual-Stream Transformer architecture for multimodal disease diagnosis utilizing RGB, thermal and NIR imaging. In contrast with standard deep learning approaches, our model receives ontology-based semantic supervision (via per-dataset OWL ontologies), enabling knowledge injection via SPARQL-driven reasoning during training. This structured knowledge layer not only improves multimodal feature correspondence but also restricts label consistency for improving generalization performance, particularly in early disease diagnosis. We tested our proposed method on a comprehensive set of five benchmarks (PlantVillage, PlantDoc, Figshare, Mendeley, and Kaggle Date Palm) together with domain-specific ontologies. An ablation study validates the effectiveness of incorporating ontology supervision, consistently improving the performance across Accuracy, Precision, Recall, F1-Score and AUC. We achieve state-of-the-art performance over five widely recognized baselines (PlantXViT, Multi-ViT, ERCP-Net, andResNet), with our model DoST-DPD achieving the highest Accuracy of 99.3% and AUC of 98.2% on the PlantVillage dataset. In addition, ontology-driven attention maps and semantic consistency contributed to high interpretability and robustness in multiple crop and imaging modalities. Results: This work presents a scalable roadmap for ontology-integrated AI systems in agriculture and illustrates how structured semantic reasoning can directly benefit multimodal plant disease detection systems. The proposed model demonstrates competitive performance across multiple datasets and highlights the unique advantage of integrating ontology-guided supervision in multimodal crop disease detection. © 2026 by the authors.",0,2026,10.3390/agriengineering8010029,https://www.scopus.com/pages/publications/105028710027?origin=resultslist,Rafli,Include,DoST-DPD; PlantXViT; Multi-ViT,DL; ERCP-Net; ResNet,PlantVillage; PlantDoc; Figshare; Mendeley; Kaggle Date Palm,-,Kurangnya lapisan pengetahuan terstruktur (semantic supervision) pada deep learning standar untuk korespondensi fitur multimodal.
Tejaswini N.; Vivek K.; Basha S.J.,"Tejaswini, Nidamanuri (57207778211); Vivek, Kolla (57456869400); Basha, Shaik Johny (57216362307)",A Hybrid Deep Belief Network and Vision Transformer Model for Peanut Leaf Disease Classification,"Progressive and precise detection of peanut leaf diseases is vital for enhancing crop output, reducing pesticide overuse, and promoting sustainable agriculture. Recent Deep Learning (DL) approaches such as Convolutional Neural Networks (CNNs) and Vision Transformers (ViT) have demonstrated promising results; however, their performance is often constrained by limited labeled datasets, class imbalance, and insufficient feature robustness. To tackle these issues, this study introduces an innovative hybrid architecture that combines a Deep Belief Network (DBN) with a ViT for the automated classification of peanut leaf diseases. The DBN is employed as an unsupervised feature learning module to extract robust and discriminative representations from raw leaf images, effectively capturing underlying disease patterns even with limited labeled data. These learned features are subsequently fused with the ViT architecture, enabling enhanced global context modeling through multi-head self-attention. Extensive experimentation on a curated peanut leaf disease dataset demonstrates that the proposed DBN-ViT model achieves a classification accuracy of 98%, outperforming conventional CNN-based and standalone transformer models. © 2026 IEEE.",0,2026,10.1109/ICMSCI67830.2026.11469243,https://www.scopus.com/pages/publications/105037923255?origin=resultslist,Rafli,Include,ViT,DBN; CNN,Curated peanut leaf disease dataset,-,"Performa model terkendala oleh dataset berlabel yang terbatas, ketidakseimbangan kelas, dan fitur yang kurang robust."
Prakash P.S.; Ramu M.; Varshini A.; Pallavi D.; Sonasiri C.; Mythreyai Naga Satya A.G.,"Prakash, P. Suman (60689832700); Ramu, M. (57202906506); Varshini, Ayanala (60690098400); Pallavi, Dandu (60688187800); Sonasiri, Chintha (60690098500); Mythreyai Naga Satya, Appalaraju Gari (60689832800)",Design and Performance Evaluation of a CNN-Vision Transformer Hybrid Model for Plant Disease Classification,"Leaf diseases in plants can significantly impact crop yields and may even cause severe financial loss. Hence, early and accurate detection of such diseases in plants plays an important role in agricultural practices. Although deep learning has shown significant improvement in detecting plant diseases, identifying visual details as well as leaf patterns simultaneously in an accurate manner remains a challenge. In consideration of such a problem, this research aims to develop a model based on a hybrid deep learning approach that combines Convolutional Neural Networks (CNN) and a Vision Transformer (ViT) for plant disease classification. The model has shown promising results in the Apple and Corn leaf datasets available publicly. The experimental results have achieved a high training accuracy rate of 99.8%, and a high validation accuracy rate of 98.7%. Also, the model has exhibited good learning behavior and accurate classification results. © 2026 IEEE.",0,2026,10.1109/ICICT68280.2026.11510884,https://www.scopus.com/pages/publications/105041651799?origin=resultslist,Rafli,Include,ViT,CNN,Apple and Corn leaf datasets,-,Tantangan dalam mengidentifikasi detail visual sekaligus pola daun secara bersamaan dengan akurat.
Paul A.A.; Tawhid S.M.; Mohim A.K.; Nandi D.,"Paul, Amit Arpon (60706639400); Tawhid, S.M. (60685869700); Mohim, Abdul Kader (60685258200); Nandi, Dip (57204313928)",Explainable Hybrid CNN-Transformer Framework for Papaya Leaf Disease Classification with Layer-Wise Grad-CAM Analysis,"While deep learning achieves high accuracy in plant disease classification, its black-box nature limits adoption by agricultural practitioners who require transparent and interpretable predictions for decision-making. This paper presents a hybrid CNN-Transformer framework with systematic layerwise interpretability that combines convolutional neural networks with vision transformers to prioritize model transparency alongside competitive classification accuracy. Unlike existing hybrid approaches that apply single-layer visualization, this work introduces a systematic multi-depth Grad-CAM analysis that captures progressive feature evolution from edge detection through texture analysis to disease-region localization, revealing hierarchical diagnostic reasoning unavailable in standard singlelayer explanations. Five-fold stratified cross-validation demonstrates performance statistically comparable to high-performing CNN and Transformer baselines, with the key distinction being multi-level interpretability rather than superior accuracy. Quantitative evaluation through the Pointing Game localization protocol achieves 87.3% accuracy on expert-annotated disease regions. Robustness evaluation under synthetic perturbations shows graceful performance degradation, though real-world field validation remains future work. © (2026), (AIUB Office of Research and Publication). All Rights Reserved.",0,2026,10.53799/vxkj7t08,https://www.scopus.com/pages/publications/105042654494?origin=resultslist,Rafli,Include,ViT,CNN; Grad-CAM,Not mentioned in abstract,-,"Sifat ""black-box"" dari deep learning membatasi adopsi oleh praktisi pertanian yang membutuhkan transparansi."
Haruna Y.; Qin S.; Lawan A.; Chukkol A.H.A.; Haruna Abdulhamid I.,"Haruna, Yunusa (60265182000); Qin, Shiyin (7202726942); Lawan, Adamu (57331147800); Chukkol, Abdulrahman Hamman Adama (58696665900); Haruna Abdulhamid, Ibrahim (60265072400)",KonvLiNA: integrating Kolmogorov-Arnold network with linear Nyström attention for feature fusion in crop disease detection,"Accurate crop disease detection is critical for optimizing input usage and improving yield in precision agriculture. This paper presents KonvLiNA, a modular, anchor-free, single-stage object detection model optimized for crop disease detection. The model introduces an Adaptive KAN Swin Encoder (AKSE) as its backbone, combining Kolmogorov–Arnold Networks (KAN), Swin Transformer blocks, and a gating mechanism for multi-scale feature extraction. For multi-scale feature fusion, KonvLiNA integrates KAN-Enhanced Feature Aggregation in BiFPN (KEFAB), designed for efficient cross-scale information flow. To mitigate information loss during upsampling, an Enhanced Nyström Attention Up-sample (eNAU) module applies Nyström-approximated self-attention to preserve spatial information before fusion. Detection is performed using an anchor-free head with compact KAN layers (cKAN-Head), which predicts classes and bounding boxes regression without predefined anchors. Extensive experiments on several popular datasets shows improvements. For instance, in Rice Leaf Disease detection, KonvLiNA improves average precision (AP) by 4.3% over Faster R-CNN + FPN, 3.5% over YOLOv8, and 0.8% over DINO. Similarly, average recall (AR) increases by 5.7% over Faster R-CNN + FPN, 4.4% over YOLOv8, and 3.8% over DINO, highlighting its robust detection performance across diverse scenarios. Other evaluation includes, PlantVillage, Coconut, Sugarcane, CCMT-Cashew, Cassava, CCMT-Maize, CCMT-Tomato, and COCO for generalization. These results support KonvLiNA as a robust and efficient solution for accurate crop disease detection across varied agricultural conditions https://github.com/yunusa2k2/KonvLiNA. © The Author(s), under exclusive licence to Springer-Verlag GmbH Germany, part of Springer Nature 2025.",0,2026,10.1007/s00530-025-02126-4,https://www.scopus.com/pages/publications/105026454023?origin=resultslist,Rafli,Include,Swin-T; DINO,KAN; Faster R-CNN; FPN; YOLOv8,Rice Leaf Disease; PlantVillage; Coconut; Sugarcane; dll,-,Hilangnya informasi selama proses upsampling dan kebutuhan aliran informasi lintas skala yang efisien.
Kaur A.; Sandhu A.,"Kaur, Amandeep (60696600400); Sandhu, Archana (58783835800)",Plant MAE-prompt: Lesion-aware Self-supervised Pretraining with Hierarchical Prompt Tuning for Cross-crop Overlapped Disease Detection in Corn and Tomato Leaves,"Inter-class visual overlap is one of the critical factors inhibiting automated detection of foliar diseases in corn (Zea mays) and tomato (Solanum lycopersicum), where morphologically similar symptoms across crop species, including Cercospora Gray Leaf Spot in corn and Septoria Leaf Spot in tomato, are misclassified by conventional deep learning classifiers. Current methods also have the disadvantage of significantly reduced performance under field conditions (not in the laboratory). To address these problems, this paper presents PlantMAE-Prompt, a new three-phase deep neural network evaluated on PlantVillage and PlantDoc. Phase 1 introduces a Lesion-Aware Masking (LAM) strategy, biasing Masked Autoencoder (MAE) pretraining toward pathologically informative regions using CIELAB color-space saliency priors, compelling the Vision Transformer (ViT) encoder to acquire disease-discriminative features. Phase 2 proposes Hierarchical Prompt Tuning (HPT) which decomposes learnable prompt tokens into shared, crop-specific, and disease-specific levels with orthogonality penalty, training only 2.1 (≈1.8M) of the total parameters of the frozen encoder. Phase 3 uses Overlap-Aware Contrastive Fine-Tuning (OACFT) that detects confusable disease pairs from the evolving confusion matrix and resolves them via pair-specific prompts and adaptive margin-based contrastive optimization. To eliminate train-test mismatch, the same top-K prompt evaluation rule used at inference is also applied during training, ensuring that no privileged label information is exploited. It has been experimentally demonstrated that, compared to state-of-the-art methods, PlantMAE-Prompt has an accuracy of 98.73 on PlantVillage and 78.64 on the cross-domain PlantVillage → PlantDoc setting, +1.11 and +9.22 higher, respectively, and is about 52-fold more parameter-efficient (1.8M vs Computational cost is also audited with training FLOPs, peak GPU memory and inference latency at equal 224x224 input and equal hardware. The complementary nature of each suggested element is confirmed by ablation experiments, statistical significance (p < 0.001) measurement and t-SNE plots. This article is licensed under a Creative Commons Attribution-ShareAlike 4.0 International License. https://creativecommons.org/licenses/by-sa/4.0/",0,2026,10.22266/ijies2026.0731.06,https://www.scopus.com/pages/publications/105042392699?origin=resultslist,Rafli,Include,ViT; MAE,DL,PlantVillage; PlantDoc,-,Tumpang tindih visual antar-kelas dan penurunan performa di kondisi lapangan (bukan di laboratorium).
Zidan S.H.; Imran A.; Mia K.; Hussain M.; Haque Dhrubo A.F.; Qayum M.A.,"Zidan, Sifat Haque (60607687600); Imran, Al (57204101366); Mia, Kayes (60607570500); Hussain, Muhammad (55421370400); Haque Dhrubo, Ahmed Faizul (60113734200); Qayum, Mohammad Abdul (55489588500)",PlantaNet and PlantaNetLite: Efficient and explainable multi-crop plant disease classification via transformer benchmarking and custom lightweight CNNs,"Plant disease diagnosis based on visual symptoms is crucial for preventing yield loss; however, deployment in practical settings remains challenging due to inter-class similarity, background noise, and limited computational resources. This study presents a plant disease classification framework evaluated on a curated multi-crop dataset aggregated from multiple publicly available repositories, comprising 51 disease and healthy classes. The dataset includes approximately 45,000 original images that were expanded through controlled augmentation during training to improve generalization. We benchmark eight ImageNet-pretrained tiny vision transformer architectures trained for up to 50 epochs. Among these, CAFormer-s18 achieved strong validation performance but with increased computational overhead. To enable efficient and computationally lightweight solutions, we design two fully customized convolutional neural networks: PlantaNetLite (1.28M parameters) and PlantaNet (2.58M parameters). After hyperparameter optimization and full 100-epoch training, PlantaNet achieved 99.37% validation accuracy and 99.66% test accuracy with a compact model size (9.85 MB) and moderate computational cost, while PlantaNetLite achieved a best validation accuracy of 99.22% under further parameter reduction. Qualitative Grad-CAM and Grad-CAM++ analyses provide insight into the regions influencing model predictions. Overall, the proposed models demonstrate competitive accuracy while maintaining computational efficiency, highlighting their potential suitability for resource-constrained deployment scenarios. © 2026 Public Library of Science. All rights reserved.",0,2026,10.1371/journal.pone.0346977,https://www.scopus.com/pages/publications/105036905506?origin=resultslist,Rafli,Include,CAFormer-s18,CNN; PlantaNetLite; PlantaNet; Grad-CAM; Grad-CAM++,Curated multi-crop dataset (~45;000 images; 51 classes),-,"Penerapan di lapangan terhambat kemiripan antar-kelas, noise latar belakang, dan sumber daya komputasi yang terbatas."
Sönmez D.P.; Kılıç A.,"Sönmez, Demet Parlak (60680070500); Kılıç, Şafak (60679470400)",PlantPathNet: a novel network based on cross-layer feature integration for plant disease classification,"Introduction – Reliable identification of plant diseases from leaf images is essential for effective crop monitoring and the prevention of yield deterioration. With the growing adoption of deep learning in agricultural applications, convolutional neural network–based classifiers have demonstrated notable success in visual plant disease recognition. Methods – In this study, we propose PlantPathNet, a purpose-built deep learning architecture for plant disease classification. Input images are transformed from the RGB to the HSV color space to enhance the representation of disease-related visual features. A novel Cross-layer Feature Integration Module (CFIM) is introduced to effectively aggregate discriminative features across multiple network depths. Additionally, an efficient channel attention mechanism based on ECANet is incorporated to emphasize disease-relevant representations. The model is optimized using a composite loss function combining modified softmax loss and center loss to address class imbalance and improve feature separability. Results – Extensive experiments conducted on the PlantVillage dataset demonstrate that PlantPathNet outperforms several state-of-the-art models, including ResNet-50, Inception-V3, DenseNet121, VGG16, and Vision Transformer-based approaches. The proposed model achieves an overall accuracy of 99.57%, precision of 99.52%, recall of 99.54%, F1-score of 99.53%, and an AUROC of 99.84%. Discussion – The results indicate that the integration of HSV-based preprocessing, CFIM, and channel attention significantly enhances classification performance. The proposed framework provides a robust and efficient solution for automated plant disease diagnosis and has strong potential for real-world agricultural applications. Copyright © 2026 Sönmez and Kılıç.",0,2026,10.3389/fpls.2026.1783576,https://www.scopus.com/pages/publications/105041058308?origin=resultslist,Rafli,Include,ViT,PlantPathNet; CNN; ResNet-50; CNN IV3; DenseNet121; VGG16; ECANet,PlantVillage,-,Ketidakseimbangan kelas dan kebutuhan untuk mengintegrasikan fitur diskriminatif di berbagai kedalaman jaringan.
Karande S.; Garg B.,"Karande, Shital (58991511400); Garg, Bindu (36918208900)",Multiple crop disease detection with optimized Vision Transformers,"The field of agriculture has witnessed a growing need for efficient and accurate methods for plant disease diagnosis to ensure crop health and maximize yield. This paper introduces an optimized technique for detecting plant disease using the vision transformer (ViT) model. The proposed system leverages the power of ViTs which are modern deep learning architecture that has demonstrated recognizable success in various computer vision real time problems. The proposed Vision Transformer combines local feature extraction strengths of convolutional neural networks (CNNs) with local and global feature extraction of transformers, offering a robust and scalable solution for plant disease detection. Experimentation carried out on multiple crops images to evaluate performance based on number of parameters and training time. The Vision Transformers are optimized with hyperparameters like input size, number of layers, batch size, patch size etc. The paper presents promising results for early-stage diagnosis and correct detection of plant diseases in comparison with traditional convolutional neural networks. The proposed model will help in farming by timely intervention and resource optimization for sustainable agriculture development. The paper presents research work for fifteen disease classes of three crops. The proposed model is achieving better accuracy of 0.97 whereas popular convolutional neural network VGG16 is of 0.87 and ResNet is 0.90. © 2026 selection and editorial matter, Bal S. Virdee, Tanweer Ali, Jaume Anguera and Suman Lata Tripathy individual chapters, the contributors.",0,2026,10.1201/9781003773504-84,https://www.scopus.com/pages/publications/105033961670?origin=resultslist,Rafli,Include,ViT,CNN; VGG16; ResNet,Multiple crops images (15 disease classes),-,"Kebutuhan akan metode ekstraksi fitur gabungan (lokal dan global) yang efisien, robust, dan dapat diskalakan."
Shafik W.; Tufail A.; De Silva L.C.; Apong R.A.A.H.M.,"Shafik, Wasswa (57210203704); Tufail, Ali (24767119700); De Silva, Liyanage Chandratilak (7005618360); Apong, Rosyzie Anna Awg Haji Mohd (57221563102)",Lightweight vision transformer and ResNet-9 models for real-time plant disease detection and pest classification with SHAP explainability,"Context: The rapid advancement of digital technologies alongside increased global commitment to sustainability has intensified the need for efficient crop management solutions. Across agricultural systems, delayed detection and misclassification of plant diseases remain major contributors to reduced yields, threatening food security and undermining progress toward Sustainable Development Goals such as Zero Hunger, No Poverty, Good Health and Well-being, Climate Action, and Life on Land. Plant pests, diseases, and excessive chemical use further exacerbate these challenges. Early, automated visual detection offers a pathway to environmentally responsible and economically viable agricultural practices. Objective: This study aims to develop and evaluate an automated, real-time plant disease classification framework using Vision Transformers (ViT) and hybrid ViT–CNN architectures, with the goal of supporting farmers and agronomists in early decision-making and sustainable crop protection. Methods: The research employs deep learning techniques, including ViT and a combined ViT–CNN model built on ResNet-9, trained and evaluated using four publicly available datasets: the Turkey Plant Pests and Diseases (TPPD) dataset (15 classes), the Namibia Maize Image Dataset (3 classes), the Banana Image Dataset (3 classes), and the Tanzania Maize Dataset (3 classes). SHapley Additive exPlanations (SHAP) were applied to generate saliency maps for interpretability. Comparative analyses assessed performance, accuracy, and classification speed across attention-based and hybrid architectures. Results and conclusions: The proposed model achieved strong performance with 97.4% accuracy, 96.4% precision, 97.09% recall, a 95.7% F1-score, and high agreement measured by Cohen’s Kappa, outperforming existing benchmark models. SHAP visualizations highlighted that the model leverages high-activation areas, edge features, color patterns, texture, shape, and contextual cues in its predictions. While attention-based models improved accuracy, they also caused reduced classification speed. However, integrating attention blocks with CNN layers effectively compensated for this slowdown, achieving both high accuracy and efficient inference. To evaluate the interpretability and deployment feasibility of the proposed model, we considered several parameters are considered to have an integration of faithfulness, localization quality, sparsity, latency, and energy of the models, including pointing accuracy, localization IoU, Centroid Localization Error (pixels), Attribution Sparsity (%), Insertion AUC, Deletion AUC, Time per Explanation (ms/image), Energy Consumption (J/image), Memory Footprint (MB). Significance: This research provides a transparent and high-performing deep learning solution for plant disease classification, promoting sustainable agricultural development. By reducing reliance on excessive pesticide and herbicide use, enhancing early diagnosis, and improving decision-making, the model supports environmentally responsible farming practices and contributes to global efforts toward food security and ecological resilience. The significance of this evaluation is that it comprehensively assesses the model’s interpretability and real-world deployability by measuring explanation reliability (faithfulness), spatial precision (localization quality), efficiency (latency and memory), and sustainability (energy consumption), ensuring the model is not only accurate but also transparent, efficient, and practical for deployment. © The Author(s) 2026.",0,2026,10.1186/s12870-026-08667-8,https://www.scopus.com/pages/publications/105038820213?origin=resultslist,Rafli,Include,ViT,CNN; ResNet-9; SHAP,TPPD; Namibia Maize; Banana Image; Tanzania Maize,Turkey; Namibia; Tanzania,Keterlambatan deteksi penyakit memicu penurunan hasil; trade-off antara akurasi model berbasis attention dan kecepatan inferensi.
Guo M.; Guerra-Manzanares A.,"Guo, Mingyang (60554372100); Guerra-Manzanares, Alejandro (57208401310)",Cropper: An explainable lightweight attention-guided ensemble for robust plant disease diagnosis in data-scarce conditions,"Plant disease detection using Artificial Intelligence (AI) has become a critical area of research due to its potential to improve crop yields, reduce losses and support sustainable agriculture. Despite significant progress, existing approaches often lack a unified framework that balances accuracy, efficiency and interpretability. Complex models such as Vision Transformers (ViTs) and multimodal systems demand high computational resources, while lightweight networks struggle with robustness under data scarcity and domain shift. Addressing these open challenges, we propose Cropper, an ensemble-based framework for agricultural leaf disease classification that integrates structural model diversity, attention-based refinement and interpretability within a computationally efficient architecture. We evaluate Cropper on seven publicly available leaf image datasets, covering both binary and multiclass classification tasks and compare its performance against five state-of-the-art baseline methods, including ViTs. The experimental results demonstrate that Cropper consistently outperforms all baselines across all datasets, achieving statistically significant improvements in five different performance metrics, while substantially reducing computational overhead compared to existing ensemble and large single-backbone architectures. Cropper also demonstrates enhanced robustness under data-scarce conditions and provides interpretable outputs that enhance trustworthiness in decision-making. By addressing the trade-offs between accuracy, efficiency and interpretability, Cropper offers a practical and scalable solution for real-world agricultural AI systems, supporting deployment in resource-constrained environments and advancing the adoption of trustworthy AI in farming practices. © 2026 The Author(s)",0,2026,10.1016/j.asoc.2026.115020,https://www.scopus.com/pages/publications/105034626979?origin=resultslist,Rafli,Include,ViT,Cropper,Seven publicly available leaf image datasets,-,"Model kompleks butuh komputasi tinggi, sedangkan model ringan kesulitan mengatasi data scarcity dan domain shift."
Umaiza F.; Omeez A.S.; Manali N.; Sambhavi; Purvika G.P.; Nandalikar V.; Leelambika K.V.,"Umaiza, Falisha (60387804500); Omeez, Abdul Subhan (60387754000); Manali, N. (60437066400); Sambhavi (60436914600); Purvika, G.P. (60130870300); Nandalikar, Viraj (60387904700); Leelambika, K.V. (56433615000)",Transformers vs CNNs in Wheat Disease Prediction: Performance Evaluation,"Wheat leaf diseases pose a significant threat to global food security by reducing crop yield and quality, directly impacting the over 35% of the global population that relies on wheat as a dietary staple. While recent advances in deep learning have enabled automated disease diagnosis from leaf images, the choice of model architecture remains pivotal for achieving both diagnostic accuracy and practical deployment efficiency. This study presents a comprehensive comparison between traditional Convolutional Neural Networks (CNNs) and modern Transformer-based models for wheat disease detection. Experiments were conducted on the publicly available “Wheat Disease Dataset (Small)” from Kaggle, comprising 1,455 labeled wheat leaf images categorized into five key classes: Brown Rust (294 images),Yellow Rust (277),Mildew (351),Septoria(327), and Healthy (206). These images, captured under diverse real-world agricultural conditions—varying lighting, orientations, backgrounds, and disease severity stages—were pre-processed via resizing to 224 × 224 pixels, pixel normalization, and extensive data augmentation to reflect field variability. Performance evaluation using accuracy, precision, recall, and F1-score metrics demonstrated that the Swin Transformer achieved the highest classification accuracy of 95%, outperforming both CNN-based and other Transformer architectures. Beyond achieving strong empirical results, this research highlights the tangible real-world applicability of Transformer-based models for precision agriculture. The findings support deployment in mobile applications for farmers, UAV-based crop surveillance systems, and digital early-warning advisory platforms. By enabling rapid, accurate, and accessible in-field disease detection, this work contributes to reducing crop losses, optimizing fungicide application, and strengthening global food security through scalable, AI-powered agricultural diagnostics. © The Author(s), under exclusive license to Springer Nature Switzerland AG 2026.",0,2026,10.1007/978-3-032-15134-6_16,https://www.scopus.com/pages/publications/105031906550?origin=resultslist,Rafli,Include,Swin-T,CNN,Wheat Disease Dataset (Small) from Kaggle,-,Pemilihan arsitektur model yang tepat untuk menyeimbangkan antara akurasi diagnostik dan efisiensi deployment praktis.
Nath M.K.; Mookkandi K.; Balakrishnan K.; Mishra M.; Kavitha M.; Mathumathi M.,"Nath, Malaya Kumar (26423133700); Mookkandi, Karthick (59987481500); Balakrishnan, Kiruthika (57544731500); Mishra, Madhusudhan (56405112400); Kavitha, M. (57209436880); Mathumathi, M. (57828052300)",Bottleneck of AI driven techniques for identifying indian agricultural diseases: A systematic review and future directives,"Due to rising population, industrialization, environmental losses, and declining interest in low-profit farming, food security faces critical challenges, mostly in developing and underdeveloped countries like India. To address these limitations, it is imperative to promote the adoption of organic farming practices alongside the implementation of timely and judicious disease management strategies, including the precise application of pesticides in appropriate quantities. In a multilingual developing country like India, limited awareness and insufficient knowledge of plant diseases and their prevention remain significant challenges. The increasing demand for sustainable, efficient, and intelligent agricultural practices has driven the rapid advancement and adoption of deep learning (DL), machine learning (ML), internet-of-things (IoT) technologies across the agricultural sector. This review provides a comprehensive examination of recent advances in artificial intelligence (AI), ML, DL, IoT, & computer vision, highlighting their role in transforming agriculture into an automated, efficient, & data-driven system for diverse applications such as plant disease detection, fruit ripeness classification, weed discrimination, and freshness or spoilage assessment. Significant emphasis is given on the development and deployment of convolutional neural network (CNN), transfer learning approaches, vision transformers, and hybrid DL- ML frameworks that leverage high-resolution image/signals acquired through mobile devices, drones, satelites, and field sensors. This review provides a systematic analysis of diverse methodologies applied across multiple crop categories (including cereals, vegetables, and fruits), with a particular focus on evaluating the performance of both custom-designed and pre-trained DL models on datasets obtained from publicly available repositories as well as those collected through field-based sensing technologies, offering a comprehensive comparison of model effectiveness under varying data acquisition conditions. In addition, this literature survey explores the integration of attention mechanisms, feature fusion strategies, image augmentation techniques, and explainable AI (XAI) tools for enhancing model accuracy and interpretability. The analysis extends to emerging applications in post-harvest quality control, with a focus on fruit grading systems and quality assessment of fish and meat using vision and sensor data. While the reviewed literature demonstrates significant advancements in classification accuracy and real-time deployment capabilities, several persistent challenges remain. Key issues include dataset imbalance, limited model generalization across heterogeneous environmental conditions, and insufficient explainability of DL models, all of which constrain their large-scale adoption and practical reliability in diverse agricultural settings. The manuscript discusses various publicly available agricultural datasets for future research along with the performance metric for evaluating the DL/ML models’ performance ability for classification and segmentation. This review concludes by identifying key future research directions, including the advancement of model interpretability to enhance trust and transparency, the integration of multi-modal data fusion for improved decision-making, and the development of robust deployment strategies tailored to low-resource environments. It further emphasizes the need for scalable, crop-agnostic intelligent systems capable of generalizing across diverse agricultural contexts, thereby enabling more effective and sustainable precision agriculture practices. © 2026 The Author(s).",0,2026,10.1016/j.rineng.2026.111212,https://www.scopus.com/pages/publications/105041022929?origin=resultslist,Rafli,Include,ViT,AI; ML; DL; CNN,Berbagai public dataset dan field-based dataset,India,"Ketidakseimbangan dataset, generalisasi model yang terbatas di berbagai kondisi lingkungan, dan kurangnya explainability pada DL."
Das S.; Prethija G.; Sudha C.,"Das, Srijani (60695870800); Prethija, G. (57425578700); Sudha, C. (59011184200)",LeafFusionNet: a hybrid deep learning approach for robust plant disease detection,"Introduction – Crop diseases have to be diagnosed early to save crop yields and food safety. Commonly used conventional practices are time-consuming and likely to involve human error. Automatic plant disease detection is a highly efficient technology that has been brought into existence by the development of deep learning and computer vision technology and can effectively detect the signs of diseases in plant species. Sustainable agriculture and early intervention depend on accurate and interpretable detection of plant diseases. Methods – This study introduces a hybrid model based on deep learning techniques that effectively identifies and categorizes leaf diseases. The proposed model, LeafFusionNet, incorporates Convolutional Neural Network (CNN) and Vision Transformer (ViT) with an efficient attention module, LeafTAM (Leaf Texture Attention Module), to effectively capture both global and local information. This architecture is enhanced by the addition of a Gabor filter layer before the CNN-ViT fusion, hence augmenting the model’s ability to extract physiologically relevant texture features. Results and discussion – The model was trained and validated on the Plant Village dataset. This model attained an accuracy of 99.33%, 99% precision, recall, and F1 score, demonstrating strong generalization on new data when compared with the state-of-the-art models. This proposed hybrid model can be utilized to develop a strong agricultural diagnostics system. These results point to the possibility of designing a powerful, interpretable system by utilizing transformer-based vision modules, Gabor filters, and explainability systems such as Grad-CAM. Copyright © 2026 Das, Prethija and Sudha.",0,2026,10.3389/frai.2026.1773329,https://www.scopus.com/pages/publications/105042084102?origin=resultslist,Rafli,Include,ViT,CNN; LeafFusionNet; LeafTAM; Gabor filter; Grad-CAM,PlantVillage,-,Praktik deteksi konvensional memakan waktu dan rentan human error; butuh model yang menangkap info global dan lokal.
Mia S.; Habiba U.; Akter U.; Raisa S.K.R.Q.; Maliha J.; Hossain M.I.; Sumon M.S.H.,"Mia, Shakil (60116250100); Habiba, Umme (60561536600); Akter, Urmi (58405335800); Raisa, S.K. Rezwana Quadir (60561687600); Maliha, Jeba (59788390800); Hossain, Md. Iqbal (60560740700); Sumon, Md. Shakhauat Hossan (60602584100)",Tiny-ViT: A Compact Vision Transformer for Efficient and Explainable Potato Leaf Disease Classification,"Early and precise identification of plant diseases, especially in potato crops is important to ensure the health of the crops and ensure the maximum yield. Potato leaf diseases, such as Early Blight and Late Blight, pose significant challenges to farmers, often resulting in yield losses and increased pesticide use. Traditional methods of detection are not only time-consuming, but are also subject to human error, which is why automated and efficient methods are required. The paper introduces a new method of potato leaf disease classification Tiny-ViT model, which is a small and effective Vision Transformer (ViT) developed to be used in resource-limited systems. The model is tested on a dataset of three classes, namely Early Blight, Late Blight, and Healthy leaves, and the preprocessing procedures include resizing, CLAHE, and Gaussian blur to improve the quality of the image. Tiny-ViT model has an impressive test accuracy of 99.85% and a mean CV accuracy of 99.82% which is better than baseline models such as DEIT Small, SWIN Tiny, and MobileViT XS. In addition to this, the model has a Matthews Correlation Coefficient (MCC) of 0.9990 and narrow confidence intervals (CI) of [0.9980, 0.9995], which indicates high reliability and generalization. The training and testing inference time is competitive, and the model exhibits low computational expenses, thereby, making it applicable in real-time applications. Moreover, interpretability of the model is improved with the help of GRAD-CAM, which identifies diseased areas. Altogether, the proposed Tiny-ViT is a solution with a high level of robustness, efficiency, and explainability to the problem of plant disease classification. © 2026 IEEE.",0,2026,10.1109/ICECTE69292.2026.11429418,https://www.scopus.com/pages/publications/105036994790?origin=resultslist,Rafli,Include,Tiny-ViT; DeiT-Small; Swin-Tiny; MobileViT-XS,Grad-CAM,Custom dataset (Early Blight; Late Blight; Healthy),-,Model konvensional memakan waktu dan rentan error. Kebutuhan akan ViT kompak untuk sistem dengan sumber daya komputasi terbatas.
Barath S.; M S.,"Barath, S. (59459962700); M, Senthil (60586944600)",Federated transformer–blockchain framework for secure and generalized crop disease detection in smart agriculture,"The agricultural sector has been revolutionized by integrating blockchain technologies and artificial intelligence, enabling the development of secure and intelligent farming methods. Nevertheless, the current deep learning systems that identify crop diseases only tend to take in data of a single crop, are based on a central database, and are non-private and non-scalable. To make sure that these shortcomings are removed and to assist in mitigating the detection of crop illnesses in clever farming through a safe and broad method, the article suggests a Federated Transformer-Based Blockchain Framework. The specified framework successfully provides hierarchical representations of various datasets of crops, which allows the identification of various crops and diseases using the Vision Transformer (ViT) architecture and then transfer learning. The proposed data protection and privacy control should be achieved with the help of a federated learning (FL) methodology, which is used to train distributed models on a group of edge devices to meet the data governance conditions. This technique is also used to secure raw agricultural information. A lightweight blockchain network guarantees the safety of the federated model updates and transactions and assures trust, openness, and data integrity. The blockchain would be well-fitted to large agricultural networks because the Proof-of-Authority (PoA) consensus mechanism is employed, and this would lower the amount of computing power and time needed. The model also uses homomorphic encryption to ensure that the parameters are securely shared among the model's nodes. The framework achieved a macro-average accuracy of 94.94%, improving centralized ViT by 0.72% and outperforming earlier CNN-based models by 1.88%. The integration of federated learning and blockchain enabled secure parameter exchange while eliminating the privacy risks of centralized crop image aggregation. This decentralized and privacy-saving scheme is a smart way of tracking crop diseases and traceability in innovative agricultural systems, both at scale and in real-time. Interplay of the security of blockchains, feature extraction, which is federated learning and transformer-based, offers a new way of structuring Agriculture 5.0 and future systems that are sustainable and trustworthy. © The Author(s) 2026.",0,2026,10.1007/s44447-026-00153-9,https://www.scopus.com/pages/publications/105036014869?origin=resultslist,Rafli,Include,ViT,CNN; FL,Various datasets of crops,-,"Sistem deep learning saat ini tersentralisasi, tidak privat, tidak skalabel, dan hanya mengambil data dari satu jenis tanaman."
Vinutha N.; Praveen Posa S.; Devanagouda; Bharathi G.; Reddy C.V.; Nalband A.H.,"Vinutha, N. (57203067129); Praveen Posa, S. (60660702300); Devanagouda (60661352900); Bharathi, Gandham (60092886200); Reddy, Chandan V. (60660591400); Nalband, Abdul Haq (57209440925)",AgriQPro-Quantum Driven Precision Optimization for Smart Agriculture,"Identification of diseases in plants at the right time is very important in enhancing agricultural productivity and maintaining food security, especially in high-value crops like Betel Vine. The current deep learning solutions are usually unable to make fine-grained classification of visually similar disease patterns and are computationally expensive to implement on edge devices in remote agricultural environments. This paper introduces AgriQPro, a simple and useful plant disease diagnosis system, incorporating the current state-of-the-art Vision Transformer models with quantum-inspired model generation. The proposed framework is the Hybrid Quantum-Vision Transformer (QuantumSwin), a Swin Transformer V2 backbone with a new Quantum-Inspired Feature Interference (QIFI) module. The module is inspired by the properties of quantum interference to enhance interaction, providing increased feature interaction to facilitate better separation and representation of fine visual cues related to similar types of diseases, such as Leaf Rot and Bacterial Spot. To further enhance the robustness in the real-world situation, Test-Time Augmentation (TTA) is used, and Int8 dynamic quantization is used to decrease the model size and inference latency without affecting the accuracy. Trial testing performed on a balanced dataset which consisted of six categories of Betel Vine disease has revealed that AgriQPro can have an accuracy in classification which is higher than 98 percent and the inference latency is less than 25 ms, on typical edge equipment. The suggested framework provides an effective, reliable, and production-ready framework to monitor crop diseases in the real-time, effectively closing the gap between the research in advanced AI models and the application in the agricultural industry. © 2026 IEEE.",0,2026,10.1109/ICITIIT68860.2026.11499690,https://www.scopus.com/pages/publications/105040713765?origin=resultslist,Rafli,Include,ViT; QuantumSwin,DL,Balanced dataset (Betel Vine disease),-,DL kurang mampu melakukan klasifikasi fine-grained pada pola penyakit yang mirip dan mahal secara komputasi untuk perangkat edge.
Chuiad K.; Deearom A.; Chaisiriprasert P.,"Chuiad, Khachonkit (59539200200); Deearom, Apicha (59539036100); Chaisiriprasert, Parkpoom (57205204059)",A Vision Transformer-Based Model for Optimizing Plant Disease Classification,"Agricultural crop cultivation requires proper care and maintenance to minimize the risk of plant diseases, which can significantly impact crop yields. This study aims to compare two algorithms to identify the most effective approach for plant leaf disease classification. The research utilizes a curated dataset consisting of images of six different plant leaf diseases, totaling 21,733 images. The algorithms employed in this study are computer vision-based techniques. The first method involves image preprocessing, including resizing, brightness and sharpness adjustments, and color transformation using the CIELAB color space. Additionally, K-means clustering is applied to enhance key visual features in the images. The second method focuses on anomaly detection, where Mahalanobis distance weighting is used to highlight anomalous regions within the images. Once the images are processed, they are fed into a machine learning model for classification. This study employs the Vision Transformer (ViT), which is capable of effectively detecting and classifying plant leaf diseases due to its ability to capture long-range dependencies within images. This show effectively highlights distinct regions within the image prior to classification, outperforming the LabK-means at 93% compared to Mahalanobis Distance at 76.40%. © The Author(s), under exclusive license to Springer Nature Singapore Pte Ltd. 2026.",0,2026,10.1007/978-981-96-9191-3_29,https://www.scopus.com/pages/publications/105028261182?origin=resultslist,Rafli,Include,ViT,K-means; Mahalanobis distance,Curated dataset (21;733 images),-,Kebutuhan untuk menyoroti area diskriminatif/anomali pada gambar daun secara efektif sebelum tahap klasifikasi.
Garg P.; Vora K.; Shah D.; Joshi M.V.; Kumar A.; Palaparthy V.S.,"Garg, Pooja (58711571700); Vora, Kathan (60374642900); Shah, Devansh (60374804300); Joshi, Manjunath V. (7202602032); Kumar, Ahlad (58769521200); Palaparthy, Vinay S. (56178614400)",Transformer-Based Framework Using In-House Sensors and Lightweight Images for Accurate Plant Disease Classification,"The growing demand for sustainable, sensordriven agriculture has accelerated the integration of the Internet of Things (IoT), leading to the increased use of artificial intelligence (AI) technologies for crop disease monitoring. This study proposes a multimodal transformerbased framework for predicting Jamun leaf disease using environmental sensor data and transformed, compressed leaf images. The deployed IoT network combines commercial sensors for ambient temperature and humidity with in-house developed sensors for soil temperature, soil moisture, and leaf wetness (LWS), enabling synchronized environmental monitoring and image acquisition. To address storage constraints, two transform-based image compression methods, the discrete cosine transform (DCT) and the Tchebichef transform (TT), are systematically evaluated. The proposed architecture integrates a vision transformer (ViT) to extract spatial spectral features from leaf images and a feature tokenizer transformer (FTT) to model structured sensor data. With only 10% retention of low-frequency coefficients, TT compression maintains 97% accuracy, achieving peak signal-to-noise ratio (PSNR), structural similarity index measure (SSIM), and mean square error (mse) values of 31.5 dB, 0.85, and 52.01, respectively, along with a 68.6% storage reduction. In comparison, DCT achieves 25.3 dB PSNR, 0.55 SSIM, and 209.37 mse, with a 55.8% storage reduction. TT also produces only a 0.11% accuracy drop, compared to 5.56% for DCT. The proposed model maintains strong performance, achieving ≈97% accuracy and precision, recall, and F1-score values of 96.3%, 95.9%, and 96.1%, respectively, using TT compressed images with 10% retention. These results confirm that TT provides significantly better fidelity under aggressive compression and demonstrate the effectiveness of the proposed multimodal transformer framework for IoT-enabled plant disease detection. © 2026 IEEE.",0,2026,10.1109/JSEN.2026.3656207,https://www.scopus.com/pages/publications/105029541723?origin=resultslist,Rafli,Include,ViT; FTT,AI,Jamun leaf disease + environmental sensor data,-,Keterbatasan penyimpanan (storage constraints) untuk transmisi gambar beresolusi tinggi pada jaringan IoT pertanian.
Bhat S.; Mishra S.N.; Kolekar S.; Parashar D.,"Bhat, Suhas (59187782600); Mishra, Soumya Nandan (57211344209); Kolekar, Sucheta (35119211500); Parashar, Deepak (57220380583)",A Dual-Module Vision-Language AI Framework for Intelligent Decision Making in Smart Agriculture,"Providing timely and correct agricultural support to the farmers remains a major problem since not many people can access qualified knowledge and early diagnosis of the crops. A smart agriculture assistant powered by AI can allow farmers to get access to insights by both text-based and image-based agricultural query in a single interface. Image preprocessing and visual analysis are automated to process plant or crop images that could contain evidence of potential disease or crop conditions, whereas text queries are read to detect intent by the farmer in terms of treatment, fertilization, and prevention. The knowledge and recommendation repository is centralized and provides crop specific, disease symptoms and advisory information to aid in informed decision making. The system combines visual and written know-how to come up with easy-to-understand and farmer-friendly explanations and recommendations that are actionable. This strategy enhances the accessibility of agricultural advice, early intervention and leads to increased productivity and sustainable agricultural activities. © 2026 IEEE.",0,2026,10.1109/ICICT68280.2026.11511064,https://www.scopus.com/pages/publications/105041668631?origin=resultslist,Rafli,Exclude,,AI,-,-,Petani kekurangan akses pengetahuan; butuh integrasi text-based dan image-based query. (Tidak membahas Vision Transformer).
Mohsin M.; Ashraf I.; Junaid M.; Ahsan A.; Din S.M.U.; Fatima S.,"Mohsin, Muhammad (60093106000); Ashraf, Imran (59549928300); Junaid, Muhammad (60688772800); Ahsan, Anam (57668774700); Din, Saira Moin U (57202869562); Fatima, Sana (60690130300)",Explainable Multimodal Plant Disease Classification with Prompt-Guided Transformers,"Plant pathogens are serious challenges to food security in the world, and thus automated diagnosis systems are required to ensure timely response. Although the current deep learning models can classify with high accuracy, they are black boxes that are not interpretable and based on visual features only, which makes them not as reliable when applied in real-life agricultural scenarios. The existing methods do not incorporate semantic data with visual cues, and do not offer any quantified values of model explainability. The current piece suggests PCViT-DRS, a Prompt-Guided Cross-Modal Vision Transformer with Disease Region Supervision, which incorporates textual symptom description in the form of handcrafted descriptions on the visual embeddings using cross-attention, and the lesion-centered attention through pseudo-ground-truth masks. Stratified splits, data augmentation, and weighted cross-entropy loss were applied to the PlantVillage dataset (54,306 images, 38 classes) to train and evaluate the model to address imbalanced classes. PCViT-DRS was able to reach 98.87% with standard deviation of 0.11% and it is a 2.75% absolute accuracy improvement (68% reduction of error) over the ViT base and significantly better than EfficientNetV2B3 + ViT ( 85.06% ) with statistical significance ( p < 0.01 ). Measures of quantitative interpretability showed significant positive changes: the IoU improved by 25.6% points to 67.1%, and the accuracy of the Pointing Game by 68.2% to 88.6%, which confirmed faithful disease localization. The multimodal scheme offers an understandable and strong basis of credible diagnosis of plant diseases in precision agriculture practices. © 2026 IEEE.",0,2026,10.1109/DataSciMI67380.2026.11523818,https://www.scopus.com/pages/publications/105041688242?origin=resultslist,Rafli,Include,PCViT-DRS; ViT,EfficientNetV2B3,PlantVillage,-,"Model DL saat ini merupakan ""black box"" dan hanya mengandalkan fitur visual tanpa data semantik tekstual."
Tonoy B.B.; Ifte M.A.; Hasan M.; Rahman M.A.; Islam M.M.; Habib M.T.,"Tonoy, Biozid Bhuiyan (60630873200); Ifte, Mahfuz Ahmed (60631613300); Hasan, Mehedi (60631576600); Rahman, Md. Ataur (60405010600); Islam, Mohammad Monirul (57222381565); Habib, Md. Tarek (37048729800)",Deep Learning-based Disease Classification and Nutrient Deficiency in Rose Leaves using Transfer Learning,"Ensuring accurate and early detection of plant nutritional deficiencies and disease symptoms is essential for sustainable agricultural productivity, particularly Bangladesh where expert diagnosis is limited. Existing deep learning-based solutions often rely on large laboratory datasets that do not reflect the complexity of real field condition, where mixed stress symptoms and irregular leaf patterns are common. To address this challenge, we developed a five-class rose leaf dataset consisting of 585 real field images, manually collected from five major gardens in Bangladesh. The datasets includes: 87 disease burnt edge leafs, 121 disease mixed stress leaf, 100 disease pest damage leaf. 166 healthy leaf and 111 nitrogen deficiency samples. Five transfer learning models: MobileNetV3(MN-V3), EfficientNetB0(EN-B0), ResNet34(Rn-34), ViT-Tiny and a hybrid model(ViT-Tiny + MobileNetV3) these models were trained for evaluate performance under challenging mixed symptoms scenarios. Among them ResNet34 and ViT-Tiny achieved the highest test accuracy of 95.45%, on the other hand outperforming MobileNetV3 (89.77%), the hybrid model (88.64%) while the EfficientNetB0 (85.34%) has the lowest level of recognition accuracy of rose leaves disease and deficiency detection. The main contribution of this work is the creation of novel realfield rose leaf dataset and a comprehensive benchmarking study showing that classical and transformer-based transfer learning models can effectively classify nutrient deficiency and different disease symptoms under real environmental variability. © 2026 IEEE.",0,2026,10.1109/ICMLAS67792.2026.11483842,https://www.scopus.com/pages/publications/105038767990?origin=resultslist,Rafli,Include,ViT-Tiny,DL; MobileNetV3; EfficientNetB0; ResNet-34,Real field rose leaf dataset (585 images),Bangladesh,Solusi DL biasanya bergantung pada data laboratorium yang tidak merefleksikan kerumitan kondisi riil di lapangan.
Saravanan K.S.; Kanika S.,"Saravanan, Krithikha Sanju (57222165599); Kanika, S. (60402501500)",Turmeric plant disease prediction using hybrid deep learning-based feature extraction and classification models,"For many farmers, particularly in areas like Tamil Nadu and Andhra Pradesh, turmeric is more than just a crop; it is a crucial source of revenue. Turmeric farming is important to rural economies because of its strong demand in international markets and reputation for medicinal benefits. However, the crop is susceptible to a number of diseases, particularly those that impact the rhizomes and leaves. These problems frequently go undetected until they have seriously harmed the crop, which lowers yield and quality. Farmers have historically relied on visual inspection and professional advice, but this approach can be unreliable and time-consuming, especially on large farms. The proposed work addresses this by presenting a hybrid deep learning-based disease prediction system that examines turmeric plant photos in order to identify problems early. The dataset contains both healthy samples and seven disease categories, including rhizome disease, leaf blotch, dry leaves, and aphid-infected leaves. This aids in the system’s ability to differentiate between various issues and recommend prompt solutions. The system can reduce the use of pesticides, protect yields, and minimize losses by providing farmers with early warnings. Turmeric farming can become more productive and sustainable with improved diagnostic and intervention tools. Numerous tests have demonstrated the accuracy and usefulness of this method, making it a viable option for practical application. The suggested approach achieves high classification performance, indicating its potential to support precision agriculture practices, according to extensive testing and evaluation. The system intends to boost turmeric crop productivity by facilitating early disease detection, which will enable farmers, agronomists, and other agricultural stakeholders to make well-informed decisions, implement prompt interventions, and so on. By minimizing crop losses, making the best use of inputs, and enhancing the general resilience and health of turmeric plantations, this method promotes sustainable farming. © 2026 IOP Publishing Ltd. All rights, including for text and data mining, AI training, and similar technologies, are reserved.",0,2026,10.1088/2631-8695/ae429a,https://www.scopus.com/pages/publications/105030329957?origin=resultslist,Rafli,Exclude,,DL,Custom turmeric dataset,India,Inspeksi visual memakan waktu dan tidak andal; tidak mendeteksi penyakit hingga kerusakan parah. (Tidak membahas Vision Transformer).
Bohra M N.; Patil A.R.; Thorve O.H.; Shahade A.K.; Deshmukh P.V.; Patil S.; Kotecha K.,"Bohra M, Nishit (60692007000); Patil, Avantika R. (60021990000); Thorve, Omkar H. (60021814900); Shahade, Aniket K. (56470735400); Deshmukh, Priyanka V. (60687991800); Patil, Shruti (57208826757); Kotecha, Ketan (6506676097)",Rose leaf disease classification and severity estimation using an interpretable vision transformer-based multi-task framework,"This study proposes RoViT-KAN, a multi-task deep learning framework for plant disease classification, severity estimation, and uncertainty quantification. The architecture integrates a DeiT-Tiny Vision Transformer backbone with task-specific heads for disease classification, ordinal severity prediction, and heteroscedastic uncertainty estimation. To enhance interpretability, a Kolmogorov–Arnold Network (KAN) module is introduced to model continuous disease severity through learnable spline-based transformations. A four-stage curriculum learning strategy is employed to stabilize multi-task optimization by progressively activating prediction objectives. The model is evaluated on a rose leaf disease dataset comprising 3,113 original images and 10,000 augmented samples across four classes: healthy leaf, leaf holes, black spot disease, and dry leaf condition. Experimental results demonstrate a classification accuracy of 99.70%, with calibrated uncertainty estimates (Brier score = 0.0914) and reliable severity prediction. Ablation studies validate the contribution of each architectural component. The model highlights the potential of combining transformer-based architectures with uncertainty-aware learning and interpretable neural representations for robust plant disease analysis. © The Author(s) 2026.",0,2026,10.1186/s12870-026-08786-2,https://www.scopus.com/pages/publications/105041907895?origin=resultslist,Rafli,Include,ViT; DeiT-Tiny,DL; RoViT-KAN; KAN,Rose leaf disease dataset (3;113 original images),-,"Kebutuhan optimasi multi-tugas untuk klasifikasi, prediksi keparahan, dan estimasi ketidakpastian secara simultan."
Sujatha G.; Depuru S.; Amala K.; Reddy D.K.,"Sujatha, G. (57193259536); Depuru, Sivakumar (57991575400); Amala, K. (57991575500); Reddy, Dumpala Karthik (59141614500)",Enhanced Plant Disease Detection in Low-Light Conditions Using a CNN-Based Illumination Correction Network,"Accuracy in plant disease detection is important for sustainable agriculture and preventing crop loss. Conditions are not same in disease prediction; any detection model is expected to perform best in low light areas. In low light areas the common problems faced are degraded image quality, reduced contrast and colour distortion. Though many deep learning algorithms performs good in highlighted areas, they are less accurate in low light environments. We introduce a Convolutional Neural Network (CNN) based Illumination Correction Network (CICN). CICN enhances the low light plant images and it is further processed by a hybrid model including Convolutional Neural Network and Vision Transformers (CNN-ViT). The luminosity of images is enhanced by CICN using an adaptive lighting mapping approach. The proposed method is effective in prediction of sickness under unsatisfactory illumination condition with a maximized accuracy of 92.3% in comparison with Resnet 50, standalone ViT and Efficient Net- B3. © The Author(s), under exclusive license to Springer Nature Switzerland AG 2026.",0,2026,10.1007/978-3-032-22292-3_15,https://www.scopus.com/pages/publications/105041163420?origin=resultslist,Rafli,Include,ViT,CNN; CICN; ResNet-50; Efficient Net-B3,Not mentioned in abstract,-,"Penurunan kualitas gambar, kontras, dan distorsi warna di lingkungan rendah cahaya menyebabkan penurunan akurasi."
Anto A.M.; Kirubavathi G.; Ajayan A.,"Anto, Ann Maria (60698847600); Kirubavathi, G. (56595117500); Ajayan, Amal (59993242900)",Segmentation-Aware Hybrid CNN-ViT for Plant Leaf Disease Classification,"Diseases that affect plant leaves have a big effect on food supply and agricultural output. This makes it very important to find accurate and automatic ways to diagnose these diseases. This paper presents a segmentation-aware hybrid deep learning (DL) approach that integrates both Convolutional Neural Networks (CNNs) and Vision Transformers (ViTs) for the effective classification of plant leaf diseases. An unsupervised K-means clustering method is used first to make rough segmentation masks that don't need manual labels. Then, a U-Net model is used to make them better. The combination of CNN and ViT is used to get at the segmented leaf images and get both main disease-related features and a broader context. Gradient-weighted Class Activation Mapping is used to show which parts of the leaf affect the diagnosis. This makes it easier to understand the model's decisions. We test the framework on the PlantVillage dataset to see how well it works and then again on the Plant Disease Detection dataset to see how it works with different types of this data. The results show that the disease classification is better, that the system works better when the data sources change, and that the visual insights are very clear. These results show that the suggested approach is a dependable and comprehensible solution for the automated plant disease identification and can facilitate precision agriculture. © 2026 IEEE.",0,2026,10.1109/IECCT68664.2026.11542021,https://www.scopus.com/pages/publications/105042265447?origin=resultslist,Rafli,Include,ViT,DL; CNN; K-means; U-Net; Grad-CAM,PlantVillage; Plant Disease Detection dataset,-,"Pentingnya memisahkan area yang terdampak tanpa anotasi manual (mask segmentation), menangkap fitur lokal maupun global."
Sawant G.; Payaswini P.,"Sawant, Gaurav (60638771100); Payaswini, P. (56113000400)",Sugarcane sentinel: a Transfer Learning framework for sugarcane leaf disease detection with real-time web and mobile deployment,"Sugarcane is the most significant cash crop in India and serves as a primary source for sugar, jaggery, ethanol, and other value-added by-products. Due to its high economic significance, yield loss caused by leaf diseases poses a serious challenge to sugarcane production. An early detection of such diseases is crucial for minimizing crop loss and improving productivity. Recent advances in deep learning have enabled automated plant disease detection. However, developing robust models for sugarcane leaf disease detection remains challenging due to limited labeled datasets. The proposed work addresses these challenges by integrating publicly available sugarcane leaf image datasets to construct a comprehensive dataset of 8,355 images across nine classes, including seven disease categories, healthy and dried leaf class. Transfer learning was employed by fine-tuning several pre-trained models from the EfficientNet, MobileNet families, and Vision Transformer. Model performance was further enhanced using class imbalance handling and hyperparameter optimization. Among the evaluated models, EfficientNet-B0 demonstrated the best performance, achieving over 99% accuracy on both training and test datasets, along with macro-averaged precision, recall, and F1-score of 99%. To enable real-world deployment, an Android mobile application was developed supporting offline on-device inference. The system achieved real-time performance with an average inference time of 80.83ms. Memory profiling indicated stable execution, with Java heap usage of 4-12 MB and native memory briefly peaking at 95 MB before stabilizing at 49-54 MB. Pilot field testing conducted using 264 samples under uncontrolled conditions achieved approximately 89.02% accuracy, demonstrating the robustness and practical applicability of the proposed system. © The Author(s), under exclusive licence to Springer-Verlag London Ltd., part of Springer Nature 2026.",0,2026,10.1007/s00521-026-12071-6,https://www.scopus.com/pages/publications/105039292980?origin=resultslist,Rafli,Include,ViT,DL; EfficientNet; MobileNet; EfficientNet-B0,Sugarcane leaf image dataset (8;355 images),India,Keterbatasan dataset berlabel untuk daun tebu; pengembangan model robust yang bisa berjalan offline real-time di perangkat mobile.
Layek S.; Batra S.; Mangalam A.; Chandra A.; Prakash G.; Sardana V.,"Layek, Sneha (60704139300); Batra, Salil (57132148800); Mangalam, Arsh (60704139400); Chandra, Atul (60704035300); Prakash, Gyan (60703714000); Sardana, Veena (60703822100)",A Comparative Evaluation of Vision Transformer and CNN Models for Diagnosing Solanaceae Leaf Diseases,"Certain crops within the Solanaceae family, like tomatoes, potatoes, Bell pepper and eggplants are particularly susceptible to leaf diseases that greatly impact both yield and quality. Factors such as climate, pathogens, pests and environmental conditions significantly contribute to the emergence of these diseases making early identification essential for control. Addressing this challenge, this study employs deep learning techniques to identify Solanaceae leaf diseases through image analysis. Five models Efficient Net-B0, MobileNetV2, ViT-Base, DeiT-Small and Swin-Tiny are tested using diverse datasets of diseased and healthy leaf images. The evaluation focused on accuracy revealing varying levels of model performance with ViT-Base reaching the accuracy at 95.32%. Vision Transformer architectures consistently outperform CNN-based approaches for Solanaceae disease classification, demonstrating their superior capability in capturing complex visual patterns. These findings are discussed, outlined in the main parts of this manuscript and analysed in detail. © 2026 IEEE.",0,2026,10.1109/ICPCSN68523.2026.11543989,https://www.scopus.com/pages/publications/105042572490?origin=resultslist,Rafli,Include,ViT-Base; DeiT-Small; Swin-Tiny,CNN; Efficient Net-B0; MobileNetV2,Diverse datasets of diseased and healthy leaf images,-,Penyakit dipengaruhi oleh banyak faktor eksternal dan perlu didiagnosis sejak dini dengan kemampuan visual tingkat lanjut.
Tej Y.V.; Gayatri M.; Tiwari A.K.; Reddy Ch.N.K.; Sudhakara M.; Balaji P.,"Tej, Y. Vishnu (57874326000); Gayatri, Malyala (59370734500); Tiwari, Abhishek Kumar (60602578800); Reddy, Ch Naveen Kumar (58002776400); Sudhakara, M. (57204707398); Balaji, Penubaka (57200202962)",Hybrid Learning-Based Image Segmentation for Enhanced Plant Disease Classification,"Plant disease detection is a crucial step to ensure sustainable agriculture and minimize crop losses caused by infections. However, traditional computer vision models often fail to capture complex spatial and contextual patterns within leaf disease images, leading to inaccurate segmentation. To overcome this limitation, we propose a hybrid deep learning framework that integrates EfficientNet-B0 as an encoder with a Vision Transformer (ViT) decoder for precise and contextaware leaf disease segmentation. The model was trained and evaluated on a Leaf disease segmentation dataset containing segmented leaf pictures, preprocessed through normalization, resizing, and binary mask refinement. Experimental results demonstrate that our proposed model achieved an impressive 97.69% accuracy, 98.14% precision, 97.32% recall, and 97.72% F1-score, outperforming existing architectures such as CNN, SegNet, and ResNet50. The experiments demonstrate the model's accurate capability in distinguishing fine-grained disease patterns while maintaining stable generalization. Overall, this study provides an effective way for real-time plant disease segmentation, which contributes to the advancement of intelligent agricultural monitoring systems. © 2026 IEEE.",0,2026,10.1109/CCIC68129.2026.11486050,https://www.scopus.com/pages/publications/105038765342?origin=resultslist,Rafli,Include,ViT,DL; EfficientNet-B0; CNN; SegNet; ResNet-50,Leaf disease segmentation dataset,-,Model computer vision tradisional sering gagal menangkap pola spasial dan kontekstual yang kompleks untuk segmentasi akurat.
Nabil O.; Leghris C.,"Nabil, Oussama (60162429600); Leghris, Cherkaoui (55312057500)",EcoTomHybridNet: Policy-Guided Adaptive CNN–Transformer Inference for Resource-Aware Edge-Based Tomato Leaf Disease Classification,"Tomato (Solanum lycopersicum) cultivation is highly vulnerable to fungal, bacterial, and viral leaf diseases that can significantly reduce crop yield and fruit quality when not detected at early stages. Although recent deep learning approaches have achieved remarkable performance in plant disease classification, many state-of-the-art architectures remain computationally expensive and therefore difficult to deploy on resource-constrained edge devices commonly used in smart agriculture environments. To address this challenge, this paper introduces EcoTomHybridNet, an adaptive resource-aware CNN–Transformer framework designed for efficient tomato leaf disease classification under edge-computing constraints. The proposed architecture combines a lightweight convolutional backbone with a dual-branch inference mechanism composed of a fast convolutional branch for computationally efficient prediction and a Transformer-enhanced branch with local self-attention for richer contextual feature extraction. Unlike conventional lightweight hybrid models relying on static inference pipelines, EcoTomHybridNet integrates a lightweight policy-guided routing mechanism that dynamically allocates inputs between the fast convolutional branch and the Transformer-enhanced branch according to input complexity. This adaptive inference strategy dynamically reduces unnecessary Transformer computations for simpler samples while preserving strong predictive performance on more challenging inputs through policy-guided branch allocation. To further improve representation capability without significantly increasing computational complexity, the proposed student network is trained using knowledge distillation from a ViT-Tiny teacher model. Experimental results on the PlantVillage tomato dataset demonstrate that EcoTomHybridNet achieves 99.42% test accuracy and 99.0% validation accuracy under the full hybrid inference configuration. Additional validation strategies, including 5-fold cross-validation and robustness evaluation under Gaussian noise and motion blur perturbations, indicate stable performance across different data splits and moderate image degradations, suggesting improved generalization capability beyond simple dataset memorization. Furthermore, adaptive routing experiments using a lightweight threshold-based policy mechanism achieved 99.20% test accuracy while reducing computational complexity from 0.36 GFLOPs to 0.25 GFLOPs per image, corresponding to approximately 30% computational savings. These results demonstrate the effectiveness of policy-guided adaptive inference for balancing predictive performance and computational efficiency in edge-oriented plant disease classification. Overall, EcoTomHybridNet provides an efficient and adaptive framework for intelligent plant disease monitoring in IoT-enabled smart agriculture systems. © 2026 by the authors.",0,2026,10.3390/fi18050271,https://www.scopus.com/pages/publications/105039991188?origin=resultslist,Rafli,Include,ViT-Tiny,CNN; EcoTomHybridNet,PlantVillage (tomato),-,Arsitektur model yang sangat akurat cenderung terlalu berat komputasinya untuk dijalankan di edge devices (IoT).
Lokapure A.; Sukate B.; Utane V.; Kendre S.; Patole R.; Bhagat D.,"Lokapure, Ashish (60698839000); Sukate, Bhushan (60697625700); Utane, Vaidehi (60698029600); Kendre, Shailesh (60697625800); Patole, Ramesh (60697428700); Bhagat, Dhananjay (58498940300)","""aiKrishi - Crop disease detection""","The agriculture industry plays a key role in ensuring food quality, productivity, and global food security. However, crop yield and quality are significantly affected when crop diseases are not identified and managed in time. Therefore, timely crop disease detection is a crucial aspect of smart agriculture. Several researchers addressed this crop disease detection by developing optimized solutions through machine learning, deep learning and image processing techniques. However, these techniques face serious challenges when deployed in real-time crop disease identification problems like annotated training images, capturing long-range dependencies, adaption to real-time changes evolving over time and so on. This leads to performance degradation seeking for more powerful applications like some advanced deep learning techniques, in particular, the transformer models. In this paper a novel crop disease detection model known as AiKrishi was proposed based on Vision Transformer. fine-tuning the architecture of existing Vision Transformer developed this AiKrishi and Kaggle dataset was used in the experimental study. Nine crop species were selected and trained using AiKrishi whose performance was then compared with traditional Convolutional Neural Network model. The experimental study clearly showed the highest mean accuracy of 98.64 for AiKrishi(CropVit) when compared to 95.52% mean accuracy for traditional CNN. The experimental results also outperformed other existing state of-the-art models. © 2026 IEEE.",0,2026,10.1109/IC-ICNS68863.2026.11537885,https://www.scopus.com/pages/publications/105042251252?origin=resultslist,Rafli,Include,ViT; CropVit,ML; DL; CNN,Kaggle dataset (9 crop species),-,Tantangan dalam menangkap ketergantungan jarak jauh (long-range dependencies) dan adaptasi model terhadap perubahan real-time.
Ezhilarasi M.; Mohana Arasi M.; Govardhini L.; Gokul M.,"Ezhilarasi, M. (59460633100); Mohana Arasi, M. (57208164106); Govardhini, L. (59458932900); Gokul, M. (59459426600)",A Lightweight MobileViT Framework for Real-Time Plant Leaf Disease Classification in Precision Agriculture,"Plant leaf disease has a significant impact on agricultural productivity and global food security; therefore, early identification can lead to improved agricultural practices and global food security. Conventional methods of manually inspecting plants for disease are often subjective (relying on visual identification) and too slow to cope adequately with the scale of modern-day agriculture. As a result, there is a need for a lightweight, efficient real-time hybrid deep learning-based framework to identify plant leaf diseases within precision agriculture. This research assesses a MobileViT-S framework that fuses convolutional and transformer self-attention layers to classify plant leaf diseases. This lightweight architecture achieves a good trade-off between classification accuracy and computation speed. The MobileViT-S framework was trained on and evaluated against the publicly accessible PlantVillage image collection of 20,638 pictures of healthy and diseased leaves distributed among 15 classes. The images were processed using standard techniques (e.g., resizing, normalizing, augmenting) to improve generalizability. The model’s hyperparameters (i.e., the Adam optimizer with categorical cross-entropy loss function) were optimized based on three performance metrics (i.e., classification accuracy, precision, recall, and F1-score) across all categories. Experimental results showed a classification accuracy of 99.76%, as well as very high precision/recall/F1-scores across all categories. The lightweight MobileViT-S architecture enables fast inference and is suitable for low-resource environments. The proposed framework provides a scalable and efficient means of diagnosing plant diseases via the use of artificial intelligence in precision agriculture. © 2026 IEEE.",0,2026,10.1109/AIMLA67915.2026.11522443,https://www.scopus.com/pages/publications/105041677696?origin=resultslist,Rafli,Include,MobileViT-S,DL,PlantVillage (20;638 pictures),-,Inspeksi manual lambat dan subjektif. Dibutuhkan arsitektur hibrida ringan untuk identifikasi penyakit daun real-time.
Batool H.; Abu Bakr M.; Khan S.D.,"Batool, Hira (57908440700); Abu Bakr, Muhammad (57193420892); Khan, Sultan Daud (55945638800)",Evaluating the Impact of Background Complexity on Deep Learning Model Performance,"Deep learning models often excel in controlled settings, yet their accuracy can drop sharply in real-world agricultural environments due to background noise and visual clutter. This study examines how background complexity affects classification performance using the DiaMOS pear disease dataset, which includes four classes: spot, curl, slug, and healthy. We created two additional variations of this dataset, one with a plain background and one with a blurred background, to compare against the original complex background images. Three different architectures were evaluated using a feature-extraction transfer learning approach: ResNet-18, ConvNeXt-tiny, and ViT-base. Across all models, classification accuracy consistently decreased as background complexity increased. To understand why, we combined quantitative analysis with visual diagnostics, including Gradient-weighted Class Activation Mapping (Grad-CAM), Principal Component Analysis (PCA), and t-Distributed Stochastic Neighbor Embedding (t-SNE). The results show that complex backgrounds draw model attention away from disease-relevant features, reduce class separability in the feature space, and ultimately lower accuracy. These findings underline the importance of designing plant disease classification systems that remain robust in real-world field conditions. © 2025 Copyright held by the owner/author(s).",0,2026,10.1145/3787279.3787280,https://www.scopus.com/pages/publications/105038462229?origin=resultslist,Rafli,Include,ViT,DL; ResNet-18; ConvNeXt-tiny; Grad-CAM; PCA; t-SNE,DiaMOS pear disease dataset,-,Akurasi model turun drastis di lingkungan nyata karena tingkat kerumitan latar belakang (background noise dan visual clutter).
Felicita S.A.M.; Kavitha B.R.,"Felicita, S.A.M. (58911754100); Kavitha, B.R. (58769168600)",Enhancing multiclass plant disease classification using GAN-boosted vision transformer with XAI insights,"Introduction: Agriculture is one of the major backbones of the Indian economy, where rice is the most prominent staple crop across the country. However, rice production has been significantly affected due to the occurrence of various plant diseases. Deep learning and machine learning have emerged as powerful solutions for computer vision-based problems. Methods: This work identifies some of the key diseases and addresses these prominent ones using a state-of-the-art deep learning model. It proposes a novel multiclass rice leaf disease recognition model named GRG-ViT, which integrates Vision Transformer (ViT), Generative Artificial Intelligence (GenAI), and Explainable Artificial Intelligence (XAI) techniques for better outcomes. The Vision Transformer-based framework is designed to capture long-range spatial dependencies in leaf images, which enhances the model’s ability to identify the subtle disease patterns. Since the dataset portrayed considerable class imbalance, a GenAI-based synthetic data generation approach is equipped in this model to create balanced training samples, which in turn improves the model’s robustness. This model also proposes a hybrid Rectified Linear Unit (ReLU)–Gaussian Error Linear Unit (GELU)-based activation mechanism to attain effective feature representation. Results and discussion: The obtained experimental results exhibit that the proposed GRG-ViT model reaches close to an overall accuracy of 96%, which outperforms conventional approaches. The incorporation of XAI methods like Gradient-weighted Class Activation Mapping (Grad-CAM) provides both interpretability and transparency by emphasizing the regions impacting the model’s actions. This research showcases the blended power of ViT, GenAI, and XAI in producing reliable and high-performing results for rice disease detection in precision agriculture. Copyright © 2026 S. A. M. and B. R.",0,2026,10.3389/fpls.2025.1649399,https://www.scopus.com/pages/publications/105029036990?origin=resultslist,Rafli,Include,ViT; GRG-ViT,ML; DL; GAN; XAI; GenAI; Grad-CAM,Not mentioned in abstract,India,Adanya masalah ketidakseimbangan kelas (class imbalance) yang signifikan dalam memprediksi penyakit padi secara multiclass.
Pramod Kumar P.M.; Raviprakash M.L.,"Pramod Kumar, P.M. (60530131300); Raviprakash, M.L. (60589817200)",Selective Kernel-DenseNet for Effective Areca Plant Disease Classification,"Accurate classification of Arecanut plant disease is essential for crop damage prevention, ensuring healthy yields and sustainable farming. Timely identification of diseases enables farmers to take prompt action to minimize yield losses and improve overall plantation management. However, plant diseases vary in scales from fine details like spots or small lesions to larger areas of discoloration which often leads to inaccurate performance. To address this issue, this research proposes a Selective Kernel-DenseNet (SK-DenseNet) for an efficient and accurate Arecanut plant disease classification. In traditional DenseNet, the selective kernel is incorporated to enhance feature adaptability by enabling the dynamic adjustment of receptive fields. This enhances the model’s ability to capture both large-scale patterns and fine-grained information, resulting in better feature representation. The dense connections in DenseNet assist in reusing these features effectively which enables the model to handle diseases with symptoms at varying scales. The resizing technique is applied to standardize input dimensions, and label encoding is used to convert categorical into numerical data for effective model processing. When compared with existing methods like VGG19-ViT, the proposed SK-DenseNet obtained a high accuracy of 99.99% and 98.92% on PlantVillage and Arecanut datasets, respectively. © The Author(s) 2026.",0,2026,10.37965/jait.2026.0865,https://www.scopus.com/pages/publications/105033727855?origin=resultslist,Rafli,Include,ViT,SK-DenseNet; DenseNet; VGG19,PlantVillage; Arecanut dataset,-,Skala visual gejala penyakit sangat bervariasi (bercak kecil hingga perubahan warna yang luas); perlunya receptive fields yang dinamis.
Pacal I.,"Pacal, Ishak (57219196737)",Enhancing crop productivity and sustainability through disease identification in maize leaves: Exploiting a large dataset with an advanced vision transformer model,"The timely identification of diseases in maize leaf offers several benefits such as increased crop productivity, reduced reliance on harmful chemicals, and improved production of healthy crops, resulting in enhanced economic returns. Computer-aided systems (CAD) play a crucial role in agriculture by enabling timely and efficient disease identification in plant leaves. Deep learning-based CAD systems facilitate accurate and rapid diagnosis of maize leaf diseases. In this research, we introduce an advanced vision transformer model that achieves exceptional accuracy and inference speed in detecting diseases in maize leaves. To begin with, we adapt the Multi-axis vision transformer (MaxViT) model to a 4-class maize dataset, creating a lightweight structure that offers improved accuracy and inference speed. Furthermore, we enhance the accuracy by replacing the conventional convolutional structure in the MaxViT architecture's Stem with a Squeeze-and-Excitation (SE) block. In addition, to boost accuracy further, we employ the Global Response Normalization (GRN)-based MLP from the ConvNexTv2 architecture instead of the MLP in the MaxViT architecture. Notably, we combine the PlantVillage, PlantDoc, and CD&S datasets from the literature, resulting in the creation of the most extensive dataset available. This dataset is then divided into three sets: training, validation, and testing, enabling the evaluation of the generalization abilities of the deep learning models. Our study goes beyond previous research by offering a comprehensive comparison of the performance of over 28 CNN models and more than 36 vision transformer models on the newly created dataset. By achieving a remarkable accuracy rate of 99.24% and a high inference speed, the proposed method outperforms all existing deep learning models in the literature. Therefore, it has been demonstrated that this advanced vision transformer model, based on MaxViT, is exceedingly effective for practical applications in agriculture. © 2023 Elsevier Ltd",145,2024,10.1016/j.eswa.2023.122099,https://www.scopus.com/pages/publications/85174192656?origin=resultslist,Zaidan,Include,MaxViT,ConvNexTv2; CNN,PlantVillage; PlantDoc; CD&S (di-combine),-,Kebutuhan arsitektur transformer yang ringan untuk kecepatan inferensi tinggi dalam agrikultur.
Barman U.; Sarma P.; Rahman M.; Deka V.; Lahkar S.; Sharma V.; Saikia M.J.,"Barman, Utpal (59014126600); Sarma, Parismita (57195313986); Rahman, Mirzanur (57200739360); Deka, Vaskar (56023377200); Lahkar, Swati (58928857700); Sharma, Vaishali (58928687500); Saikia, Manob Jyoti (56046733400)",ViT-SmartAgri: Vision Transformer and Smartphone-Based Plant Disease Detection for Smart Agriculture,"Invading pests and diseases always degrade the quality and quantity of plants. Early and accurate identification of plant diseases is critical for plant health and growth. This work proposes a smartphone-based solution using a Vision Transformer (ViT) model for identifying healthy plants and unhealthy plants with diseases. The collected dataset of tomato leaves was used to collectively train Vision Transformer and Inception V3-based deep learning (DL) models to differentiate healthy and diseased plants. These models detected 10 different tomato disease classes from the dataset containing 10,010 images. The performance of the two DL models was compared. This work also presents a smartphone-based application (Android App) using a ViT-based model, which works on the basis of the self-attention mechanism and yielded a better performance (90.99% testing) than Inception V3 in our experimentation. The proposed ViT-SmartAgri is promising and can be implemented on a colossal scale for smart agriculture, thus inspiring future work in this area. © 2024 by the authors.",134,2024,10.3390/agronomy14020327,https://www.scopus.com/pages/publications/85187250777?origin=resultslist,Zaidan,Include,ViT,Inception V3,Dataset koleksi daun tomat,-,Pentingnya deteksi dini; aplikasi harus dapat diimplementasikan skala besar via smartphone.
Chakrabarty A.; Ahmed S.T.; Islam M.F.U.; Aziz S.M.; Maidin S.S.,"Chakrabarty, Amitabha (35108854200); Ahmed, Sarder Tanvir (58930689300); Islam, Md. Fahim Ul (58660179300); Aziz, Syed Mahfuzul (9334002800); Maidin, Siti Sarah (36239235300)",An interpretable fusion model integrating lightweight CNN and transformer architectures for rice leaf disease identification,"Swift identification of leaf diseases is crucial for sustainable rice farming, a staple grain consumed globally. The high costs and inefficiencies of manual identification underline the requirement of prompt disease detection. Traditional approaches for identifying leaf diseases in crops, particularly rice, are laborious, and and often ineffective. Given the significant impact of leaf diseases (such as Rice Blast, Brown Spot, and Rice Turgor) on rice quality and yield, computer-assisted detection can be an effective method of ensuring the long-term sustainability of rice production. This study utilizes advanced artificial intelligence (AI) as the optimized bidirectional encoder representations from the transformers for images(BEiT) model along with pre-trained CNNs (Convolutional Neural Networks), to build a comprehensive study for detecting rice leaf diseases. We train and validate two extensive datasets, featuring healthy and various types of unhealthy plant and rice leaf images respectively.Our optimized model demonstrates high accuracy, outperforming other deep learning and transformer-based models such as ViT, Xception, InceptionV3, DenseNet169, VGG16, and ResNet50. The proposed model achieves a precision of 0.97, a recall of 0.96, and an F1-score of 0.97.The explainability of our proposed model is achieved through the use of segmentation techniques in conjunction with the Local Interpretable Model-agnostic Explanations (LIME) method. © 2024 The Authors",63,2024,10.1016/j.ecoinf.2024.102718,https://www.scopus.com/pages/publications/85199914735?origin=resultslist,Zaidan,Include,BEiT; ViT,CNN; Xception; InceptionV3; DenseNet169; VGG16; ResNet-50; LIME,2 dataset ekstensif berisikan daun padi,-,Pendekatan diagnosis manual tidak efisien dan mahal; butuh explainabilitas visual.
Ngugi H.N.; Akinyelu A.A.; Ezugwu A.E.,"Ngugi, Habiba Njeri (57879297300); Akinyelu, Andronicus A. (56132371000); Ezugwu, Absalom E. (56458836000)",Machine Learning and Deep Learning for Crop Disease Diagnosis: Performance Analysis and Review,"Crop diseases pose a significant threat to global food security, with both economic and environmental consequences. Early and accurate detection is essential for timely intervention and sustainable farming. This paper presents a review of machine learning (ML) and deep learning (DL) techniques for crop disease diagnosis, focusing on Support Vector Machines (SVMs), Random Forest (RF), k-Nearest Neighbors (KNNs), and deep models like VGG16, ResNet50, and DenseNet121. The review method includes an in-depth analysis of algorithm performance using key metrics such as accuracy, precision, recall, and F1 score across various datasets. We also highlight the data imbalances in commonly used datasets, particularly PlantVillage, and discuss the challenges posed by these imbalances. The research highlights critical insights regarding ML and DL models in crop disease detection. A primary challenge identified is the imbalance in the PlantVillage dataset, with a high number of healthy images and a strong bias toward certain disease categories like fungi, leaving other categories like mites and molds underrepresented. This imbalance complicates model generalization, indicating a need for preprocessing steps to enhance performance. This study also shows that combining Vision Transformers (ViTs) with Green Chromatic Coordinates and hybridizing these with SVM achieves high classification accuracy, emphasizing the value of advanced feature extraction techniques in improving model efficacy. In terms of comparative performance, DL architectures like ResNet50, VGG16, and convolutional neural network demonstrated robust accuracy (95–99%) across diverse datasets, underscoring their effectiveness in managing complex image data. Additionally, traditional ML models exhibited varied strengths; for instance, SVM performed better on balanced datasets, while RF excelled with imbalanced data. Preprocessing methods like K-means clustering, Fuzzy C-Means, and PCA, along with ensemble approaches, further improved model accuracy. Lastly, the study underscores that high-quality, well-labeled datasets, stakeholder involvement, and comprehensive evaluation metrics such as F1 score and precision are crucial for optimizing ML and DL models, making them more effective for real-world applications in sustainable agriculture. © 2024 by the authors.",57,2024,10.3390/agronomy14123001,https://www.scopus.com/pages/publications/85213203719?origin=resultslist,Zaidan,Exclude,ViT,SVM; RF; KNN; VGG16; ResNet-50; DenseNet121; CNN,PlantVillage dan variasi dataset lainnya,-,"Masalah ketidakseimbangan (imbalance) data pada dataset umum, menyulitkan generalisasi model."
Maurya R.; Mahapatra S.; Rajput L.,"Maurya, Ritesh (33067986500); Mahapatra, Satyajit (57139765100); Rajput, Lucky (56487697900)",A Lightweight Meta-Ensemble Approach for Plant Disease Detection Suitable for IoT-Based Environments,"By providing food to billions of people, agriculture contributes significantly to the global economy. Plant ailments, however, can reduce crop yields and result in financial losses. An automated artificial intelligence (AI)-based method for the automatic identification of plant diseases using resource-constrained Internet of Things (IoT) devices has been presented to solve this issue. However, the deployment of state-of-the-art convolution neural networks (CNNs) and Vision Transformers (ViT) on IoT devices is not feasible due to their large number of trainable parameters. To overcome this limitation, a meta-ensemble of lightweight MLP-Mixer and faster Long Short-Term Memory (LSTM) models has been proposed for plant disease detection on low-powered micro-controllers (MCUs) of IoT devices. The MLP Mixer model is based on a simple multi-layer perceptron network. The proposed meta-ensemble consists of two levels: predictions made by the trained models at the first level are used to train the machine learning classifier at the next level, resulting in further improvement of categorisation accuracy. The proposed meta-ensemble has been tested on three diverse datasets of varying sizes and plant species, including Maize, Cotton, and a dataset derived from the Plant Village(PV) dataset. On the Maize, Cotton, and derived PV datasets, respectively, experimental results demonstrate that the suggested technique obtained classification performance of 94.27%, 98.43%, and 97.45%. Moreover, prediction time of the proposed meta-ensemble is low, and it has considerably fewer trainable parameters than CNN and other transformer-based architectures. Therefore, the proposed meta-ensemble is an efficient and effective solution for plant disease detection with limited resources. © 2013 IEEE.",50,2024,10.1109/ACCESS.2024.3367443,https://www.scopus.com/pages/publications/85186081771?origin=resultslist,Zaidan,Include,ViT,CNN; MLP-Mixer; LSTM,Maize; Cotton; dataset turunan PlantVillage (PV),-,"Model canggih memiliki parameter terlalu besar, sehingga sulit dipakai pada perangkat IoT minim daya."
Wang Y.; Yin Y.; Li Y.; Qu T.; Guo Z.; Peng M.; Jia S.; Wang Q.; Zhang W.; Li F.,"Wang, Yuzhi (60391022900); Yin, Yunzhen (58957381400); Li, Yaoyu (58316972600); Qu, Tengteng (58763022500); Guo, Zhaodong (58844736200); Peng, Mingkang (58672145600); Jia, Shujie (58958026300); Wang, Qiang (59094279400); Zhang, Wuping (14619990700); Li, Fuzhong (55494497700)",Classification of Plant Leaf Disease Recognition Based on Self-Supervised Learning,"Accurate identification of plant diseases is a critical task in agricultural production. The existing deep learning crop disease recognition methods require a large number of labeled images for training, limiting the implementation of large-scale detection. To overcome this limitation, this study explores the application of self-supervised learning (SSL) in plant disease recognition. We propose a new model that combines a masked autoencoder (MAE) and a convolutional block attention module (CBAM) to alleviate the harsh requirements of large amounts of labeled data. The performance of the model was validated on the CCMT dataset and our collected dataset. The results show that the improved model achieves an accuracy of 95.35% and 99.61%, recall of 96.2% and 98.51%, and F1 values of 95.52% and 98.62% on the CCMT dataset and our collected dataset, respectively. Compared with ResNet50, ViT, and MAE, the accuracies on the CCMT dataset improved by 1.2%, 0.7%, and 0.8%, respectively, and the accuracy of our collected dataset improved by 1.3%, 1.6%, and 0.6%, respectively. Through experiments on 21 leaf diseases (early blight, late blight, leaf blight, leaf spot, etc.) of five crops, namely, potato, maize, tomato, cashew, and cassava, our model achieved accurate and rapid detection of plant disease categories. This study provides a reference for research work and engineering applications in crop disease detection. © 2024 by the authors.",38,2024,10.3390/agronomy14030500,https://www.scopus.com/pages/publications/85188844519?origin=resultslist,Zaidan,Include,ViT,MAE; CBAM; ResNet-50,Dataset CCMT; dataset koleksi mandiri,-,"Model Deep Learning konvensional butuh banyak citra berlabel, membatasi implementasi skala besar."
Isinkaye F.O.; Olusanya M.O.; Akinyelu A.A.,"Isinkaye, Folasade Olubusola (55135963100); Olusanya, Michael Olusoji (55370091600); Akinyelu, Ayobami Andronicus (56132371000)",A multi-class hybrid variational autoencoder and vision transformer model for enhanced plant disease identification,"Agriculture is considered as the propeller of economic growth as it accounts for 6.4 % of global gross domestic product (GDP) and in low-income countries, it can account for more than 25 % of GDP. Plants supply more than 80 % of the food consumed by humans and are the main source of nutrition for animals. Plant diseases pose a major risk to global food security as they account for losses of between 10 to 30 % of the global harvest every year. Deep learning techniques like convolutional neural networks successfully identify image-based diseases but struggle with capturing long-range contextual information. This makes them less robust in noisy or high-resolution images. Their high computational and memory demands also limit scalability for large datasets. To overcome these issues, we propose a hybrid model with the potential to combine Variational Autoencoders and Vision Transformers for enhanced accuracy and robustness of plant disease classification. Variational Autoencoder reduces image dimensionality while preserving essential features, and Vision Transformer captures global relationships to enhance accuracy and scalability, especially in multi-class disease classification. The experiment used images of corn, potato, and tomato plant leaves from the publicly available PlantVillage dataset. On-the-fly data augmentation was applied to further increase the robustness of the model. The proposed model achieved a classification accuracy of 93.2 %. This technique provides a reliable and efficient solution for identifying multiple plant diseases across various crops. It enhances agricultural productivity and supports food security efforts. © 2025",37,2025,10.1016/j.iswa.2025.200490,https://www.scopus.com/pages/publications/85219499600?origin=resultslist,Zaidan,Include,ViT,VAE; CNN,Daun tomat; jagung; dan kentang (PlantVillage),-,"ViT mampu menangkap relasi global, namun tuntutan memorinya terlalu raksasa (disiasati dengan reduksi dimensi autoencoder)."
Zhao Y.; Li Y.; Wu N.; Xu X.,"Zhao, Yun (35308262200); Li, Yang (59069893400); Wu, Na (59789761000); Xu, Xing (56707732700)",Neural network based on convolution and self-attention fusion mechanism for plant leaves disease recognition,"In agriculture, early and timely detection and identification of plant disease categories can help growers take timely countermeasures. The use of deep learning techniques for plant disease category detection prevents further spread of the disease and helps to prevent crop production losses. In this paper, Based on the Next-Vit neural network model, we proposed a lightweight neural network CAST-Net based on the combination of convolution and self-attention, and we adopted self-distillation based on this model to achieve increased accuracy in classifying plant leaf diseases while reducing the number of model parameters and flops. Our model and method achieved 98.4% accuracy on the tomato subset of the data-enhanced PlantVillage dataset, a 4.9% improvement over the Next-Vit model, and 99.0% accuracy on the full PlantVillage set, a 6.9% improvement over the Next-Vit model. We also propose a new dynamic learning rate function that is applied to the training phase to prevent the loss from reaching the optimal value. The results show that our model and method have higher accuracy, fewer parameters, shorter training time and lower computational complexity than existing models. © 2024 Elsevier Ltd",19,2024,10.1016/j.cropro.2024.106637,https://www.scopus.com/pages/publications/85188546600?origin=resultslist,Zaidan,Include,Next-Vit,CNN; CAST-Net (Distilasi mandiri),Subset tomat PlantVillage; PlantVillage full,-,Perlunya model ringan yang mengurangi beban komputasi dan memangkas jumlah parameter sembari akurasi tinggi.
Tunio M.H.; Li J.P.; Zeng X.; Ahmed A.; Shah S.A.; Shaikh H.-U.; Mallah G.A.; Yahya I.A.,"Tunio, Muhammad Hanif (57216845687); Li, Jian ping (56003087700); Zeng, Xiaoyang (15924506500); Ahmed, Awais (57219685121); Shah, Syed Attique (57194554620); Shaikh, Hisam-Uddin (55425855400); Mallah, Ghulam Ali (57197612771); Yahya, Imam Abdullahi (59417157900)",Advancing plant disease classification: A robust and generalized approach with transformer-fused convolution and Wasserstein domain adaptation,"Plant diseases pose significant threats to agricultural productivity and food security. Owing to a scarcity of field environment datasets, the prevailing plant disease classification approaches, trained on laboratory-controlled datasets, often grapple with achieving optimal performance in real-world environments. We proposed a novel and robust framework for Unsupervised Domain Adaptation (UDA), employing an adversarial learning approach with a Wasserstein distance-informed algorithm to learn domain invariant feature representations capable of generalizing more diverse features. This approach incorporates insights from a labeled source domain and adopts an unlabeled target domain by minimizing the distribution discrepancies between domains. Recently, mobile vision transformer (MViT)-based methods have been applied to UDA due to their ability to capture long-distance feature dependencies. However, these methods overlook the fact that MViT lacks effectiveness in extracting local feature details. The proposed framework combines the advantages of convolutional neural networks (CNNs) and MViTs, integrating local features extracted by CNNs with global features captured by MViTs. This fusion of local and global representations enhances transferability and feature discriminability within the domains. Furthermore, we incorporate a feature-fusing method to align channel dimensions and enhance the local details of the global representation. Extensive experiments using three plant disease datasets demonstrate the effectiveness and efficiency of our approach, yielding significant improvements in classification performance with 13.67%, compared to state-of-the-art (SOTA) and baseline methods. Our framework offers a promising solution for robust and efficient plant disease classification, providing valuable insights for sustainable agriculture and crop management. © 2024 The Authors",18,2024,10.1016/j.compag.2024.109574,https://www.scopus.com/pages/publications/85209634567?origin=resultslist,Zaidan,Include,MViT,CNN; UDA; Algoritma Adversarial,Tiga jenis dataset tanaman,-,Kelangkaan dataset lapangan (real-world); MViT lemah dalam ekstraksi detail fitur lokal.
Majdalawieh M.; Martins C.; Radi M.; Alaraj M.; Khan S.,"Majdalawieh, Munir (34869927500); Martins, Carla (60216513800); Radi, Mohammed (59039614400); Alaraj, Maher (57188924575); Khan, Shafaq (59139564700)",Precision agriculture in the age of AI: A systematic review of machine learning methods for crop disease detection,"Artificial Intelligence (AI) has become a critical tool in modern precision agriculture, particularly in the detection of plant diseases and pests. This study provides a comprehensive review of current AI methodologies applied to crop disease detection, with a focus on machine learning models, dataset availability, and performance metrics. Our findings indicate that Convolutional Neural Networks (CNNs) are the most widely used and cost-effective approach, while Vision Transformers (ViTs) exhibit superior accuracy but require significantly higher computational resources. We identify key research gaps, including the geographic bias in dataset origins, the trade-off between data quality and quantity, and the limited exploration of hybrid AI models. Additionally, challenges related to the scalability and real-time applicability of AI solutions in resource-constrained agricultural environments highlight the need for more efficient computational techniques. Cost-effectiveness remains a concern, as high-performance models often demand expensive infrastructure and expertise, limiting their adoption by smallholder farmers. Furthermore, cybersecurity risks in digital agriculture and disparities in research focus across different crops and disease types underscore the necessity for broader investigations. Unlike prior reviews, this study uniquely integrates methodological performance, dataset characteristics, and cybersecurity perspectives, offering a holistic synthesis that highlights not only technical advances but also practical barriers to large-scale adoption. Future work should prioritize model robustness, efficiency, and accessibility. © 2025 The Author(s). Published by Elsevier B.V. This is an open access article under the CC BY license. http://creativecommons.org/licenses/by/4.0/",16,2025,10.1016/j.atech.2025.101491,https://www.scopus.com/pages/publications/105025351675?origin=resultslist,Zaidan,Exclude,ViT,CNN; ML,- (Ulasan Sistematis),-,"Adanya bias geografi dataset, isu risiko ancaman digital (cybersecurity), serta mahalnya modal infrastruktur."
Nishankar S.; Pavindran V.; Mithuran T.; Nimishan S.; Thuseethan S.; Sebastian Y.,"Nishankar, Sathiyamohan (59963731600); Pavindran, Velalagan (59963957500); Mithuran, Thurairatnam (59963957600); Nimishan, Sivaraj (57215350229); Thuseethan, Selvarajah (56609246300); Sebastian, Yakub (25923085000)",ViT-RoT: Vision Transformer-Based Robust Framework for Tomato Leaf Disease Recognition,"Vision transformers (ViTs) have recently gained traction in plant disease classification due to their strong performance in visual recognition tasks. However, their application to tomato leaf disease recognition remains challenged by two factors, namely the need for models that can generalise across diverse disease conditions and the absence of a unified framework for systematic comparison. Existing ViT-based approaches often yield inconsistent results across datasets and disease types, limiting their reliability and practical deployment. To address these limitations, this study proposes the ViT-Based Robust Framework (ViT-RoT), a novel benchmarking framework designed to systematically evaluate the performance of various ViT architectures in tomato leaf disease classification. The framework facilitates the systematic classification of state-of-the-art ViT variants into high-, moderate-, and low-performing groups for tomato leaf disease recognition. A thorough empirical analysis is conducted using one publicly available benchmark dataset, assessed through standard evaluation metrics. Results demonstrate that the ConvNeXt-Small and Swin-Small models consistently achieve superior accuracy and robustness across all datasets. Beyond identifying the most effective ViT variant, the study highlights critical considerations for designing ViT-based models that are not only accurate but also efficient and adaptable to real-world agricultural applications. This study contributes a structured foundation for future research and development in vision-based plant disease diagnosis. © 2025 by the authors.",15,2025,10.3390/agriengineering7060185,https://www.scopus.com/pages/publications/105009160397?origin=resultslist,Zaidan,Include,ViT; ConvNeXt-Small; Swin-Small,- (Terutama ViT),Dataset patokan publik yang diakui,-,Belum ada panduan uji (framework) standar dan konsisten untuk membandingkan bermacam-macam model dari keluarga ViT.
Kapetas D.; Kalogeropoulou E.; Christakakis P.; Klaridopoulos C.; Pechlivani E.M.,"Kapetas, Dimitrios (58987462200); Kalogeropoulou, Eleni (6507674846); Christakakis, Panagiotis (59163179200); Klaridopoulos, Christos (58019796800); Pechlivani, Eleftheria Maria (54411121100)",Multi-spectral image transformer descriptor classification combined with molecular tools for early detection of tomato grey mould,"Accurate early detection of plant diseases is a critical milestone in the development of self-navigating robots for precision agriculture and still remains one of the most significant challenges. Plant pathogens, like Botrytis cinerea causing grey mould disease, pose significant threats to agriculture and food safety. This study focuses on the early detection of B. cinerea in tomato crops using Artificial Intelligence. Specifically, the Deep Learning (DL) YOLOv8 architecture was employed to apply single class segmentation on plant captures to extract the tomato leaves locational information. Each plant capture includes five images from hyperspectral wavelengths (at 460, 540, 640, 775 and 875 nm) and one RGB images. The leaf segmentation achieved 81.7 % Mean Average Precision (mAP) at Intersection over Union (IoU) threshold 0.5 (mAP50). Then the for each leaf segment, and array of descriptors is extracted through various Transformer models. Finally, the descriptors are classified through a KNN or an LSTM solution and the results of all the descriptors for each leaf from each of the Transformer models, for each of the six images of the capture, are ensembled to yield the class of each leaf. The best ensemble results were produced by only accumulating results from some of the Transformer and specifically the MaxViT-L, the ViT-B (P:16 × 16 – C), the VOLO (D:5) and the XCIT-L (L:24 – P:16 × 16), by only using the results provided by the images at the hyperspectral wavelengths at 540, 640 nm and the RGB image, and by applying the LSTM solution. The process achieved a 79.41 % classification accuracy and 71.12 % F1-Score for all classes. Additionally, early, rapid and accurate detection of grey mould at the early stages of the infection or at latent infections when symptoms are not visible was assessed by comparative qPCR-based methods (qRT-PCR) for fungal biomass estimation in plant tissues and the rest of this study's methodology. The findings of this study represent a significant advancement in crop disease detection and management, and highlight the potential for integrating these methods into on-site digital systems (robots, mobile apps, etc.) under real-world settings. The results, demonstrate the effectiveness of combining segmentation and transformer-based classification models for early and accurate detection of grey mould disease. © 2024 The Authors",11,2024,10.1016/j.atech.2024.100580,https://www.scopus.com/pages/publications/85205228019?origin=resultslist,Zaidan,Include,MaxViT-L; ViT-B; VOLO; XCIT-L,YOLOv8; KNN; LSTM,Dataset tangkapan hiperspektral & RGB,-,Deteksi grey mould pada fase dini atau infeksi laten ketika gejala masih belum terlihat secara visual.
Mohnish Kumaar D.; Palani S.,"Mohnish Kumaar, D. (59218126300); Palani, Saravanan (55506363700)",ResNet50 Integrated Vision Transformer for Enhanced Plant Disease Classification,"This study introduces an innovative hybrid model that integrates the powerful feature extraction capabilities of ResNet 50 with the advanced pattern recognition and contextual understanding afforded by the Vision Transformer (ViT) for the classification of plant diseases. By embedding a class token into the input feature sequence and leveraging a novel multi-head attention mechanism, this model captures both local and global image features, leading to a significant enhancement in diagnostic accuracy and efficiency. Our approach involves a meticulous configuration process that adjusts hyperparameters such as the number of transformer encoder layers and attention heads to optimize performance. Rigorous testing on a meticulously curated and pre-augmented dataset underscores the model's superiority over existing methodologies, demonstrating its readiness for real-world agricultural applications. The findings from this research not only mark a substantial advancement in plant disease diagnostics but also set a new benchmark for the application of hybrid deep learning models in precision agriculture, paving the way for sustainable farming practices in the face of escalating global food demands. © 2024 IEEE.",11,2024,10.1109/AIIoT58432.2024.10574771,https://www.scopus.com/pages/publications/85198564233?origin=resultslist,Zaidan,Include,ViT,ResNet-50,Dataset hasil kurasi dan augmentasi,-,Pentingnya memadukan pengenalan pola fitur lokal dan pemahaman kontekstual global (hybrid model).
Hamdi E.B.; Hidayaturrahman,"Hamdi, Emmanuel Brandon (58658401300); Hidayaturrahman (57226269422)","Ensemble of pre-trained vision transformer models in plant disease classification, an efficient approach","Plant disease is one prevalent factor that has a significant impact worldwide on food security and production, with plants contributing over 80% of food that is consumed by human, due to the importance of plants for worldwide food security and a projected food demand rise of 59-102% by 2050, a method for early detection of plant disease can be a significant solution in the prevention of food shortage around the world, in the present day advancement in technology has made possible for Artificial Intelligence techniques such as Convolutional Neural Network (CNN) and Vision Transformer (ViT) to automatically detect and classify plant disease with success, this research compared 20 efficient and speed-focused Pretrained ViT model in plant disease classification with the top 7 performing models ensembled together, the results show that ensemble of ViT model beats all other models with a 7 model ensemble using average voting method resulted in an accuracy of Accuracy of 0.9816, Precision of 0.9737, Recall of 0.9723, and F1 score of 0.9723, although it's recommended to use lower model ensemble such as the 3 model ensemble with max voting that has an Accuracy of 0.9804, Precision of 0.9708, Recall of 0.9703, and F1 score of 0.9705 due to negligible difference between model ensemble and lower cost of the ensemble. © 2024 The Authors.",10,2024,10.1016/j.procs.2024.10.283,https://www.scopus.com/pages/publications/85213021936?origin=resultslist,Zaidan,Include,ViT,CNN,-,-,Mencegah masalah defisit ketahanan pangan lewat pendeteksian penyakit otomatis berefisiensi tinggi.
Chen J.; Wang S.; Guo J.; Chen F.; Li Y.; Qiu H.,"Chen, Jiyang (59263041800); Wang, Shuai (57207088322); Guo, Jianwen (55616173700); Chen, Fengyi (58781856200); Li, Yuchen (57916817100); Qiu, Honghua (58723886700)",Improved FasterViT model for citrus disease diagnosis,"Despite advances in deep learning for plant leaf disease recognition, accurately distinguishing morphological features under varying environmental conditions continues to pose significant challenges. Traditional deep learning models often fail to effectively merge local and global information, especially in small-scale datasets, impairing performance and elevating training costs. Focusing on citrus diseases, we propose an improved FasterViT Model, an advanced hybrid CNN-ViT framework that builds upon the FasterViT model. The proposed model seamlessly integrates CNN's rapid local learning capabilities with ViT's global information processing strength, thereby effectively extracting complex textures and morphological features from images. Cross-stage alternating Mixup and Cutout methods are strategically employed to enhance model robustness and generalization capabilities, particularly valuable for fast learning on small-scale datasets by simulating a more diverse training environment. Triplet Attention and AdaptiveAvgPool mechanisms are utilized to reduce training costs and optimize training performance. The proposed model is tested on both our specially constructed small-scale citrus disease dataset called in-field small dataset and the comprehensive PlantVillage dataset. The experimental results demonstrated that the model exhibits the capability of fast learning and adaptation to small sample training in plant disease detection tasks, and demonstrates the effectiveness of our improvement approach in improving model accuracy and reducing training costs. Additionally, its exemplary performance in transfer learning scenarios underscores its adaptability and broad applicability. This study not only highlights the efficacy of the improved FasterViT model in addressing the complexities of plant disease image recognition but also pioneers a new paradigm for developing efficient, scalable, and robust classification systems. © 2024 The Authors",9,2024,10.1016/j.heliyon.2024.e36092,https://www.scopus.com/pages/publications/85201371391?origin=resultslist,Zaidan,Include,FasterViT; ViT,CNN; Triplet Attention; Mixup/Cutout,Dataset jeruk ukuran kecil; PlantVillage,-,Model tradisional mahal dilatih dan gagal gabung info lokal/global; butuh robust model untuk dataset skala kecil.
Sebastian A.; Fathima A.A.; MadhanKumar S.; Kannan G.Y.; Murali V.,"Sebastian, Abhishek (58079593100); Fathima, A. Annis (58302899400); MadhanKumar, S. (59397420500); Kannan, G. Yaswanth (59396642200); Murali, Vinay (58925274900)",ViTaL: An Advanced Framework for Automated Plant Disease Identification in Leaf Images Using Vision Transformers and Linear Projection for Feature Reduction,"Our paper presents a robust framework for automated plant disease identification in leaf images, incorporating key stages for enhanced accuracy. The pre-processing phase employs thumbnail resizing and normalization for computational efficiency without losing critical details. Feature extraction utilizes Vision Transformers, with variations exploring linear projections. Various Convolutional Neural Network (CNN) architectures assess the impact of linear projection on performance metrics. The top-performing model achieves a Hamming loss of 0.054. A novel hardware design using a Raspberry Pi Compute Module addresses low-memory configurations, ensuring practicality and affordability. This research contributes valuable insights and tools for early plant disease detection, potentially improving crop yields and food security. © The Author(s), under exclusive license to Springer Nature Singapore Pte Ltd. 2024.",8,2024,10.1007/978-981-97-6588-1_3,https://www.scopus.com/pages/publications/85208277704?origin=resultslist,Zaidan,Include,ViT,CNN,-,-,Adanya limitasi pada arsitektur ber-memori rendah (seperti Raspberry Pi); butuh alat terjangkau.
Hashemifar S.; Zakeri-Nasrabadi M.,"Hashemifar, Soroush (58095601300); Zakeri-Nasrabadi, Morteza (57219747851)",Deep Identification of Plant Diseases,"Plant diseases pose significant challenges to global crop production, impacting the economy. Innovative agricultural solutions that integrate the Internet of Things and machine learning have emerged to address this issue for early discovery of plant pathogens. While convolutional neural networks (CNNs) have been widely used for plant disease detection, recent advancements in deep learning have introduced vision transformers (ViTs) as highly effective models for classification tasks in various vision-based applications. Researchers have started exploring the potential of ViTs for plant pathology applications. This paper proposes a hybrid model combining the strengths of Pyramid ViT (PVT) and the powerful feature extraction capability of VGG-16 for disease identification. The model demonstrates its efficiency in identifying numerous plant diseases across different crops. By comparing eight modern techniques on PlantVillage dataset, the proposed model outperforms all others, achieving an impressive accuracy of 98.51% and a precision of 97%. © 2024 IEEE.",8,2024,10.1109/AISP61396.2024.10475267,https://www.scopus.com/pages/publications/85190377391?origin=resultslist,Zaidan,Include,ViT; Pyramid-ViT,CNN; VGG-16,PlantVillage,-,Masalah produktivitas tanaman global menuntut pemecahan berbasis IoT digabung dengan ML.
Sandhya Devi R.S.; Vijay Kumar V.R.; Sivakumar P.,"Sandhya Devi, R.S. (56736887600); Vijay Kumar, V.R. (16319533900); Sivakumar, P. (57191604313)",InViTMixup: plant disease classification using convolutional vision transformer with Mixup augmentation,"Computer vision-based research is carried out to enhance the crop yield with automation solutions. In Tamil Nādu, tomato cultivation is carried out in many districts, including Coimbatore, and its contribution to the Indian economy, i.e. GDP growth, is significant. This paper proposes InViT Mixup, a novel approach toward image classification of diseased tomato leaves. The effectiveness of convolutional neural network (CNN) in obtaining spatial information and the attention mechanism of vision transformers, along with Mixup data augmentation, are combined, and the model’s generalization in predicting the diseased tomato based on leaf symptoms is evaluated. The proposed convolutional transformer model improvised the classification results of tomato disease in terms of accuracy and training speed compared to pure CNN or transformer-based models. In the proposed work, 10 tomato leaf disease classes from the PlantVillage dataset are used. Top-1 accuracy of 93.5% and Top-5 accuracy of 99.7% are achieved. © 2024 The Chinese Institute of Engineers.",5,2024,10.1080/02533839.2024.2346490,https://www.scopus.com/pages/publications/85192694702?origin=resultslist,Zaidan,Include,CvT,CNN,PlantVillage (10 kelas daun tomat),India (Tamil Nadu),Kebutuhan untuk meningkatkan kemampuan generalisasi model dalam mengenali daun tomat berpenyakit.
Gole P.; Bedi P.; Marwaha S.,"Gole, Pushkar (57217176544); Bedi, Punam (23983967400); Marwaha, Sudeep (23985883700)",Automatic Diagnosis of Plant Diseases via Triple Attention Embedded Vision Transformer Model,"Plant disease infestation causes severe crop damage and adversely affects crop yield. This damage can be reduced if diseases are identified in the early stages. Initially, farmers and agricultural scientists used to diagnose plant diseases with their naked eyes. With the dawn of different advanced computer vision techniques, various researchers have utilized these techniques for automatic disease detection in plants using their leaf images. In this research work, a novel triple attention embedded vision transformer is proposed for automatically diagnosing diseases in plants. In the proposed model, channel and spatial attention are embedded in addition to the multi-headed attention of the original vision transformer model. The reason for embedding the channel attention and spatial attention in vision transformer is that the existing multi-headed attention of vision transformer only considers the global relationship between the features and ignores the spatial and channel relationship. Moreover, in order to increase the confidence of farmers and agricultural scientists in predictions of the proposed model, human-understandable visual explanations are also provided with the predictions. These explanations are generated using the local interpretable model-agnostic explanations (LIME) framework. The experimentation of this research work is carried out on one publicly available dataset (PlantVillage dataset) and one real-in-field dataset (Maize dataset) having complex background images. For each dataset, it is experimentally found that the proposed model outperformed other research works found in the literature. Moreover, the visual explanations for the predictions of the proposed model highlight the infected area of leaves for diseased class predictions. © The Author(s), under exclusive license to Springer Nature Singapore Pte Ltd 2024.",4,2024,10.1007/978-981-99-4071-4_67,https://www.scopus.com/pages/publications/85177031809?origin=resultslist,Zaidan,Include,TAViT,LIME (Explainability),PlantVillage; dataset jagung real lapangan,-,ViT tradisional mengabaikan hubungan saluran (channel) dan spasial gambar; petani butuh visual explanation.
Indumathi P.; Kumuthaveni R.,"Indumathi, Pandurangan (59235891300); Kumuthaveni, Rathinasamy (57200796185)",Coati Optimized Transfer Leaning with Vision Transformer Model for Improving Deep Learner based Plant Diseases Detection,"Plants provides a substantial contribution to the world’s food supply. Plant diseases significantly damages the agriculture crops, reducing production and lowering crop grade and availability. Rapid and precise identification of leaf diseases is critical for long-term agricultural output increase. For this reason, Transfer Learning (TL)-based Model with Vision Transformer (TLMViT) was developed for plant diseases detection. This model utilizes the pre-trained models and ViT for feature extraction followed by Multi-Layer Perceptron (MLP) for classification. But, the weights of pre-trained CNN model layers were not properly fine-tuned leading to high computational complexity and lower accuracy. To solve this, an Extended Stochastic Coati Optimized Transfer Leaning with Vision Transformer (ESCOTLViT) model is developed to fine-tune the weights of pre-trained CNN models for efficient plant disease detection. In this method, Extended Stochastic Coati Optimizer (ESCO) is adopted to identify the ideal weight of layers of the pre-trained models and parameters like number of neurons, hidden units, epochs, learning rate, weight decay, batch size, dropout rate, number of partitions, number of clusters per batch, momentum, optimizer and loss function. ESCO differs from Coati Optimization Algorithm (COA) by dividing the population into two fixed groups and employing three sequential phases in each iteration. In ESCO, an initial population of each coati represents the weight layers of pre-trained CNN models. The computation of each coati’s subsequent locations represents the search space for the best weights layers to identify the optimal values for pre-trained models. The evaluation of these individuals are done using a fitness function. Individuals with better fitness values are more likely to be selected for directing others with ideal positions i.e., layers in CNN variations for weight optimization. According to this ESCO, the weight layers of pre-trained CNN models in TLMViT are optimized for plant diseases detection. Finally, the test findings revealed that the ESCOTLViT model achieves 94.22%, 94.81% and 94.42% of accuracy on PlantVillage, PlantDoc and DiaMOS Dataset respectively compared to the existing models like Convolutional Neural Network-Vision Transformer (CNN-ViT), Optimum Mobile Network-based CNN (OMNCNN), Convolutional Block Attention Module (CBAM), DeepplantNet, Attention Mechanism with MobileNet V2 (AM-MNV2), Improved Quantum Whale Optimization with Principle Component Analysis and Deep Neural Network (IQWO-PCA-DNN) and TLMViT. © (2024), (Intelligent Network and Systems Society). All rights reserved.",4,2024,10.22266/IJIES2024.0831.21,https://www.scopus.com/pages/publications/85199692847?origin=resultslist,Zaidan,Include,ViT,CNN; MLP; ESCO; CBAM; DeepplantNet,PlantVillage; PlantDoc; DiaMOS,-,Bobot CNN yang dilatih sebelumnya tidak dioptimasi baik sehingga menimbulkan beban komputasi tinggi.
Nyarko B.N.E.; Wu W.B.; Zhou Z.J.; Mohd M.M.J.,"Nyarko, Benedicta Nana Esi (58094080300); Wu, Wu Bin (59350293600); Zhou, Zhou Jinzhi (59350293700); Mohd, Mwanaharusi Mohd Juma (59349950700)","Improved YOLOv5m model based on Swin Transformer, K-means++, and Efficient Intersection over Union (EIoU) loss function for cocoa tree (Theobroma cacao) disease detection","The cocoa tree is prone to diverse diseases such as stem borer, stem canker, swollen shot, and root rot disease which impedes high yield. Early disease detection is a critical component of diverse management processes that are implemented throughout the life cycle of cocoa plants. Consequently, several studies on the application of detection techniques to recognize diseases have been proposed by several researchers. This study proposes the YOLOv5m network for cocoa tree disease detection. The development of cocoa disease detection systems will aid farmers in early identification prompt response, and efficient management of related cocoa tree diseases which will ultimately increase yield and sustainability. To improve the performance of the YOLOv5m network, a Swin Transformer (Swin-T) was added to the backbone network to improve cocoa tree disease detection accuracy. By obtaining global information, the K-means++ algorithm was added to modify the choice of initial clustering locations, and Efficient Intersection over Union Loss (EIoU) was used as a bounding box regression loss function to speed up the bounding box regression rate, resulting in higher precision of the YOLOv5m network. The experimental assessment outcome of this study showed that the proposed method YOLOv5m (Swin-T, K-means++, EIoU) achieved 96% precision, mAP of 92%, and recall of 94%. Compared to the original YOLOv5m, precision improved by 5%, mAP improved by 6%, and recall by 5%. Comparing the proposed method to the conventional YOLOv5m, the latter showed improved performance and better accuracy with a high detection speed and compactness. This improvement offers a useful and effective method for detecting diseases related to cocoa trees. © 2024 Polska Akademia Nauk. All rights reserved.",4,2024,10.24425/jppr.2024.151253,https://www.scopus.com/pages/publications/85205391375?origin=resultslist,Zaidan,Include,Swin-T,YOLOv5m; K-means++,Dataset daun kakao,-,Pentingnya identifikasi penyakit batang dan busuk akar kakao secara dini untuk memperbesar hasil.
Husna R.A.; Banowosari L.Y.; Kusuma T.M.; Handhika T.,"Husna, Reza Al (59791964000); Banowosari, Lintang Yuniar (55815632700); Kusuma, Tubagus Maulana (8596884700); Handhika, Tri (57195201212)",Vision Transformer Algorithm for Plant Disease Detection: A Systematic Literature Review,"Advances in deep learning have significantly impacted various sectors, including agriculture, by improving efficiency and sustainability. Computer vision-based plant disease detection that utilizes deep learning models such as Convolutional Neural Networks (CNNs) and Vision Transformers (ViTs) has replaced manual methods that require specialized skills. Vision Transformers (ViTs) with self-attention mechanisms excel at recognizing complex patterns in images of diseased plants, enabling early detection and more effective management. This study conducted a systematic literature review to evaluate the use of feature fusion-based transformer algorithms in plant disease detection and to identify current research trends, challenges, and future opportunities. The results show that ViTs can improve accuracy and efficiency in plant disease diagnosis, particularly under diverse environmental conditions. However, the adoption of this technology faces obstacles such as the need for large annotated datasets, significant computational costs, and variability in field conditions that can affect model performance. This research highlights the need for further innovation to address these challenges and expand the accessibility and reliability of deep learning-based plant disease detection for the global agricultural sector. © 2024 IEEE.",4,2024,10.1109/ICIC64337.2024.10956258,https://www.scopus.com/pages/publications/105004578471?origin=resultslist,Zaidan,Exclude,ViT,CNN,- (Review),-,"Keperluan dataset beranotasi besar, ongkos komputasional, serta variabilitas kondisi cuaca di lapangan nyata."
Feng W.; Sun G.; Zhang X.,"Feng, Wenfeng (8400028100); Sun, Guoying (58422049300); Zhang, Xin (57212046231)",Plant Disease Identification Based on Encoder–Decoder Model,"Plant disease identification is a crucial issue in agriculture, and with the advancement of deep learning techniques, early and accurate identification of plant diseases has become increasingly critical. In recent years, the rise of vision transformers has attracted significant attention from researchers in various vision-based application areas. We designed a model with an encoder–decoder architecture to efficiently classify plant diseases using a transfer learning approach, which effectively recognizes a large number of plant diseases in multiple crops. The model was tested on the “PlantVillage”, “FGVC8”, and “EMBRAPA” datasets, which contain leaf information from crops such as apples, soybeans, tomatoes, and potatoes. These datasets cover diseases caused by fungi, including rust, spot, and scab, as well as viral diseases such as leaf curl. The model’s performance was rigorously evaluated on datasets, and the results demonstrated its high accuracy. The model achieved 99.9% accuracy on the “PlantVillage” dataset, 97.4% on the “EMBRAPA” dataset, and 91.5% on the “FGVC8” dataset, showcasing its competitiveness with other state-of-the-art models. This study provides a robust and reliable solution for plant disease classification and contributes to the advancement of precision agriculture. © 2024 by the authors.",3,2024,10.3390/agronomy14102208,https://www.scopus.com/pages/publications/85207342934?origin=resultslist,Zaidan,Include,ViT,Encoder–Decoder; Transfer Learning,PlantVillage; FGVC8; EMBRAPA,-,Butuh solusi model transfer learning yang kokoh untuk membedakan banyak penyakit dalam banyak jenis panen.
Singh A.K.; Chattopadhyay P.; Singh L.,"Singh, Aadarsh Kumar (59163991600); Chattopadhyay, Pratik (55623444600); Singh, Lokesh (59163077300)",A New Federated Learning Framework for Plant Leaf Disease Diagnosis,"Several Deep Learning-based approaches have recently been proposed for plant leaf disease detection. Traditional learning-based models necessitate centralizing large image datasets, requiring huge volumes of storage space. It appears that a better predictive model can be developed if the available data at multiple data sites can be effectively utilized using a collaborative learning strategy. Federated Learning (FL) offers a decentralized alternative, enabling collaborative model training by allowing multiple participants to update a global model using their local data without sharing high volumes of raw image datasets. Our work presents an FL framework to train a Vision Transformer-based model with an improved Federated Averaging (FedLossAvg) algorithm. Experimental results demonstrate our model's capability to handle large, varied datasets. Using four clients, our global model achieved an F1-score of 95.62% and an accuracy of 99.89% on the PlantVillage data. © 2024 IEEE.",3,2024,10.1109/CCIS63231.2024.10932109,https://www.scopus.com/pages/publications/105002272987?origin=resultslist,Zaidan,Include,ViT,FL; DL,PlantVillage,-,Dataset gambar besar memakan banyak storage jika dipusatkan (tersentralisasi); butuh desentralisasi / Federated Learning.
Nimmagadda S.V.; Sonti S.; Jammula T.M.; Dhuli V.S.; Kona C.N.S.M.; Dodda V.C.,"Nimmagadda, Sai Varun (58886774800); Sonti, Sasank (59185714800); Jammula, Tej Mahanth (58886517000); Dhuli, V. Sateeshkrishna (56180356300); Kona, Chandra Naga Sai Manikanta (58931072500); Dodda, Vineela Chandra (57255256000)",Deep Learning Based Techniques for Corn Plant Disease Detection Using UAV Imagery,"Plant diseases have become a global concern as they pose a significant threat to food security. These diseases have the potential to cause damage to crops, reduce yields, and compromise food quality. Moreover, the rapid spread of fungi, bacteria, and viruses can lead to widespread crop failures, creating food shortages, price increases, and ultimately, the risk of hunger. However, identifying plant diseases at the early stages remains challenging and time-consuming. Traditional methods of disease identification are often time-consuming and require manual inspection, which slows down timely actions and interventions. In recent years, deep learning-based techniques have shown promising outcomes in the realm of plant disease detection. In this paper, we develop three deep-learning models for the identification of healthy and unhealthy corn plant leaves. The models include a fully convolutional auto-encoder model, and a vision transformer, along with a baseline CNN (Convolutional Neural Network) model. We acquired the data set of corn plant images from UAV drones which were used to train and validate the proposed models. The results indicate that the proposed fully convolutional auto-encoder model achieved an accuracy of 95.09% outperforming both the Vision Transformer and CNN models. By leveraging deep learning-based techniques, such as the fully convolutional auto-encoder model, the agricultural industry can benefit from improved disease detection and prevention. Early and accurate identification of plant diseases allows for timely interventions, such as crop protection measures, which can ultimately safeguard food security. ©2024 IEEE.",3,2024,10.1109/ICCCNT61001.2024.10725650,https://www.scopus.com/pages/publications/85212852252?origin=resultslist,Zaidan,Include,ViT,Fully convolutional auto-encoder; CNN,Gambar UAV tanaman jagung,-,Pengenalan manual sangat lambat; dibutuhkan implementasi deep-learning untuk intervensi langsung via drone.
Karmakar S.; Mondal M.; Mondal A.; Chowdhury A.; Choudhury S.; Paul P.; Chakraborty A.; Biswas A.,"Karmakar, Samit (57198297122); Mondal, Mrinmoy (58911554600); Mondal, Abhigyan (59791995000); Chowdhury, Arpan (59786090500); Choudhury, Soumyodip (59787279600); Paul, Pratyay (59024805700); Chakraborty, Arindam (56727448300); Biswas, Aparna (57221228109)",Automated Crop Disease Detection Using Deep Learning: A Scalable Smart Farming Framework,"The maintenance of agricultural productivity depends on early detection of crop diseases, and traditional methods rely on plant pathology expertise, which can be resource-intensive. To address this, we propose an automated system using high-resolution images captured by drones and advanced deep learning architectures. The system uses a three-step classification approach: crop classification, disease detection, and disease classification. The drone technology allows for large-scale crop monitoring, and the architecture incorporates Vision Transformers for global feature extraction and EfficientNet-B0 for localized disease identification, ensuring robust performance. The addition of an 'unknown' category improves generalization to unseen crops and diseases. This framework offers scalable, efficient disease detection, with significant potential for smart farming applications, especially in Solanaceae crops, and can be expanded to other agricultural settings. © 2025 IEEE.",3,2025,10.1109/IEMENTech65115.2025.10959490,https://www.scopus.com/pages/publications/105004577294?origin=resultslist,Zaidan,Include,ViT,DL; EfficientNet-B0,Citra resolusi tinggi ditangkap dengan drone,-,"Eksekusi manual intensif secara sumber daya; butuh klasifikasi untuk kelas penyakit ""tidak diketahui (unknown)""."
Muchakhandi S.; Niranjan P.; Parameshachari B.D.,"Muchakhandi, Savita (59385250800); Niranjan, Prabha (57193487833); Parameshachari, B.D. (55342182200)",Dilated Symmetric Skip Connection - Convolutional Neural Network with Parametric Exponential Linear Unit for Plant Disease Detection,"Plant disease leads to minimize the crop yield and degrades the quality, so it is essential to detect the plant disease for effective agriculture. The limitations of Deep Learning (DL) algorithms in plant disease detection are difficulty to capturing spatial data and gradient vanishing issue which minimizes the method's performance. In this research, proposed the Dilated Symmetric Skip Connection - Convolutional Neural Network with Parametric Exponential Linear Unit (DSSC-CNN with PELU) method for detecting the plant disease. The proposed method has two phases such as the dilated convolution is used to capture the much spatial data and symmetric skip connection is used to facilitate the much gradient flow for efficient learning. Then, the PELU activation function is used to tackle the vanishing gradient issue in the training process of DSSC-CNN method. The metrics considered for evaluating the DSSC-CNN with PELU method are accuracy, precision, recall, f1-score and specificity. The DSSC-CNN with PELU method obtained 9 9. 9 7 % accuracy on Plant Village dataset and 9 8. 7 4 % accuracy on PlantDoc dataset which is efficient than Inception Convolutional Vision Transformer (ICVT). © 2024 IEEE.",2,2024,10.1109/NMITCON62075.2024.10699146,https://www.scopus.com/pages/publications/85207385766?origin=resultslist,Zaidan,Include,ICVT,DSSC-CNN dengan PELU,PlantVillage; PlantDoc,-,Kesulitan dalam menangkap data spasial dan adanya masalah gradient vanishing yang menurunkan performa.
Saleh H.; Alsamhi S.H.; Mccann M.; O'brolchain N.; Breslin J.G.,"Saleh, Hager (57218799328); Alsamhi, Saeed Hamood (56159911000); Mccann, Michael (57198244758); O'brolchain, Niall (57194851467); Breslin, John G. (7004753954)",AI Meets Climate: Advanced Transformer Multimodal Model for Early and Accurate Plant Disease Detection,"The world's food security and biodiversity are seriously threatened by the rising frequency and severity of plant diseases, which are made worse by climate change. Plant diseases must be accurately and promptly detected to reduce these hazards, especially when environmental changes are likely to occur. This paper presents a unique method to enhance plant disease classification across 22 classes by integrating structured climatic data with image data. This paper provides a multimodal fusion model with improved prediction accuracy by fusing Swin Transformer models that support image data with an RNN model that promotes climatic data. Our proposed hybrid model integrates environmental parameters into the disease prediction framework, addressing the issues posed by climate change on the evolution of plant diseases. In addition, we propose a stacking transformer model that combines the advantages of the ViT and Swin Transformer as base models with a Random Forest (RF) as a meta-learner to enhance the classification of plant diseases using image data. The findings show that the multimodal and stacking transformer model works better than conventional models, attaining higher recall, accuracy, precision, and F1-score. We emphasize how crucial it is to use multimodal data integration and sophisticated hybrid models to create a reliable plant disease detection system.s that can adjust to the effects of climate change © 2024 IEEE.",2,2024,10.1109/ICCED64257.2024.10983899,https://www.scopus.com/pages/publications/105007425636?origin=resultslist,Zaidan,Include,Swin-T; ViT,RNN; RF,Gambar dipadu data struktur iklim,-,Perubahan iklim berdampak besar pada evolusi penyakit; butuh integrasi parameter iklim dan foto (multimodal).
Al-Obeidat N.; Li Z.,"Al-Obeidat, Naser (59898718800); Li, Zimo (59898718900)",A Multimodal UAV-Based Pipeline for Precision Agriculture: Aerial Stress Detection with YOLO and High-Fidelity Disease Classification Using DeiT,"Precision agriculture requires scalable, accurate monitoring solutions to bridge the gap from macro-level field awareness down to leaf-level diagnostics. This paper presents a novel multimodal pipeline that integrates Unmanned Aerial Vehicle (UAV) imagery with advanced deep-learning models, achieving broad-spectrum stress detection and fine-grained disease classification. A CNN initially established a foundational accuracy but struggled to capture the subtle signatures of different diseases. Switching to Vision Transformers (ViTs) improved performance, yet computational overhead and data requirements posed challenges. Later, we moved to DeiT with extensive hyperparameter tuning and data augmentations that gave an astonishing 99.45% accuracy on the multi-class plant disease dataset. To complement the close-up acumen of DeiT, we used YOLO from an aerial view to rapidly identify stressed versus healthy crop regions from real-time UAV footage. This two-tiered approach, wherein YOLO is used for aerial scanning and DeiT for leaf-level diagnoses, offers an unprecedented level of precision with scalability. Finally, complex output is translated by an LLM into farmer-friendly advisories to ensure immediate actionable insights. Our integrated framework sets a new benchmark in UAV-driven precision agriculture by balancing model sophistication, computational feasibility, and end-user interpretability. © 2025 Elsevier B.V.. All rights reserved.",2,2025,10.1016/j.procs.2025.03.118,https://www.scopus.com/pages/publications/105005204959?origin=resultslist,Zaidan,Include,ViT; DeiT,YOLO; CNN; LLM,Dataset tanaman multiclass; video UAV,-,Memenuhi kesenjangan pengawasan udara (UAV) pada lapangan makro untuk memindai stres di level mikroskopis (daun).
Enireddy V.; Anitha J.; Mahendra N.; Kishore G.,"Enireddy, Vamsidhar (36988294900); Anitha, J. (56830341100); Mahendra, N. (58097353200); Kishore, G. (59103148300)",A Hybrid Residual Wide-Kernel Auto-Encoder With Vision Transformer for Plant Disease Detection,"Plant disease diagnosis is an important aspect of managing and producing crops. Recent developments in deep-learning models provide robust performance in detecting plant disease with improved accuracy. Several methods have been devised to detect plant disease, but inaccurate disease detection and computational complexity still limit the performance. Hence, this work proposes a hybrid residual wide-kernel auto-encoder with a vision transformer (HRWKAE-VT) for Plant disease detection. The images are collected from the plant disease dataset, and pre-processing is employed based on resizing and augmentation. Then, the dimension of the leaf images is decreased by using the proposed residual wide-kernel convolutional auto-encoder. Subsequently, the healthy and unhealthy leaves are categorised by the proposed Vision transformer-based deep-learning (VT-DL) model. The VT-DL model contains an alternating multiple-head self-attention layer and a multiple-layer perceptron (MLP) block for extracting local and global features. The performance of the proposed work is evaluated over the existing models in terms of accuracy, precision, recall, f-measure and prediction loss. The proposed model achieves 99.89% accuracy and a specificity of 98.72% on the plant disease dataset. It is observed that the performance of the proposed model improved over the conventional approaches with reduced loss of prediction. © 2025 Wiley-VCH GmbH. Published by John Wiley & Sons Ltd.",1,2025,10.1111/jph.70077,https://www.scopus.com/pages/publications/105005746785?origin=resultslist,Zaidan,Include,ViT,Residual wide-kernel auto-encoder; MLP,Plant disease dataset (tanpa nama spesifik),-,Limitasi pada tingginya kompleksitas komputasi serta klasifikasi inakurat pada masa pra-pemrosesan.
Upadhyay B.; Ganatra A.,"Upadhyay, Binal (60075771900); Ganatra, Amit (35100186600)",Auto-Encoded Attention Artificial Protozoa Convolutional Neural Networks with Few-Shot Learning for Plant Disease Detection,"Early and precise identification of plant diseases is essential for enhancing agricultural yields and reducing plant loss. Classical diagnosis techniques are usually time-consuming, expensive, and ineffective. This research presents a new technique, the Auto-encoded Attention Artificial Protozoa Convolutional neural network with Few-Shot Learning (3APC-FSL), intended to improve plant disease detection at low training data levels and high precision. The 3APC-FSL model integrates ResNet50 as the backbone for feature extraction and combines it with a ProtoNet Vision Transformer to facilitate robust feature abstraction through attention-based embedding. An Artificial Protozoa Optimizer (APO) is employed to optimize cross-entropy loss, improve training stability, and reduce computational demand, enabling faster and more efficient processing. The interpretability analysis of the 3APC-FSL is analyzed via Gradient-weighted Class Activation Mapping (Grad-CAM) visualizations. The proposed system demonstrates superior performance across multiple datasets, achieving 99.1% accuracy on the Plant Village dataset, 98.9% on New Plant Diseases, and 98.4% on the Plant Doc dataset. These results significantly outperform conventional methods in terms of both accuracy and efficiency. 3APC-FSL model proves effective across various datasets, achieving 99.1% accuracy on the Plant Village dataset, 98.9% on the New Plant Diseases dataset, and 98.4% on the Plant Doc dataset. These outcomes significantly surpass traditional methods in both accuracy and efficiency. © The Author(s), under exclusive licence to Springer Science+Business Media, LLC, part of Springer Nature 2025.",1,2025,10.1007/s12559-025-10514-1,https://www.scopus.com/pages/publications/105020673975?origin=resultslist,Zaidan,Include,ProtoNet ViT,ResNet-50; 3APC-FSL; APO; Grad-CAM,PlantVillage; New Plant Diseases; PlantDoc,-,Deteksi saat jumlah data latih sangat sedikit (Few-Shot Learning) dengan tetap menekan ongkos komputasi.
Nurullah M.; Hodhod R.; Carroll H.; Zhou Y.,"Nurullah, Md. (57219988053); Hodhod, Rania (35261953400); Carroll, Hyrum (18036849900); Zhou, Yi (57191258697)",Advancing Multi-Label Tomato Leaf Disease Identification Using Vision Transformer and EfficientNet with Explainable AI Techniques,"Plant diseases pose a significant threat to global food security, affecting crop yield, quality, and overall agricultural productivity. Traditionally, diagnosing plant diseases has relied on time-consuming visual inspections by experts, which can often lead to errors. Machine learning (ML) and artificial intelligence (AI), particularly Vision Transformers (ViTs), and Convolutional Neural Networks, offer a faster, automated alternative for identifying plant diseases through leaf image analysis. However, these models are often criticized for their “black box” nature, limiting trust in their predictions due to a lack of transparency. Our findings show that incorporating Explainable AI (XAI) techniques, such as Grad-CAM, Integrated Gradients, and LIME, significantly improves model interpretability, making it easier for practitioners to identify the underlying symptoms of plant diseases. This study not only contributes to the field of plant disease detection but also offers a novel perspective on improving AI transparency in real-world agricultural applications through the use of XAI techniques. With training accuracies of 100.00% for ViT, 96.88% for EfficientNetB7, 93.75% for EfficientNetB0, and 87.50% for ResNet50, and corresponding validation accuracies of 96.39% for ViT, 86.98% for EfficientNetB7, and 82.00% for EfficientNetB0, our proposed models outperform earlier research on the same dataset. This demonstrates a notable improvement in model performance while maintaining transparency and trustworthiness through interpretable and reliable decision-making. © 2025 by the authors.",1,2025,10.3390/electronics14234762,https://www.scopus.com/pages/publications/105024547406?origin=resultslist,Zaidan,Include,ViT,EfficientNet (B0; B7); ResNet-50; CNN; LIME; Grad-CAM,Daun Tomat,-,Model dikritik karena “black-box”; perlu integrasi Explainable AI (XAI) untuk meningkatkan keterpercayaan.
Singh R.; Singh J.; Bawa S.S.; Singh J.,"Singh, Rupinder (59948788800); Singh, Jaspreet (57780930100); Bawa, Simerjeet Singh (58622984600); Singh, Jarnail (60508677100)",NH-ViT: A Next-Generation Hybrid Vision Transformer for State-of-the-Art Maize Leaf Disease Classification,"Maize (corn) is a staple food in the world and its production is constantly under attack by folk diseases. These diseases must be detected correctly and early so that crops can be managed properly. Although deep learning has made a breakthrough in automated disease detection, it is being actively sought that it should achieve an increased accuracy and robustness. In this paper, a new deep learning architecture Next-Generation Hybrid Vision Transformer (NH-ViT) is presented that should become a new standard in the classification of maize leaf diseases. We also use the same publicly accessible data sources as the recent state of the art studies, assembling a complete dataset of Kaggle and Mendeley repositories that covers four classes, Healthy, Common Rust, Gray Leaf Spot, and Blight. NH-ViT architecture is the only architecture that can fuse an EfficientNetV2 backbone with a high level of efficiency in extracting local features with a lightweight Transformer encoder to capture global and long-range relationships between features. To validate the proposed approach, we implement an extensive experimental analysis, a critical ablation analysis of isolating the impact of each architectural component, a generalization analysis on an external dataset to determine its robustness in the real world, an analysis on computational efficiency, and a qualitative study applying model interpretability methods. The experimental results demonstrated that the NH-ViT model achieved an accuracy of 99.65% and an F1-score of 0.996 on our primary test set. This performance surpasses the previous state-of-the-art accuracy of 99.15% reported by Shandilya et al. on the same data sources. Furthermore, proposed model demonstrates strong generalization, outperforming the benchmark on a secondary dataset, and exhibits a favorable trade-off between accuracy and computational cost. These findings, supported by ablation analysis and interpretability visualizations, establish NH-ViT as a new, robust, and validated leading solution for automated plant disease detection. © 2025 IEEE.",1,2025,10.1109/ICTBIG68706.2025.11323742,https://www.scopus.com/pages/publications/105032845754?origin=resultslist,Zaidan,Include,NH-ViT,EfficientNetV2,Repositori dataset Mendeley & Kaggle,-,Menuntut akurasi optimal dengan trade-off yang menguntungkan antara efisiensi komputasi dan ketahanan (robustness).
Munjal D.; Pandey M.; Singh L.,"Munjal, Deepkiran (57216434275); Pandey, Mrinal (56126895100); Singh, Laxman (21735211600)",HyFPlantNet: hybrid feature-based plant disease classification network,"Plant disease affects agricultural productivity, food security, and, in turn, economic stability; thus, early-stage, accurate detection of plant diseases is necessary. This research proposes Hybrid Feature-based Plant Disease Classification Network (HyFPlantNet), a hybrid feature based deep learning framework that integrates both spatial and spectral descriptors for robust plant disease classification through visualization. The feature extraction modules include Scale Invariant Feature Transform (SiFT) for keypoints detection, Wavelet based SFTA (WSFTA) for fractal texture analysis, Gray Level Co occurrence Matrix (GLcM) for statistical texture characterization, and HSV color space analysis for color based discrimination. The resultant feature vectors are concatenated and filtered using Principal Component Analysis (PCA), and finally fed into a fully connected neural network for classification. HyFPlantNet was evaluated on three benchmark datasets - PlantVillage, AI Challenger 2018 Crop Disease Detection, and Plant Pathology 2021 (cf. FGVC8) where it achieved accuracies of 96.41%, 96.41%, and 96.41%, respectively, which accounts for 0.1663% improvements from Vision Transformer on PlantVillage, 0.0952% improvements from Xception on AI Challenger, and 0.9741% from ResNet 50 on Plant Pathology 2021, serving as state of the art. © The Author(s), under exclusive licence to Springer Nature Switzerland AG 2025.",1,2025,10.1007/s42044-025-00338-5,https://www.scopus.com/pages/publications/105017910390?origin=resultslist,Zaidan,Include,ViT,Jaringan Saraf Tiruan; ResNet-50; Xception; PCA; SiFT,PlantVillage; AI Challenger; Plant Pathology 2021,-,Membutuhkan integrasi hibrida berbasis fitur spasial dan tekstur fraktal/spektral secara berbarengan.
Gheorghiu A.; Tăiatu I.-M.; Cercel D.-C.; Marin I.; Pop F.,"Gheorghiu, Adrian (58827085200); Tăiatu, Iulian-Marius (58476340200); Cercel, Dumitru-Clementin (55681787600); Marin, Iuliana (56572307200); Pop, Florin (22836395600)",Evaluating Data Augmentation Techniques for Coffee Leaf Disease Classification,"The detection and classification of diseases in Robusta coffee leaves are essential to ensure that plants are healthy and the crop yield is kept high. However, this job requires extensive botanical knowledge and much wasted time. Therefore, this task and others similar to it have been extensively researched subjects in image classification. Regarding leaf disease classification, most approaches have used the more popular PlantVillage dataset while completely disregarding other datasets, like the Robusta Coffee Leaf (RoCoLe) dataset. As the RoCoLe dataset is imbalanced and does not have many samples, fine-tuning of pre-trained models and multiple augmentation techniques need to be used. The current paper uses the RoCoLe dataset and approaches based on deep learning for classifying coffee leaf diseases from images, incorporating the pix2pix model for segmentation and cyclegenerative adversarial network (CycleGAN) for augmentation. Our study demonstrates the effectiveness of Transformer-based models, online augmentations, and CycleGAN augmentation in improving leaf disease classification. While synthetic data has limitations, it complements real data, enhancing model performance. These findings contribute to developing robust techniques for plant disease detection and classification. © 2024 by SCITEPRESS – Science and Technology Publications, Lda.",0,2024,10.5220/0012466300003636,https://www.scopus.com/pages/publications/85190690383?origin=resultslist,Zaidan,Exclude,"Tidak spesifik (hanya menyebut ""Transformer-based models"")",pix2pix; CycleGAN,RoCoLe; PlantVillage,-,"Dataset tidak seimbang dan memiliki jumlah sampel sedikit, sehingga butuh augmentasi/sintetis."
Kaleeswari G.; Sundarrajan R.,"Kaleeswari, G. (59546800800); Sundarrajan, R. (6507001906)",A Comprehensive Survey on Phytopathogen Surveillance with Modern Artificial Intelligence Practices,"The most important aspect of modern agriculture is the detection of plant diseases with the goal of improving crop quality and output. This survey paper investigates modern approaches of deep learning algorithms, Explainable AI and Federated Learning to plant disease diagnosis. The background and broadening of plant disease detection are briefly reviewed at the outset of the study, with a focus on the importance of precise and effective identification techniques. The multivariate normal DL neural network (MNDLNN) classifier and Customized CNN are the most robust feature extraction and classification techniques among the examined technologies. Using Higher-Order Whitened Singular Value Decomposition (HOWSVD), complex data is processed in a way that highlights distinct patterns and features for easy data classification and also increases accuracy. The E-GreenNet generates disease classification features based on a MobileNetV3. The ResNet9 and Improved Vision Transformer models perform better when processing complicated visual data. Spectral Generative Adversarial Neural Network (DSGAN2) and Lite Multikernel Depthwise Convolutions architecture are suitable for real-time applications because they provide promising results with less computational overhead. These findings' implications point to a possible move toward disease detection systems that are easier to use and more effective, which would improve crop management and food security. The development of more affordable solutions for small scale farmers, the integration of Embedded systems for real-time monitoring, and the improvement of these models for increased precision are some future directions. This survey highlights the transformative potential of combining deep learning with other techniques like Federated Learning in advancing agricultural practices. © 2024 IEEE.",0,2024,10.1109/ICICNIS64247.2024.10823299,https://www.scopus.com/pages/publications/85217158618?origin=resultslist,Zaidan,Exclude,Improved ViT,MNDLNN; Customized CNN; MobileNetV3; ResNet-9; DSGAN2,- (Survei),-,"Kebutuhan integrasi sistem embedded yang murah, deteksi real-time, dan mudah digunakan petani."
Lakshman M.; Kumar T.B.,"Lakshman, Manikala (59670118300); Kumar, T. Bharath (57222536219)",Advances in Machine Learning and Deep Learning for Plant Disease Detection: A Comprehensive Review,"Diseases affecting plants pose a substantial risk to agricultural output, notably in regions like India where farming underpins both internal food supplies and overseas commerce. Conventional strategies for spotting plant diseases depend on expert visual assessments, which are demanding in terms of time and resources, rendering them unsuitable for vast agricultural areas. Machine learning and deep learning emerge as promising tools to address these issues by automating identification processes. This comprehensive review aims to analyze and synthesize recent advances in machine learning and deep learning methodologies for automated plant disease detection, with particular focus on convolutional neural networks (CNNs) and vision transformers (ViTs). The study examines various architectures, datasets, preprocessing techniques, and their comparative performance across different agricultural contexts. Our analysis reveals that while traditional machine learning methods achieve 90-97% accuracy in controlled environments, deep learning approaches, particularly hybrid CNN-ViT architectures, demonstrate superior performance with accuracies reaching 95-99.7% even in variable field conditions. This review identifies critical gaps in current research including computational constraints, limited dataset diversity, and field adaptability challenges, while proposing future directions toward lightweight models, multimodal data integration, and edge computing solutions for sustainable precision agriculture. © 2025 IEEE.",0,2025,10.1109/ICEAMST67459.2025.11336085,https://www.scopus.com/pages/publications/105033551658?origin=resultslist,Zaidan,Exclude,ViT,ML; CNN,- (Review),India,"Limitasi komputasional, dataset yang sempit, keterbatasan adaptasi lingkungan nyata, dan integrasi data multimodal."
Pavan Kalyan G.; Chinna B.; Senthil S.; Chundi R.,"Pavan Kalyan, G. (60546857500); Chinna, Bhukya (60546536300); Senthil, S. (57192388274); Chundi, Ramesh (57221564290)",Sorghum Leaf Disease Detection Using Vision Transformer,"Sorghum is a key cereal crop cultivated extensively in semi-arid regions, where food security is greatly impacted by it. However, foliar diseases frequently impair its yield and quality, necessitating prompt discovery for efficient control. This study introduces a deep learning-based framework leveraging the Vision Transformer (ViT) architecture to classify various sorghum leaf diseases directly from raw images. In contrast to conventional convolutional neural networks (CNNs), ViT employs self-attention mechanisms to model long-range dependencies within image patches, enabling more robust feature learning. A publicly available sorghum leaf disease dataset was curated, preprocessed, and augmented to improve model generalization. Using the ViT-B/16 variant, The suggested model outperformed many CNN baselines with a classification accuracy of 95.4%. Performance was evaluated across all illness categories using evaluation criteria like precision, recall, and F1-score. The results demonstrate transformer-based models' promise as a scalable and practical remedy for automated plant disease identification, supporting real-time monitoring in precision agriculture. © 2025 IEEE.",0,2025,10.1109/C2I666499.2025.11366941,https://www.scopus.com/pages/publications/105034361091?origin=resultslist,Zaidan,Include,ViT-B/16,CNN,Dataset publik penyakit daun Sorghum,-,Penyakit daun merusak kualitas gabah Sorghum; CNN klasik sulit mengatasi model dependensi jarak jauh.
Bandara L.M.; Seneviratne O.; Kalupahana D.; Silva B.N.; Wijenayake U.; Wijesinghe R.E.,"Bandara, Lakshan Madhushanka (60525153900); Seneviratne, Ovini (60241862800); Kalupahana, Deshan (59302759700); Silva, Bhagya Nathali (57192304387); Wijenayake, Udaya (55547801900); Wijesinghe, Ruchire Eranga (56018152300)",Comparative Analysis of Transformer and CNN Architectures for OCT-Based Detection of Circular Leaf Spot Disease in Diospyros kaki,"Circular Leaf Spot (CLS) disease caused by Mycosphaerella nawae poses a significant threat to the cultivation of Diospyros kaki (persimmon). Early and accurate identification is essential to reduce yield loss, yet conventional diagnostic methods are often invasive, subjective, or time-consuming. Optical Coherence Tomography (OCT) offers a non-destructive imaging technique capable of revealing detailed leaf structures, allowing the use of deep learning models for automated disease classification. This study investigates the performance of transformer-based architectures, including ViT, Swin, CoaT, ConViT, LeViT, and MobileViT, for the classification of CLS disease OCT images. The same dataset as in previous CNN-based research was used, applying identical preprocessing techniques for fair comparison. Research was conducted using a 5-fold cross-validation, and transformer models were compared with traditional CNNs from the previous research, such as DenseNet121, VGG16, and Xception. The results show that Transformer architectures, particularly the hybrid CoaT model, achieve superior overall accuracy (87.6%) and micro-averaged AUC (0.974), surpassing the best CNN-based models. The findings highlight the strong potential of transformer architectures in the diagnosis of plant diseases using OCT, especially for early-stage detection. This research underscores the suitability of advanced vision models for high-resolution non-destructive classification tasks in agriculture. © 2026 IEEE.",0,2025,10.1109/ICIIS69028.2026.11450710,https://www.scopus.com/pages/publications/105036728135?origin=resultslist,Zaidan,Include,ViT; Swin; CoaT; ConViT; LeViT; MobileViT,CNN (DenseNet121; VGG16; Xception),Citra tomografi (OCT) daun Diospyros kaki,-,"Metode diagnosa masih invasif, subjektif dan mahal, menuntut solusi pencitraan non-destruktif beresolusi tinggi."
Saleh H.; Mccann M.; Creaven R.; Breslin J.G.; El-Sappagh S.,"Saleh, Hager (57218799328); Mccann, Michael (57198244758); Creaven, Ross (60466122500); Breslin, John G. (7004753954); El-Sappagh, Shaker (60431764900)",Hybrid CNN-Swin Framework for Detection and Classification of Potato Leaf Diseases,"Timely and accurate identification of plant diseases is essential for sustainable agricultural practices and food security. This study presents a deep learning-based diagnostic framework capable of classifying seven potato leaf conditions: healthy, early blight, late blight, brown spot, target spot, bacterial wilt, and leaf curl. Despite significant progress in plant disease detection using convolutional neural networks (CNNs), existing approaches often struggle with inter-class similarity and lack generalization across variable imaging conditions. To address these limitations, we propose a hybrid model that integrates a CNN architecture (i.e., EfficientNetB0) with the Swin Transformer, leveraging their complementary feature representations. Experimental results demonstrate that the proposed hybrid model outperforms individual baselines, achieving an accuracy of 91.734%, precision of 92.204%, recall of 91.734%, and F1-score of 91.71% across all seven classes. These findings highlight the model's robustness and its potential to support scalable, real-time disease monitoring in precision agriculture. © 2025 IEEE.",0,2025,10.1109/ISSC67739.2025.11291558,https://www.scopus.com/pages/publications/105032433969?origin=resultslist,Zaidan,Include,Swin-T,CNN (EfficientNetB0),7 Kelas daun kentang,-,Kemiripan antar penyakit (inter-class similarity) menyulitkan generalisasi CNN dalam memonitor lapangan beraneka kondisi.
Nisha J.C.; Victoria K.R.R.; Rose G.L.; Navaneethan S.; Maheswari S.; Ashini K.,"Nisha, J.C. (60145425900); Victoria, K.R. Ram (60592299100); Rose, G Linda (60060130500); Navaneethan, S. (57918759100); Maheswari, S. (57213127027); Ashini, K. (60592885000)",Multi-Spectral Vision Transformers for Early Crop Disease Detection Under Natural Field Variability,"The given paper describes an integrated approach to the early detection of crop diseases in real-time through a new Multi-Spectral Vision Transformer (MSViT). The method proposed incorporates spatial, spectral and contextual information by simultaneously processing the RGB as well as the near-infrared (NIR) channels with a dual-stream transformer encoder, which trains on cross-spectral attention. Extrinsic spectral enhancement block is added to enhance the faint physical stress signals that are not easily seen in normal imagery. In order to combat field-level ailments like illumination shifts, soil background noise, leaf occlusion, and phenological variation, add an adaptive domain-aware normalization layer which dynamically adjusts the scaling of features depending on environmental metadata. This model is trained in a self-supervised spectral consistency objective to minimize the use of large annotated datasets. The experimental findings of multi-spectral field datasets show that MSViT has a higher accuracy of 96.4% in the early stage of detecting diseases and is stable under real-world scenarios. The approach provides a scalable approach that can be used in precision agriculture and automated crop health-sensing. © 2025 IEEE.",0,2025,10.1109/ICECIT67774.2025.11450975,https://www.scopus.com/pages/publications/105036378616?origin=resultslist,Zaidan,Include,MSViT,Dual-stream transformer encoder,Gambar Multi-Spectral Field (RGB & NIR),-,"Hambatan pencahayaan lapangan, gangguan latar-tanah (noise), serta kondisi fenologis lingkungan alam sekitar."
Chettri K.; Sen B.; Yumlembam R.A.; Ghosal P.,"Chettri, Kishor (59870045300); Sen, Biswaraj (57193872725); Yumlembam, Rupert Anand (57200919011); Ghosal, Palash (57195280784)",ResNet-Swin Transformer Fusion with Shifted Window Attention for Multi-Class Plant Disease Classification with Weighted Sampling,"Plant diseases pose a critical challenge to global agriculture, contributing to significant crop losses and threatening food security. Conventional disease identification methods such as manual inspections and laboratory tests are often inefficient and labor intensive, prone to misdiagnosis due to the visual similarity of symptoms between different diseases. This paper introduces a hybrid deep learning model that combines the ResNet-50 and Swin Transformer architectures to improve plant disease classification by capturing localized and global contextual features. Comprehensive augmentation approaches: rotation, flipping, color jittering, resized cropping, Gaussian blur ensure robust learning across diverse datasets. Our study includes several datasets, proving the robustness of the model across largescale datasets such as PlantVillage (99.87 %), real-time dataset such as PlantDoc (81.00 %), and as well as its flexibility in smaller, domain-specific datasets such as the Rice Leaf dataset (92.00 %) accuracy on the test set. A weighted cross-entropy loss along with a WeightedRandomSampler is used to reduce class imbalance, an Adam optimizer is used with a ReduceLROnPlateau scheduler to modify the learning rate dynamically, and early stopping is used to prevent overfitting. These components collectively enable the model to achieve state-of-the-art accuracy for multi-class plant disease classification on the PlantVillage dataset while maintaining competitive performance across other benchmark datasets, underscoring its potential as a scalable solution for precision agriculture and disease diagnostics. © 2025 IEEE.",0,2025,10.1109/GIEST66547.2025.11387659,https://www.scopus.com/pages/publications/105035321066?origin=resultslist,Zaidan,Include,Swin-T,ResNet-50,PlantVillage; PlantDoc; Daun Padi,-,Gejala penyakit yang terlihat serupa menimbulkan misdiagnosis; model sering timpang bila mendapati class imbalance.
Mailapur C.; Sadanala S.K.; Sudarshi M.; Sayolla S.C.; Vikruthi S.,"Mailapur, Chetana (59999300000); Sadanala, Surya Kumari (59999194400); Sudarshi, Mamatha (59999300100); Sayolla, Sai Chaithanya (59999142700); Vikruthi, SriHarsha (57216763981)",Enhanced Vision Transformer with Adaptive Segmentation for Precise Plant Diseases Detection,"Early and accurate detection of plant diseases is of prime importance for agriculture and food production. Conventional methods in detecting plant diseases usually cannot guarantee speed and often tend to be inaccurate. In addition, recent AI models that have advanced the situation are still uncertain of where precisely to target the ailing parts of the plant, reducing their precision. Plant diseases threaten agricultural productivity, requiring early and accurate detection for effective management. Existing methods often lack precision in classification, localization, and segmentation. This project improves upon them using deep learning models - CNN for classification, Faster R-CNN for object detection, and U-Net for segmentation - on the PlantVillage dataset, which includes leaves, stems, and roots. this approach improves accuracy, disease localization, and segmentation compared to traditional methods. The results demonstrate the effectiveness of deep learning in automated plant disease diagnosis, contributing to smart agriculture and precision agriculture. © 2025 IEEE.",0,2025,10.1109/ICAISS61471.2025.11042075,https://www.scopus.com/pages/publications/105010766893?origin=resultslist,Zaidan,Include,Enhanced ViT,CNN; Faster R-CNN; U-Net,PlantVillage (Daun; Batang; Akar),-,AI belum mampu menargetkan lokalisasi area rentan yang persis di titik penyakit berada (kurang tepat sasaran segmentasinya).
Latif S.; Mastoi Q.-U.-A.; Almujally N.A.; Alnazzawi N.; Hanif M.; Latif S.,"Latif, Sara (57212765468); Mastoi, Qurat-Ul-Ain (57200855422); Almujally, Nouf Abdullah (57193325656); Alnazzawi, Noha (57190124338); Hanif, Muhammad (57210377659); Latif, Shahid (57216963065)",Optimizing agricultural health using a compact convolutional transformer model for plant disease detection,"Introduction: Plant diseases present a significant global challenge to agricultural productivity and food security, necessitating efficient and accurate detection methods. Traditional convolutional neural networks (CNNs) often struggle to capture long-range dependencies and global contextual information, while vision transformers (ViTs) require substantial computational resources, limiting their practicality in resource-constrained environments. Methods: This article introduces a compact convolutional transformer (CCT) model that effectively combines the local feature extraction capabilities of CNNs with the global contextual understanding of transformers. The proposed architecture employs a convolutional tokenization stage to generate semantically rich patches, followed by a lightweight transformer encoder that models complex spatial relationships essential for fine-grained disease recognition. Results: Extensive experiments on a new plant disease dataset demonstrate the superior performance of the proposed framework, achieving an overall accuracy of 93.55%. The model also exhibits remarkable efficiency, with a compact size of 16.66 MB and an inference time of 0.7 ms per image, making it suitable for edge deployment. Conclusion: Experimental outcomes significantly outperform existing state-of-the-art methods, highlighting the potential of the proposed CCT-based framework for real-world, scalable plant disease diagnosis in diverse agricultural settings. © 2025 CABI International. All rights reserved.",0,2025,10.1079/ab.2025.0083,https://www.scopus.com/pages/publications/105024220329?origin=resultslist,Zaidan,Include,CCT,CNN,Dataset penyakit tanaman baru,-,Membutuhkan kapabilitas jaringan Edge (minim komputasi) namun memegang pemahaman utuh yang dimiliki Transformer.